<?xml version='1.0' encoding='UTF-8'?>
<gpx version="1.1" creator="https://www.komoot.de" xmlns="http://www.topografix.com/GPX/1/1" xmlns:xsi="http://www.w3.org/2001/XMLSchema-instance" xsi:schemaLocation="http://www.topografix.com/GPX/1/1 http://www.topografix.com/GPX/1/1/gpx.xsd">
  <metadata>
    <name>Ilsetal - HWN 6, 7, 8, 16, 30</name>
    <author>
      <link href="https://www.komoot.de">
        <text>komoot</text>
        <type>text/html</type>
      </link>
    </author>
  </metadata>
  <trk>
    <name>Ilsetal - HWN 6, 7, 8, 16, 30</name>
    <type>hike</type>
    <trkseg>
      <trkpt lat="51.853971" lon="10.670567">
        <ele>285.571397</ele>
        <time>2026-09-26T08:26:11.445Z</time>
      </trkpt>
      <trkpt lat="51.854054" lon="10.670661">
        <ele>285.571397</ele>
        <time>2026-09-26T08:26:41.999Z</time>
      </trkpt>
      <trkpt lat="51.854132" lon="10.670763">
        <ele>285.571397</ele>
        <time>2026-09-26T08:26:53.999Z</time>
      </trkpt>
      <trkpt lat="51.854209" lon="10.670845">
        <ele>285.571397</ele>
        <time>2026-09-26T08:27:00.999Z</time>
      </trkpt>
      <trkpt lat="51.854273" lon="10.670947">
        <ele>285.571397</ele>
        <time>2026-09-26T08:27:08.999Z</time>
      </trkpt>
      <trkpt lat="51.854352" lon="10.671050">
        <ele>285.571397</ele>
        <time>2026-09-26T08:27:16.999Z</time>
      </trkpt>
      <trkpt lat="51.854424" lon="10.671152">
        <ele>285.571397</ele>
        <time>2026-09-26T08:27:25.999Z</time>
      </trkpt>
      <trkpt lat="51.854496" lon="10.671255">
        <ele>285.571397</ele>
        <time>2026-09-26T08:27:34.999Z</time>
      </trkpt>
      <trkpt lat="51.854578" lon="10.671334">
        <ele>285.571397</ele>
        <time>2026-09-26T08:27:42.999Z</time>
      </trkpt>
      <trkpt lat="51.854641" lon="10.671451">
        <ele>285.571397</ele>
        <time>2026-09-26T08:27:51.999Z</time>
      </trkpt>
      <trkpt lat="51.854726" lon="10.671541">
        <ele>285.344893</ele>
        <time>2026-09-26T08:27:59.999Z</time>
      </trkpt>
      <trkpt lat="51.854797" lon="10.671633">
        <ele>285.051666</ele>
        <time>2026-09-26T08:28:07.999Z</time>
      </trkpt>
      <trkpt lat="51.854873" lon="10.671735">
        <ele>284.733361</ele>
        <time>2026-09-26T08:28:15.999Z</time>
      </trkpt>
      <trkpt lat="51.854952" lon="10.671841">
        <ele>284.402524</ele>
        <time>2026-09-26T08:28:23.999Z</time>
      </trkpt>
      <trkpt lat="51.855018" lon="10.671945">
        <ele>284.105559</ele>
        <time>2026-09-26T08:28:31.999Z</time>
      </trkpt>
      <trkpt lat="51.855093" lon="10.672025">
        <ele>283.815961</ele>
        <time>2026-09-26T08:28:38.999Z</time>
      </trkpt>
      <trkpt lat="51.855165" lon="10.672131">
        <ele>283.502173</ele>
        <time>2026-09-26T08:28:45.999Z</time>
      </trkpt>
      <trkpt lat="51.855241" lon="10.672234">
        <ele>283.182595</ele>
        <time>2026-09-26T08:28:53.999Z</time>
      </trkpt>
      <trkpt lat="51.855312" lon="10.672335">
        <ele>282.877848</ele>
        <time>2026-09-26T08:29:01.999Z</time>
      </trkpt>
      <trkpt lat="51.855389" lon="10.672436">
        <ele>282.558312</ele>
        <time>2026-09-26T08:29:10.999Z</time>
      </trkpt>
      <trkpt lat="51.855462" lon="10.672528">
        <ele>282.260025</ele>
        <time>2026-09-26T08:29:17.999Z</time>
      </trkpt>
      <trkpt lat="51.855536" lon="10.672615">
        <ele>281.965146</ele>
        <time>2026-09-26T08:29:24.999Z</time>
      </trkpt>
      <trkpt lat="51.855614" lon="10.672716">
        <ele>281.643100</ele>
        <time>2026-09-26T08:29:32.999Z</time>
      </trkpt>
      <trkpt lat="51.855690" lon="10.672817">
        <ele>281.326064</ele>
        <time>2026-09-26T08:29:40.999Z</time>
      </trkpt>
      <trkpt lat="51.855730" lon="10.672953">
        <ele>281.026074</ele>
        <time>2026-09-26T08:29:49.999Z</time>
      </trkpt>
      <trkpt lat="51.855649" lon="10.673070">
        <ele>280.676063</ele>
        <time>2026-09-26T08:29:59.999Z</time>
      </trkpt>
      <trkpt lat="51.855637" lon="10.673220">
        <ele>280.374837</ele>
        <time>2026-09-26T08:30:06.999Z</time>
      </trkpt>
      <trkpt lat="51.855594" lon="10.673349">
        <ele>280.082902</ele>
        <time>2026-09-26T08:30:14.999Z</time>
      </trkpt>
      <trkpt lat="51.855504" lon="10.673360">
        <ele>279.791879</ele>
        <time>2026-09-26T08:30:18.999Z</time>
      </trkpt>
      <trkpt lat="51.855414" lon="10.673411">
        <ele>280.021163</ele>
        <time>2026-09-26T08:30:26.999Z</time>
      </trkpt>
      <trkpt lat="51.855323" lon="10.673449">
        <ele>280.284037</ele>
        <time>2026-09-26T08:30:34.999Z</time>
      </trkpt>
      <trkpt lat="51.855229" lon="10.673474">
        <ele>280.550497</ele>
        <time>2026-09-26T08:30:42.999Z</time>
      </trkpt>
      <trkpt lat="51.855133" lon="10.673478">
        <ele>280.819116</ele>
        <time>2026-09-26T08:30:50.999Z</time>
      </trkpt>
      <trkpt lat="51.855042" lon="10.673469">
        <ele>281.074134</ele>
        <time>2026-09-26T08:30:58.999Z</time>
      </trkpt>
      <trkpt lat="51.854948" lon="10.673443">
        <ele>281.340879</ele>
        <time>2026-09-26T08:31:12.999Z</time>
      </trkpt>
      <trkpt lat="51.854846" lon="10.673434">
        <ele>281.626616</ele>
        <time>2026-09-26T08:31:20.999Z</time>
      </trkpt>
      <trkpt lat="51.854751" lon="10.673446">
        <ele>281.893156</ele>
        <time>2026-09-26T08:31:27.999Z</time>
      </trkpt>
      <trkpt lat="51.854657" lon="10.673483">
        <ele>282.163751</ele>
        <time>2026-09-26T08:31:36.999Z</time>
      </trkpt>
      <trkpt lat="51.854586" lon="10.673587">
        <ele>282.431571</ele>
        <time>2026-09-26T08:31:45.999Z</time>
      </trkpt>
      <trkpt lat="51.854529" lon="10.673718">
        <ele>282.708422</ele>
        <time>2026-09-26T08:31:52.999Z</time>
      </trkpt>
      <trkpt lat="51.854434" lon="10.673759">
        <ele>282.983434</ele>
        <time>2026-09-26T08:32:00.999Z</time>
      </trkpt>
      <trkpt lat="51.854337" lon="10.673766">
        <ele>283.255031</ele>
        <time>2026-09-26T08:32:08.999Z</time>
      </trkpt>
      <trkpt lat="51.854249" lon="10.673720">
        <ele>283.513696</ele>
        <time>2026-09-26T08:32:16.999Z</time>
      </trkpt>
      <trkpt lat="51.854190" lon="10.673599">
        <ele>283.780041</ele>
        <time>2026-09-26T08:32:24.999Z</time>
      </trkpt>
      <trkpt lat="51.854122" lon="10.673485">
        <ele>284.053853</ele>
        <time>2026-09-26T08:32:32.999Z</time>
      </trkpt>
      <trkpt lat="51.854055" lon="10.673380">
        <ele>284.314685</ele>
        <time>2026-09-26T08:32:40.999Z</time>
      </trkpt>
      <trkpt lat="51.853970" lon="10.673311">
        <ele>284.580659</ele>
        <time>2026-09-26T08:32:50.999Z</time>
      </trkpt>
      <trkpt lat="51.853880" lon="10.673350">
        <ele>284.836318</ele>
        <time>2026-09-26T08:32:55.999Z</time>
      </trkpt>
      <trkpt lat="51.853784" lon="10.673315">
        <ele>285.075988</ele>
        <time>2026-09-26T08:33:04.999Z</time>
      </trkpt>
      <trkpt lat="51.853740" lon="10.673181">
        <ele>285.304291</ele>
        <time>2026-09-26T08:33:14.999Z</time>
      </trkpt>
      <trkpt lat="51.853673" lon="10.673083">
        <ele>285.524210</ele>
        <time>2026-09-26T08:33:21.999Z</time>
      </trkpt>
      <trkpt lat="51.853655" lon="10.672935">
        <ele>285.751135</ele>
        <time>2026-09-26T08:33:28.999Z</time>
      </trkpt>
      <trkpt lat="51.853622" lon="10.672797">
        <ele>285.973756</ele>
        <time>2026-09-26T08:33:35.999Z</time>
      </trkpt>
      <trkpt lat="51.853570" lon="10.672579">
        <ele>286.325318</ele>
        <time>2026-09-26T08:34:43.000Z</time>
      </trkpt>
      <trkpt lat="51.853540" lon="10.672442">
        <ele>286.543989</ele>
        <time>2026-09-26T08:34:50.999Z</time>
      </trkpt>
      <trkpt lat="51.853448" lon="10.672417">
        <ele>286.771196</ele>
        <time>2026-09-26T08:34:59.000Z</time>
      </trkpt>
      <trkpt lat="51.853355" lon="10.672379">
        <ele>287.004807</ele>
        <time>2026-09-26T08:35:07.000Z</time>
      </trkpt>
      <trkpt lat="51.853264" lon="10.672345">
        <ele>287.232271</ele>
        <time>2026-09-26T08:35:15.000Z</time>
      </trkpt>
      <trkpt lat="51.853170" lon="10.672311">
        <ele>287.466859</ele>
        <time>2026-09-26T08:35:24.000Z</time>
      </trkpt>
      <trkpt lat="51.853071" lon="10.672256">
        <ele>287.721783</ele>
        <time>2026-09-26T08:35:33.000Z</time>
      </trkpt>
      <trkpt lat="51.852981" lon="10.672178">
        <ele>287.970418</ele>
        <time>2026-09-26T08:35:41.000Z</time>
      </trkpt>
      <trkpt lat="51.852900" lon="10.672100">
        <ele>288.199960</ele>
        <time>2026-09-26T08:35:49.000Z</time>
      </trkpt>
      <trkpt lat="51.852801" lon="10.672064">
        <ele>288.447090</ele>
        <time>2026-09-26T08:35:58.000Z</time>
      </trkpt>
      <trkpt lat="51.852714" lon="10.672018">
        <ele>288.670000</ele>
        <time>2026-09-26T08:36:06.000Z</time>
      </trkpt>
      <trkpt lat="51.852633" lon="10.671923">
        <ele>288.913610</ele>
        <time>2026-09-26T08:36:14.000Z</time>
      </trkpt>
      <trkpt lat="51.852583" lon="10.671798">
        <ele>289.137651</ele>
        <time>2026-09-26T08:36:22.000Z</time>
      </trkpt>
      <trkpt lat="51.852544" lon="10.671650">
        <ele>289.451997</ele>
        <time>2026-09-26T08:36:31.000Z</time>
      </trkpt>
      <trkpt lat="51.852491" lon="10.671516">
        <ele>289.779646</ele>
        <time>2026-09-26T08:36:39.000Z</time>
      </trkpt>
      <trkpt lat="51.852441" lon="10.671392">
        <ele>290.084572</ele>
        <time>2026-09-26T08:36:47.000Z</time>
      </trkpt>
      <trkpt lat="51.852411" lon="10.671246">
        <ele>290.401409</ele>
        <time>2026-09-26T08:36:55.000Z</time>
      </trkpt>
      <trkpt lat="51.852346" lon="10.671130">
        <ele>290.723915</ele>
        <time>2026-09-26T08:37:03.000Z</time>
      </trkpt>
      <trkpt lat="51.852300" lon="10.671000">
        <ele>291.032420</ele>
        <time>2026-09-26T08:37:12.000Z</time>
      </trkpt>
      <trkpt lat="51.852250" lon="10.670867">
        <ele>291.353026</ele>
        <time>2026-09-26T08:37:21.000Z</time>
      </trkpt>
      <trkpt lat="51.852182" lon="10.670764">
        <ele>291.663466</ele>
        <time>2026-09-26T08:37:29.000Z</time>
      </trkpt>
      <trkpt lat="51.852091" lon="10.670707">
        <ele>291.988744</ele>
        <time>2026-09-26T08:37:37.000Z</time>
      </trkpt>
      <trkpt lat="51.851992" lon="10.670702">
        <ele>292.318938</ele>
        <time>2026-09-26T08:37:45.000Z</time>
      </trkpt>
      <trkpt lat="51.851893" lon="10.670683">
        <ele>292.651282</ele>
        <time>2026-09-26T08:37:52.000Z</time>
      </trkpt>
      <trkpt lat="51.851804" lon="10.670642">
        <ele>292.959757</ele>
        <time>2026-09-26T08:38:00.000Z</time>
      </trkpt>
      <trkpt lat="51.851716" lon="10.670612">
        <ele>293.259554</ele>
        <time>2026-09-26T08:38:07.000Z</time>
      </trkpt>
      <trkpt lat="51.851636" lon="10.670518">
        <ele>293.589088</ele>
        <time>2026-09-26T08:38:16.000Z</time>
      </trkpt>
      <trkpt lat="51.851598" lon="10.670363">
        <ele>293.932486</ele>
        <time>2026-09-26T08:38:25.000Z</time>
      </trkpt>
      <trkpt lat="51.851540" lon="10.670236">
        <ele>294.257721</ele>
        <time>2026-09-26T08:38:33.000Z</time>
      </trkpt>
      <trkpt lat="51.851496" lon="10.670101">
        <ele>294.572039</ele>
        <time>2026-09-26T08:38:42.000Z</time>
      </trkpt>
      <trkpt lat="51.851411" lon="10.670176">
        <ele>294.894755</ele>
        <time>2026-09-26T08:38:51.000Z</time>
      </trkpt>
      <trkpt lat="51.851323" lon="10.670088">
        <ele>295.279801</ele>
        <time>2026-09-26T08:39:02.000Z</time>
      </trkpt>
      <trkpt lat="51.851313" lon="10.669929">
        <ele>295.830373</ele>
        <time>2026-09-26T08:39:10.000Z</time>
      </trkpt>
      <trkpt lat="51.851262" lon="10.669804">
        <ele>296.346441</ele>
        <time>2026-09-26T08:39:17.000Z</time>
      </trkpt>
      <trkpt lat="51.851253" lon="10.669646">
        <ele>296.893047</ele>
        <time>2026-09-26T08:39:26.000Z</time>
      </trkpt>
      <trkpt lat="51.851249" lon="10.669488">
        <ele>297.437800</ele>
        <time>2026-09-26T08:39:33.000Z</time>
      </trkpt>
      <trkpt lat="51.851236" lon="10.669343">
        <ele>297.942547</ele>
        <time>2026-09-26T08:39:42.000Z</time>
      </trkpt>
      <trkpt lat="51.851211" lon="10.669201">
        <ele>298.451206</ele>
        <time>2026-09-26T08:39:51.000Z</time>
      </trkpt>
      <trkpt lat="51.851127" lon="10.669147">
        <ele>298.955254</ele>
        <time>2026-09-26T08:40:01.000Z</time>
      </trkpt>
      <trkpt lat="51.851032" lon="10.669164">
        <ele>299.488292</ele>
        <time>2026-09-26T08:40:10.000Z</time>
      </trkpt>
      <trkpt lat="51.850935" lon="10.669156">
        <ele>300.029958</ele>
        <time>2026-09-26T08:40:18.000Z</time>
      </trkpt>
      <trkpt lat="51.850848" lon="10.669111">
        <ele>300.539317</ele>
        <time>2026-09-26T08:40:26.000Z</time>
      </trkpt>
      <trkpt lat="51.850760" lon="10.669070">
        <ele>301.050009</ele>
        <time>2026-09-26T08:40:34.000Z</time>
      </trkpt>
      <trkpt lat="51.850671" lon="10.668999">
        <ele>301.603351</ele>
        <time>2026-09-26T08:40:43.000Z</time>
      </trkpt>
      <trkpt lat="51.850592" lon="10.668898">
        <ele>302.164754</ele>
        <time>2026-09-26T08:40:53.000Z</time>
      </trkpt>
      <trkpt lat="51.850524" lon="10.668801">
        <ele>302.670206</ele>
        <time>2026-09-26T08:41:00.000Z</time>
      </trkpt>
      <trkpt lat="51.850464" lon="10.668672">
        <ele>303.226499</ele>
        <time>2026-09-26T08:41:08.999Z</time>
      </trkpt>
      <trkpt lat="51.850425" lon="10.668534">
        <ele>303.749297</ele>
        <time>2026-09-26T08:41:15.999Z</time>
      </trkpt>
      <trkpt lat="51.850382" lon="10.668404">
        <ele>304.257309</ele>
        <time>2026-09-26T08:41:23.999Z</time>
      </trkpt>
      <trkpt lat="51.850346" lon="10.668270">
        <ele>304.760706</ele>
        <time>2026-09-26T08:41:30.999Z</time>
      </trkpt>
      <trkpt lat="51.850299" lon="10.668129">
        <ele>305.270058</ele>
        <time>2026-09-26T08:41:39.999Z</time>
      </trkpt>
      <trkpt lat="51.850260" lon="10.667990">
        <ele>305.576151</ele>
        <time>2026-09-26T08:41:48.999Z</time>
      </trkpt>
      <trkpt lat="51.850217" lon="10.667842">
        <ele>305.904071</ele>
        <time>2026-09-26T08:42:01.999Z</time>
      </trkpt>
      <trkpt lat="51.850155" lon="10.667712">
        <ele>306.233364</ele>
        <time>2026-09-26T08:42:12.999Z</time>
      </trkpt>
      <trkpt lat="51.850134" lon="10.667566">
        <ele>306.533922</ele>
        <time>2026-09-26T08:42:21.999Z</time>
      </trkpt>
      <trkpt lat="51.850080" lon="10.667437">
        <ele>306.846358</ele>
        <time>2026-09-26T08:42:30.999Z</time>
      </trkpt>
      <trkpt lat="51.850028" lon="10.667218">
        <ele>307.316770</ele>
        <time>2026-09-26T08:43:09.999Z</time>
      </trkpt>
      <trkpt lat="51.850003" lon="10.667058">
        <ele>307.647671</ele>
        <time>2026-09-26T08:43:20.999Z</time>
      </trkpt>
      <trkpt lat="51.849996" lon="10.666906">
        <ele>307.953275</ele>
        <time>2026-09-26T08:43:28.999Z</time>
      </trkpt>
      <trkpt lat="51.850010" lon="10.666758">
        <ele>308.253472</ele>
        <time>2026-09-26T08:43:36.999Z</time>
      </trkpt>
      <trkpt lat="51.850047" lon="10.666593">
        <ele>308.605418</ele>
        <time>2026-09-26T08:43:43.999Z</time>
      </trkpt>
      <trkpt lat="51.850077" lon="10.666451">
        <ele>308.906317</ele>
        <time>2026-09-26T08:43:51.999Z</time>
      </trkpt>
      <trkpt lat="51.850101" lon="10.666292">
        <ele>309.234488</ele>
        <time>2026-09-26T08:44:00.999Z</time>
      </trkpt>
      <trkpt lat="51.850120" lon="10.666006">
        <ele>309.811220</ele>
        <time>2026-09-26T08:44:52.999Z</time>
      </trkpt>
      <trkpt lat="51.850142" lon="10.665855">
        <ele>310.122279</ele>
        <time>2026-09-26T08:44:59.999Z</time>
      </trkpt>
      <trkpt lat="51.850150" lon="10.665708">
        <ele>310.418152</ele>
        <time>2026-09-26T08:45:09.999Z</time>
      </trkpt>
      <trkpt lat="51.850080" lon="10.665611">
        <ele>310.717227</ele>
        <time>2026-09-26T08:45:16.999Z</time>
      </trkpt>
      <trkpt lat="51.850016" lon="10.665509">
        <ele>311.008732</ele>
        <time>2026-09-26T08:45:25.999Z</time>
      </trkpt>
      <trkpt lat="51.849957" lon="10.665386">
        <ele>311.314376</ele>
        <time>2026-09-26T08:45:34.999Z</time>
      </trkpt>
      <trkpt lat="51.849903" lon="10.665265">
        <ele>311.606424</ele>
        <time>2026-09-26T08:45:43.999Z</time>
      </trkpt>
      <trkpt lat="51.849847" lon="10.665139">
        <ele>311.910111</ele>
        <time>2026-09-26T08:45:51.999Z</time>
      </trkpt>
      <trkpt lat="51.849800" lon="10.665002">
        <ele>312.216707</ele>
        <time>2026-09-26T08:45:59.999Z</time>
      </trkpt>
      <trkpt lat="51.849757" lon="10.664860">
        <ele>312.526109</ele>
        <time>2026-09-26T08:46:07.999Z</time>
      </trkpt>
      <trkpt lat="51.849705" lon="10.664723">
        <ele>312.840699</ele>
        <time>2026-09-26T08:46:14.999Z</time>
      </trkpt>
      <trkpt lat="51.849686" lon="10.664566">
        <ele>313.153702</ele>
        <time>2026-09-26T08:46:23.999Z</time>
      </trkpt>
      <trkpt lat="51.849644" lon="10.664432">
        <ele>313.447684</ele>
        <time>2026-09-26T08:46:30.999Z</time>
      </trkpt>
      <trkpt lat="51.849622" lon="10.664287">
        <ele>313.739803</ele>
        <time>2026-09-26T08:46:38.999Z</time>
      </trkpt>
      <trkpt lat="51.849578" lon="10.664155">
        <ele>314.033257</ele>
        <time>2026-09-26T08:46:46.999Z</time>
      </trkpt>
      <trkpt lat="51.849547" lon="10.664005">
        <ele>314.342715</ele>
        <time>2026-09-26T08:46:54.999Z</time>
      </trkpt>
      <trkpt lat="51.849508" lon="10.663873">
        <ele>314.628988</ele>
        <time>2026-09-26T08:47:01.999Z</time>
      </trkpt>
      <trkpt lat="51.849454" lon="10.663738">
        <ele>314.943649</ele>
        <time>2026-09-26T08:47:10.999Z</time>
      </trkpt>
      <trkpt lat="51.849400" lon="10.663614">
        <ele>315.240477</ele>
        <time>2026-09-26T08:47:18.999Z</time>
      </trkpt>
      <trkpt lat="51.849345" lon="10.663499">
        <ele>315.525023</ele>
        <time>2026-09-26T08:47:25.999Z</time>
      </trkpt>
      <trkpt lat="51.849288" lon="10.663381">
        <ele>315.818092</ele>
        <time>2026-09-26T08:47:33.999Z</time>
      </trkpt>
      <trkpt lat="51.849235" lon="10.663250">
        <ele>316.124468</ele>
        <time>2026-09-26T08:47:42.999Z</time>
      </trkpt>
      <trkpt lat="51.849170" lon="10.663140">
        <ele>316.422290</ele>
        <time>2026-09-26T08:47:50.999Z</time>
      </trkpt>
      <trkpt lat="51.849129" lon="10.663004">
        <ele>316.718367</ele>
        <time>2026-09-26T08:47:58.999Z</time>
      </trkpt>
      <trkpt lat="51.849097" lon="10.662853">
        <ele>317.451875</ele>
        <time>2026-09-26T08:48:05.999Z</time>
      </trkpt>
      <trkpt lat="51.849069" lon="10.662703">
        <ele>318.211019</ele>
        <time>2026-09-26T08:48:15.999Z</time>
      </trkpt>
      <trkpt lat="51.849046" lon="10.662561">
        <ele>318.922208</ele>
        <time>2026-09-26T08:48:23.999Z</time>
      </trkpt>
      <trkpt lat="51.849001" lon="10.662424">
        <ele>319.673913</ele>
        <time>2026-09-26T08:48:32.999Z</time>
      </trkpt>
      <trkpt lat="51.848928" lon="10.662329">
        <ele>320.408475</ele>
        <time>2026-09-26T08:48:54.999Z</time>
      </trkpt>
      <trkpt lat="51.848842" lon="10.662238">
        <ele>321.214236</ele>
        <time>2026-09-26T08:49:04.999Z</time>
      </trkpt>
      <trkpt lat="51.848730" lon="10.662221">
        <ele>322.096452</ele>
        <time>2026-09-26T08:49:13.999Z</time>
      </trkpt>
      <trkpt lat="51.848671" lon="10.662093">
        <ele>322.870171</ele>
        <time>2026-09-26T08:49:24.999Z</time>
      </trkpt>
      <trkpt lat="51.848586" lon="10.662016">
        <ele>323.634065</ele>
        <time>2026-09-26T08:49:34.999Z</time>
      </trkpt>
      <trkpt lat="51.848517" lon="10.661920">
        <ele>324.347600</ele>
        <time>2026-09-26T08:49:44.999Z</time>
      </trkpt>
      <trkpt lat="51.848357" lon="10.661779">
        <ele>325.776291</ele>
        <time>2026-09-26T08:50:25.999Z</time>
      </trkpt>
      <trkpt lat="51.848254" lon="10.661761">
        <ele>326.588765</ele>
        <time>2026-09-26T08:50:39.999Z</time>
      </trkpt>
      <trkpt lat="51.848189" lon="10.661639">
        <ele>327.369280</ele>
        <time>2026-09-26T08:50:47.999Z</time>
      </trkpt>
      <trkpt lat="51.848147" lon="10.661508">
        <ele>328.084321</ele>
        <time>2026-09-26T08:50:56.999Z</time>
      </trkpt>
      <trkpt lat="51.848089" lon="10.661394">
        <ele>328.799817</ele>
        <time>2026-09-26T08:51:07.999Z</time>
      </trkpt>
      <trkpt lat="51.848022" lon="10.661278">
        <ele>329.569185</ele>
        <time>2026-09-26T08:51:17.999Z</time>
      </trkpt>
      <trkpt lat="51.847967" lon="10.661155">
        <ele>330.304814</ele>
        <time>2026-09-26T08:51:29.999Z</time>
      </trkpt>
      <trkpt lat="51.847909" lon="10.661037">
        <ele>330.922733</ele>
        <time>2026-09-26T08:51:39.999Z</time>
      </trkpt>
      <trkpt lat="51.847848" lon="10.660911">
        <ele>331.223727</ele>
        <time>2026-09-26T08:51:51.999Z</time>
      </trkpt>
      <trkpt lat="51.847778" lon="10.660818">
        <ele>331.499354</ele>
        <time>2026-09-26T08:51:59.999Z</time>
      </trkpt>
      <trkpt lat="51.847727" lon="10.660684">
        <ele>331.795286</ele>
        <time>2026-09-26T08:52:08.999Z</time>
      </trkpt>
      <trkpt lat="51.847753" lon="10.660531">
        <ele>332.093649</ele>
        <time>2026-09-26T08:52:18.999Z</time>
      </trkpt>
      <trkpt lat="51.847775" lon="10.660383">
        <ele>332.379868</ele>
        <time>2026-09-26T08:52:25.999Z</time>
      </trkpt>
      <trkpt lat="51.847734" lon="10.660241">
        <ele>332.674585</ele>
        <time>2026-09-26T08:52:38.999Z</time>
      </trkpt>
      <trkpt lat="51.847669" lon="10.660112">
        <ele>332.987589</ele>
        <time>2026-09-26T08:52:46.999Z</time>
      </trkpt>
      <trkpt lat="51.847590" lon="10.660022">
        <ele>333.281617</ele>
        <time>2026-09-26T08:52:57.999Z</time>
      </trkpt>
      <trkpt lat="51.847537" lon="10.659894">
        <ele>333.571351</ele>
        <time>2026-09-26T08:53:08.999Z</time>
      </trkpt>
      <trkpt lat="51.847480" lon="10.659764">
        <ele>333.871094</ele>
        <time>2026-09-26T08:53:17.999Z</time>
      </trkpt>
      <trkpt lat="51.847456" lon="10.659624">
        <ele>334.144277</ele>
        <time>2026-09-26T08:53:25.999Z</time>
      </trkpt>
      <trkpt lat="51.847438" lon="10.659476">
        <ele>334.427896</ele>
        <time>2026-09-26T08:53:34.999Z</time>
      </trkpt>
      <trkpt lat="51.847401" lon="10.659337">
        <ele>334.712482</ele>
        <time>2026-09-26T08:53:42.999Z</time>
      </trkpt>
      <trkpt lat="51.847325" lon="10.659224">
        <ele>335.026571</ele>
        <time>2026-09-26T08:53:51.999Z</time>
      </trkpt>
      <trkpt lat="51.847236" lon="10.659201">
        <ele>335.300888</ele>
        <time>2026-09-26T08:53:57.999Z</time>
      </trkpt>
      <trkpt lat="51.847165" lon="10.659103">
        <ele>335.584884</ele>
        <time>2026-09-26T08:54:05.999Z</time>
      </trkpt>
      <trkpt lat="51.847189" lon="10.658954">
        <ele>335.874410</ele>
        <time>2026-09-26T08:54:18.999Z</time>
      </trkpt>
      <trkpt lat="51.847067" lon="10.658794">
        <ele>336.352011</ele>
        <time>2026-09-26T08:55:25.999Z</time>
      </trkpt>
      <trkpt lat="51.846994" lon="10.658692">
        <ele>336.642182</ele>
        <time>2026-09-26T08:55:35.999Z</time>
      </trkpt>
      <trkpt lat="51.846907" lon="10.658632">
        <ele>336.926735</ele>
        <time>2026-09-26T08:55:45.999Z</time>
      </trkpt>
      <trkpt lat="51.846861" lon="10.658496">
        <ele>337.214953</ele>
        <time>2026-09-26T08:55:54.999Z</time>
      </trkpt>
      <trkpt lat="51.846780" lon="10.658412">
        <ele>337.504411</ele>
        <time>2026-09-26T08:56:02.999Z</time>
      </trkpt>
      <trkpt lat="51.846696" lon="10.658331">
        <ele>337.798617</ele>
        <time>2026-09-26T08:56:12.999Z</time>
      </trkpt>
      <trkpt lat="51.846606" lon="10.658266">
        <ele>338.095161</ele>
        <time>2026-09-26T08:56:21.999Z</time>
      </trkpt>
      <trkpt lat="51.846520" lon="10.658217">
        <ele>338.369499</ele>
        <time>2026-09-26T08:56:29.999Z</time>
      </trkpt>
      <trkpt lat="51.846434" lon="10.658156">
        <ele>338.652028</ele>
        <time>2026-09-26T08:56:38.999Z</time>
      </trkpt>
      <trkpt lat="51.846372" lon="10.658029">
        <ele>338.952922</ele>
        <time>2026-09-26T08:56:48.999Z</time>
      </trkpt>
      <trkpt lat="51.846354" lon="10.657885">
        <ele>339.226027</ele>
        <time>2026-09-26T08:56:56.999Z</time>
      </trkpt>
      <trkpt lat="51.846331" lon="10.657741">
        <ele>339.502508</ele>
        <time>2026-09-26T08:57:04.999Z</time>
      </trkpt>
      <trkpt lat="51.846304" lon="10.657596">
        <ele>339.784025</ele>
        <time>2026-09-26T08:57:17.999Z</time>
      </trkpt>
      <trkpt lat="51.846274" lon="10.657433">
        <ele>340.100186</ele>
        <time>2026-09-26T08:57:26.999Z</time>
      </trkpt>
      <trkpt lat="51.846237" lon="10.657283">
        <ele>340.400425</ele>
        <time>2026-09-26T08:57:34.999Z</time>
      </trkpt>
      <trkpt lat="51.846189" lon="10.657159">
        <ele>340.672440</ele>
        <time>2026-09-26T08:57:42.999Z</time>
      </trkpt>
      <trkpt lat="51.846160" lon="10.657011">
        <ele>340.961064</ele>
        <time>2026-09-26T08:57:51.999Z</time>
      </trkpt>
      <trkpt lat="51.846131" lon="10.656873">
        <ele>341.232028</ele>
        <time>2026-09-26T08:57:58.999Z</time>
      </trkpt>
      <trkpt lat="51.846105" lon="10.656725">
        <ele>341.518052</ele>
        <time>2026-09-26T08:58:06.999Z</time>
      </trkpt>
      <trkpt lat="51.846100" lon="10.656562">
        <ele>341.840655</ele>
        <time>2026-09-26T08:58:21.999Z</time>
      </trkpt>
      <trkpt lat="51.846097" lon="10.656404">
        <ele>342.202172</ele>
        <time>2026-09-26T08:58:29.999Z</time>
      </trkpt>
      <trkpt lat="51.846036" lon="10.656130">
        <ele>342.868259</ele>
        <time>2026-09-26T08:59:49.999Z</time>
      </trkpt>
      <trkpt lat="51.845980" lon="10.655998">
        <ele>343.234473</ele>
        <time>2026-09-26T08:59:58.999Z</time>
      </trkpt>
      <trkpt lat="51.845906" lon="10.655914">
        <ele>343.569067</ele>
        <time>2026-09-26T09:00:07.999Z</time>
      </trkpt>
      <trkpt lat="51.845823" lon="10.655826">
        <ele>343.936377</ele>
        <time>2026-09-26T09:00:15.999Z</time>
      </trkpt>
      <trkpt lat="51.845742" lon="10.655751">
        <ele>344.281830</ele>
        <time>2026-09-26T09:00:23.999Z</time>
      </trkpt>
      <trkpt lat="51.845657" lon="10.655694">
        <ele>344.622433</ele>
        <time>2026-09-26T09:00:33.999Z</time>
      </trkpt>
      <trkpt lat="51.845568" lon="10.655666">
        <ele>344.958076</ele>
        <time>2026-09-26T09:00:40.999Z</time>
      </trkpt>
      <trkpt lat="51.845469" lon="10.655658">
        <ele>345.325030</ele>
        <time>2026-09-26T09:00:49.999Z</time>
      </trkpt>
      <trkpt lat="51.845376" lon="10.655628">
        <ele>345.676085</ele>
        <time>2026-09-26T09:00:56.999Z</time>
      </trkpt>
      <trkpt lat="51.845294" lon="10.655566">
        <ele>346.011133</ele>
        <time>2026-09-26T09:01:04.999Z</time>
      </trkpt>
      <trkpt lat="51.845198" lon="10.655544">
        <ele>346.370068</ele>
        <time>2026-09-26T09:01:13.999Z</time>
      </trkpt>
      <trkpt lat="51.845106" lon="10.655517">
        <ele>346.716204</ele>
        <time>2026-09-26T09:01:22.999Z</time>
      </trkpt>
      <trkpt lat="51.845021" lon="10.655448">
        <ele>347.068227</ele>
        <time>2026-09-26T09:01:30.999Z</time>
      </trkpt>
      <trkpt lat="51.844934" lon="10.655391">
        <ele>347.415683</ele>
        <time>2026-09-26T09:01:38.999Z</time>
      </trkpt>
      <trkpt lat="51.844845" lon="10.655305">
        <ele>347.799403</ele>
        <time>2026-09-26T09:01:47.999Z</time>
      </trkpt>
      <trkpt lat="51.844760" lon="10.655243">
        <ele>348.144546</ele>
        <time>2026-09-26T09:01:56.999Z</time>
      </trkpt>
      <trkpt lat="51.844670" lon="10.655180">
        <ele>348.527893</ele>
        <time>2026-09-26T09:02:05.999Z</time>
      </trkpt>
      <trkpt lat="51.844577" lon="10.655106">
        <ele>348.981819</ele>
        <time>2026-09-26T09:02:14.999Z</time>
      </trkpt>
      <trkpt lat="51.844491" lon="10.655029">
        <ele>349.412312</ele>
        <time>2026-09-26T09:02:23.999Z</time>
      </trkpt>
      <trkpt lat="51.844410" lon="10.654944">
        <ele>349.835153</ele>
        <time>2026-09-26T09:02:32.999Z</time>
      </trkpt>
      <trkpt lat="51.844316" lon="10.654897">
        <ele>350.266096</ele>
        <time>2026-09-26T09:02:40.999Z</time>
      </trkpt>
      <trkpt lat="51.844233" lon="10.654804">
        <ele>350.708268</ele>
        <time>2026-09-26T09:02:49.999Z</time>
      </trkpt>
      <trkpt lat="51.844148" lon="10.654727">
        <ele>351.134935</ele>
        <time>2026-09-26T09:02:57.999Z</time>
      </trkpt>
      <trkpt lat="51.844058" lon="10.654679">
        <ele>351.550008</ele>
        <time>2026-09-26T09:03:05.999Z</time>
      </trkpt>
      <trkpt lat="51.843971" lon="10.654615">
        <ele>351.968603</ele>
        <time>2026-09-26T09:03:14.999Z</time>
      </trkpt>
      <trkpt lat="51.843898" lon="10.654496">
        <ele>352.422422</ele>
        <time>2026-09-26T09:03:23.999Z</time>
      </trkpt>
      <trkpt lat="51.843834" lon="10.654393">
        <ele>352.817748</ele>
        <time>2026-09-26T09:03:31.999Z</time>
      </trkpt>
      <trkpt lat="51.843751" lon="10.654306">
        <ele>353.250886</ele>
        <time>2026-09-26T09:03:39.999Z</time>
      </trkpt>
      <trkpt lat="51.843676" lon="10.654214">
        <ele>353.663088</ele>
        <time>2026-09-26T09:03:48.999Z</time>
      </trkpt>
      <trkpt lat="51.843609" lon="10.654100">
        <ele>354.088887</ele>
        <time>2026-09-26T09:03:57.999Z</time>
      </trkpt>
      <trkpt lat="51.843534" lon="10.654011">
        <ele>354.496238</ele>
        <time>2026-09-26T09:04:05.999Z</time>
      </trkpt>
      <trkpt lat="51.843453" lon="10.653912">
        <ele>354.940830</ele>
        <time>2026-09-26T09:04:14.999Z</time>
      </trkpt>
      <trkpt lat="51.843382" lon="10.653820">
        <ele>355.339210</ele>
        <time>2026-09-26T09:04:22.999Z</time>
      </trkpt>
      <trkpt lat="51.843304" lon="10.653740">
        <ele>355.743689</ele>
        <time>2026-09-26T09:04:30.000Z</time>
      </trkpt>
      <trkpt lat="51.843226" lon="10.653656">
        <ele>356.154064</ele>
        <time>2026-09-26T09:04:39.000Z</time>
      </trkpt>
      <trkpt lat="51.843145" lon="10.653551">
        <ele>356.505220</ele>
        <time>2026-09-26T09:04:48.000Z</time>
      </trkpt>
      <trkpt lat="51.843061" lon="10.653480">
        <ele>356.791636</ele>
        <time>2026-09-26T09:04:56.000Z</time>
      </trkpt>
      <trkpt lat="51.842974" lon="10.653418">
        <ele>357.078945</ele>
        <time>2026-09-26T09:05:04.000Z</time>
      </trkpt>
      <trkpt lat="51.842903" lon="10.653328">
        <ele>357.351513</ele>
        <time>2026-09-26T09:05:13.000Z</time>
      </trkpt>
      <trkpt lat="51.842816" lon="10.653243">
        <ele>357.658654</ele>
        <time>2026-09-26T09:05:22.000Z</time>
      </trkpt>
      <trkpt lat="51.842752" lon="10.653131">
        <ele>357.943534</ele>
        <time>2026-09-26T09:05:52.000Z</time>
      </trkpt>
      <trkpt lat="51.842666" lon="10.653080">
        <ele>358.220359</ele>
        <time>2026-09-26T09:06:03.000Z</time>
      </trkpt>
      <trkpt lat="51.842562" lon="10.653043">
        <ele>358.542195</ele>
        <time>2026-09-26T09:06:13.000Z</time>
      </trkpt>
      <trkpt lat="51.842470" lon="10.653025">
        <ele>358.822282</ele>
        <time>2026-09-26T09:06:21.000Z</time>
      </trkpt>
      <trkpt lat="51.842371" lon="10.653014">
        <ele>359.122206</ele>
        <time>2026-09-26T09:06:29.000Z</time>
      </trkpt>
      <trkpt lat="51.842275" lon="10.653021">
        <ele>359.412652</ele>
        <time>2026-09-26T09:06:38.000Z</time>
      </trkpt>
      <trkpt lat="51.842183" lon="10.653056">
        <ele>359.698293</ele>
        <time>2026-09-26T09:06:46.000Z</time>
      </trkpt>
      <trkpt lat="51.842087" lon="10.653032">
        <ele>359.991886</ele>
        <time>2026-09-26T09:06:55.000Z</time>
      </trkpt>
      <trkpt lat="51.841983" lon="10.653023">
        <ele>360.306667</ele>
        <time>2026-09-26T09:07:05.000Z</time>
      </trkpt>
      <trkpt lat="51.841888" lon="10.653024">
        <ele>360.593803</ele>
        <time>2026-09-26T09:07:14.000Z</time>
      </trkpt>
      <trkpt lat="51.841788" lon="10.653010">
        <ele>360.897174</ele>
        <time>2026-09-26T09:07:24.000Z</time>
      </trkpt>
      <trkpt lat="51.841695" lon="10.653033">
        <ele>361.181522</ele>
        <time>2026-09-26T09:07:33.000Z</time>
      </trkpt>
      <trkpt lat="51.841606" lon="10.653066">
        <ele>361.457486</ele>
        <time>2026-09-26T09:07:42.000Z</time>
      </trkpt>
      <trkpt lat="51.841514" lon="10.653092">
        <ele>361.749066</ele>
        <time>2026-09-26T09:07:52.000Z</time>
      </trkpt>
      <trkpt lat="51.841416" lon="10.653070">
        <ele>362.145985</ele>
        <time>2026-09-26T09:08:00.000Z</time>
      </trkpt>
      <trkpt lat="51.841322" lon="10.653037">
        <ele>362.531861</ele>
        <time>2026-09-26T09:08:09.000Z</time>
      </trkpt>
      <trkpt lat="51.841242" lon="10.652936">
        <ele>362.938894</ele>
        <time>2026-09-26T09:08:18.000Z</time>
      </trkpt>
      <trkpt lat="51.841169" lon="10.652851">
        <ele>363.299664</ele>
        <time>2026-09-26T09:08:41.000Z</time>
      </trkpt>
      <trkpt lat="51.841108" lon="10.652736">
        <ele>363.675347</ele>
        <time>2026-09-26T09:08:55.000Z</time>
      </trkpt>
      <trkpt lat="51.841046" lon="10.652605">
        <ele>364.084370</ele>
        <time>2026-09-26T09:09:05.000Z</time>
      </trkpt>
      <trkpt lat="51.840984" lon="10.652487">
        <ele>364.468313</ele>
        <time>2026-09-26T09:09:13.000Z</time>
      </trkpt>
      <trkpt lat="51.840917" lon="10.652374">
        <ele>364.856511</ele>
        <time>2026-09-26T09:09:21.000Z</time>
      </trkpt>
      <trkpt lat="51.840857" lon="10.652244">
        <ele>365.258718</ele>
        <time>2026-09-26T09:09:30.000Z</time>
      </trkpt>
      <trkpt lat="51.840808" lon="10.652115">
        <ele>365.634060</ele>
        <time>2026-09-26T09:09:38.000Z</time>
      </trkpt>
      <trkpt lat="51.840753" lon="10.651986">
        <ele>366.022550</ele>
        <time>2026-09-26T09:09:47.000Z</time>
      </trkpt>
      <trkpt lat="51.840707" lon="10.651859">
        <ele>366.387447</ele>
        <time>2026-09-26T09:09:55.000Z</time>
      </trkpt>
      <trkpt lat="51.840663" lon="10.651720">
        <ele>366.774570</ele>
        <time>2026-09-26T09:10:04.000Z</time>
      </trkpt>
      <trkpt lat="51.840624" lon="10.651570">
        <ele>367.177951</ele>
        <time>2026-09-26T09:10:13.000Z</time>
      </trkpt>
      <trkpt lat="51.840606" lon="10.651424">
        <ele>367.546973</ele>
        <time>2026-09-26T09:10:22.000Z</time>
      </trkpt>
      <trkpt lat="51.840599" lon="10.651266">
        <ele>367.939611</ele>
        <time>2026-09-26T09:10:31.000Z</time>
      </trkpt>
      <trkpt lat="51.840564" lon="10.651110">
        <ele>368.350990</ele>
        <time>2026-09-26T09:10:41.000Z</time>
      </trkpt>
      <trkpt lat="51.840514" lon="10.650970">
        <ele>368.751810</ele>
        <time>2026-09-26T09:10:51.000Z</time>
      </trkpt>
      <trkpt lat="51.840446" lon="10.650865">
        <ele>369.239275</ele>
        <time>2026-09-26T09:11:01.000Z</time>
      </trkpt>
      <trkpt lat="51.840386" lon="10.650738">
        <ele>369.852428</ele>
        <time>2026-09-26T09:11:11.000Z</time>
      </trkpt>
      <trkpt lat="51.840337" lon="10.650612">
        <ele>370.423424</ele>
        <time>2026-09-26T09:11:19.000Z</time>
      </trkpt>
      <trkpt lat="51.840309" lon="10.650469">
        <ele>370.998747</ele>
        <time>2026-09-26T09:11:29.000Z</time>
      </trkpt>
      <trkpt lat="51.840285" lon="10.650309">
        <ele>371.630213</ele>
        <time>2026-09-26T09:11:39.000Z</time>
      </trkpt>
      <trkpt lat="51.840275" lon="10.650161">
        <ele>372.201216</ele>
        <time>2026-09-26T09:11:48.000Z</time>
      </trkpt>
      <trkpt lat="51.840281" lon="10.650015">
        <ele>372.762401</ele>
        <time>2026-09-26T09:11:56.000Z</time>
      </trkpt>
      <trkpt lat="51.840301" lon="10.649871">
        <ele>373.328460</ele>
        <time>2026-09-26T09:12:05.000Z</time>
      </trkpt>
      <trkpt lat="51.840373" lon="10.649761">
        <ele>373.943055</ele>
        <time>2026-09-26T09:12:14.000Z</time>
      </trkpt>
      <trkpt lat="51.840443" lon="10.649662">
        <ele>374.520089</ele>
        <time>2026-09-26T09:12:24.000Z</time>
      </trkpt>
      <trkpt lat="51.840523" lon="10.649585">
        <ele>375.097853</ele>
        <time>2026-09-26T09:12:33.000Z</time>
      </trkpt>
      <trkpt lat="51.840594" lon="10.649483">
        <ele>375.687149</ele>
        <time>2026-09-26T09:12:41.000Z</time>
      </trkpt>
      <trkpt lat="51.840672" lon="10.649406">
        <ele>376.254278</ele>
        <time>2026-09-26T09:12:49.000Z</time>
      </trkpt>
      <trkpt lat="51.840743" lon="10.649296">
        <ele>376.864372</ele>
        <time>2026-09-26T09:12:59.000Z</time>
      </trkpt>
      <trkpt lat="51.840829" lon="10.649088">
        <ele>377.824239</ele>
        <time>2026-09-26T09:14:17.000Z</time>
      </trkpt>
      <trkpt lat="51.840901" lon="10.648975">
        <ele>378.446785</ele>
        <time>2026-09-26T09:14:27.000Z</time>
      </trkpt>
      <trkpt lat="51.840927" lon="10.648820">
        <ele>379.062761</ele>
        <time>2026-09-26T09:14:37.000Z</time>
      </trkpt>
      <trkpt lat="51.840965" lon="10.648663">
        <ele>379.709441</ele>
        <time>2026-09-26T09:14:47.000Z</time>
      </trkpt>
      <trkpt lat="51.840979" lon="10.648517">
        <ele>380.235849</ele>
        <time>2026-09-26T09:14:55.000Z</time>
      </trkpt>
      <trkpt lat="51.840969" lon="10.648361">
        <ele>380.705941</ele>
        <time>2026-09-26T09:15:04.000Z</time>
      </trkpt>
      <trkpt lat="51.840984" lon="10.648209">
        <ele>381.167309</ele>
        <time>2026-09-26T09:15:13.000Z</time>
      </trkpt>
      <trkpt lat="51.840991" lon="10.648063">
        <ele>381.606233</ele>
        <time>2026-09-26T09:15:21.000Z</time>
      </trkpt>
      <trkpt lat="51.840993" lon="10.647912">
        <ele>382.058933</ele>
        <time>2026-09-26T09:15:31.000Z</time>
      </trkpt>
      <trkpt lat="51.840992" lon="10.647753">
        <ele>382.535531</ele>
        <time>2026-09-26T09:15:40.000Z</time>
      </trkpt>
      <trkpt lat="51.841008" lon="10.647591">
        <ele>383.027262</ele>
        <time>2026-09-26T09:15:50.000Z</time>
      </trkpt>
      <trkpt lat="51.841005" lon="10.647433">
        <ele>383.501062</ele>
        <time>2026-09-26T09:15:58.999Z</time>
      </trkpt>
      <trkpt lat="51.840962" lon="10.647296">
        <ele>383.961643</ele>
        <time>2026-09-26T09:16:07.999Z</time>
      </trkpt>
      <trkpt lat="51.840917" lon="10.647154">
        <ele>384.439984</ele>
        <time>2026-09-26T09:16:17.000Z</time>
      </trkpt>
      <trkpt lat="51.840891" lon="10.647004">
        <ele>384.906941</ele>
        <time>2026-09-26T09:16:26.000Z</time>
      </trkpt>
      <trkpt lat="51.840822" lon="10.646902">
        <ele>385.360281</ele>
        <time>2026-09-26T09:16:33.000Z</time>
      </trkpt>
      <trkpt lat="51.840747" lon="10.646793">
        <ele>385.849281</ele>
        <time>2026-09-26T09:16:41.000Z</time>
      </trkpt>
      <trkpt lat="51.840708" lon="10.646653">
        <ele>386.309589</ele>
        <time>2026-09-26T09:16:49.000Z</time>
      </trkpt>
      <trkpt lat="51.840660" lon="10.646512">
        <ele>386.792119</ele>
        <time>2026-09-26T09:16:59.000Z</time>
      </trkpt>
      <trkpt lat="51.840651" lon="10.646363">
        <ele>387.240853</ele>
        <time>2026-09-26T09:17:09.000Z</time>
      </trkpt>
      <trkpt lat="51.840658" lon="10.646213">
        <ele>387.691735</ele>
        <time>2026-09-26T09:17:18.000Z</time>
      </trkpt>
      <trkpt lat="51.840638" lon="10.646061">
        <ele>388.157548</ele>
        <time>2026-09-26T09:17:25.000Z</time>
      </trkpt>
      <trkpt lat="51.840627" lon="10.645904">
        <ele>388.631147</ele>
        <time>2026-09-26T09:17:34.000Z</time>
      </trkpt>
      <trkpt lat="51.840631" lon="10.645758">
        <ele>389.006471</ele>
        <time>2026-09-26T09:17:42.000Z</time>
      </trkpt>
      <trkpt lat="51.840647" lon="10.645609">
        <ele>389.346780</ele>
        <time>2026-09-26T09:17:52.000Z</time>
      </trkpt>
      <trkpt lat="51.840689" lon="10.645470">
        <ele>389.694961</ele>
        <time>2026-09-26T09:18:04.000Z</time>
      </trkpt>
      <trkpt lat="51.840730" lon="10.645337">
        <ele>390.029424</ele>
        <time>2026-09-26T09:18:12.000Z</time>
      </trkpt>
      <trkpt lat="51.840764" lon="10.645194">
        <ele>390.374208</ele>
        <time>2026-09-26T09:18:21.000Z</time>
      </trkpt>
      <trkpt lat="51.840826" lon="10.645086">
        <ele>390.705944</ele>
        <time>2026-09-26T09:18:30.000Z</time>
      </trkpt>
      <trkpt lat="51.840905" lon="10.645002">
        <ele>391.050196</ele>
        <time>2026-09-26T09:18:39.000Z</time>
      </trkpt>
      <trkpt lat="51.840985" lon="10.644927">
        <ele>391.386906</ele>
        <time>2026-09-26T09:18:48.000Z</time>
      </trkpt>
      <trkpt lat="51.841074" lon="10.644903">
        <ele>391.715513</ele>
        <time>2026-09-26T09:19:00.000Z</time>
      </trkpt>
      <trkpt lat="51.841163" lon="10.644878">
        <ele>392.044498</ele>
        <time>2026-09-26T09:19:09.000Z</time>
      </trkpt>
      <trkpt lat="51.841270" lon="10.644825">
        <ele>392.452034</ele>
        <time>2026-09-26T09:19:17.000Z</time>
      </trkpt>
      <trkpt lat="51.841356" lon="10.644739">
        <ele>392.820207</ele>
        <time>2026-09-26T09:19:26.000Z</time>
      </trkpt>
      <trkpt lat="51.841420" lon="10.644627">
        <ele>393.163493</ele>
        <time>2026-09-26T09:19:35.000Z</time>
      </trkpt>
      <trkpt lat="51.841458" lon="10.644486">
        <ele>393.509639</ele>
        <time>2026-09-26T09:19:43.999Z</time>
      </trkpt>
      <trkpt lat="51.841462" lon="10.644324">
        <ele>393.874460</ele>
        <time>2026-09-26T09:19:51.999Z</time>
      </trkpt>
      <trkpt lat="51.841465" lon="10.644174">
        <ele>394.212164</ele>
        <time>2026-09-26T09:20:00.999Z</time>
      </trkpt>
      <trkpt lat="51.841487" lon="10.644022">
        <ele>394.563451</ele>
        <time>2026-09-26T09:20:09.999Z</time>
      </trkpt>
      <trkpt lat="51.841473" lon="10.643873">
        <ele>394.902583</ele>
        <time>2026-09-26T09:20:19.999Z</time>
      </trkpt>
      <trkpt lat="51.841437" lon="10.643711">
        <ele>395.289974</ele>
        <time>2026-09-26T09:20:32.000Z</time>
      </trkpt>
      <trkpt lat="51.841431" lon="10.643555">
        <ele>395.714759</ele>
        <time>2026-09-26T09:20:43.000Z</time>
      </trkpt>
      <trkpt lat="51.841409" lon="10.643401">
        <ele>396.165488</ele>
        <time>2026-09-26T09:20:53.000Z</time>
      </trkpt>
      <trkpt lat="51.841371" lon="10.643254">
        <ele>396.619882</ele>
        <time>2026-09-26T09:21:02.000Z</time>
      </trkpt>
      <trkpt lat="51.841339" lon="10.643108">
        <ele>397.061634</ele>
        <time>2026-09-26T09:21:11.000Z</time>
      </trkpt>
      <trkpt lat="51.841296" lon="10.642979">
        <ele>397.479610</ele>
        <time>2026-09-26T09:21:20.000Z</time>
      </trkpt>
      <trkpt lat="51.841270" lon="10.642836">
        <ele>397.904677</ele>
        <time>2026-09-26T09:21:30.000Z</time>
      </trkpt>
      <trkpt lat="51.841271" lon="10.642689">
        <ele>398.323886</ele>
        <time>2026-09-26T09:21:40.000Z</time>
      </trkpt>
      <trkpt lat="51.841231" lon="10.642552">
        <ele>398.755979</ele>
        <time>2026-09-26T09:21:50.000Z</time>
      </trkpt>
      <trkpt lat="51.841215" lon="10.642330">
        <ele>399.393325</ele>
        <time>2026-09-26T09:32:34.999Z</time>
      </trkpt>
      <trkpt lat="51.841191" lon="10.642180">
        <ele>399.835174</ele>
        <time>2026-09-26T09:32:44.999Z</time>
      </trkpt>
      <trkpt lat="51.841191" lon="10.642034">
        <ele>400.251507</ele>
        <time>2026-09-26T09:33:07.000Z</time>
      </trkpt>
      <trkpt lat="51.841183" lon="10.641883">
        <ele>400.683677</ele>
        <time>2026-09-26T09:33:21.999Z</time>
      </trkpt>
      <trkpt lat="51.841177" lon="10.641737">
        <ele>401.100930</ele>
        <time>2026-09-26T09:33:31.999Z</time>
      </trkpt>
      <trkpt lat="51.841164" lon="10.641593">
        <ele>401.515920</ele>
        <time>2026-09-26T09:33:40.999Z</time>
      </trkpt>
      <trkpt lat="51.841116" lon="10.641452">
        <ele>401.974988</ele>
        <time>2026-09-26T09:33:51.999Z</time>
      </trkpt>
      <trkpt lat="51.841080" lon="10.641313">
        <ele>402.404777</ele>
        <time>2026-09-26T09:34:00.999Z</time>
      </trkpt>
      <trkpt lat="51.841041" lon="10.641163">
        <ele>402.868848</ele>
        <time>2026-09-26T09:34:11.999Z</time>
      </trkpt>
      <trkpt lat="51.841018" lon="10.641022">
        <ele>403.284701</ele>
        <time>2026-09-26T09:34:21.999Z</time>
      </trkpt>
      <trkpt lat="51.841022" lon="10.640860">
        <ele>403.728116</ele>
        <time>2026-09-26T09:34:30.999Z</time>
      </trkpt>
      <trkpt lat="51.841012" lon="10.640714">
        <ele>404.044527</ele>
        <time>2026-09-26T09:34:40.999Z</time>
      </trkpt>
      <trkpt lat="51.840990" lon="10.640572">
        <ele>404.359865</ele>
        <time>2026-09-26T09:34:49.999Z</time>
      </trkpt>
      <trkpt lat="51.840958" lon="10.640423">
        <ele>404.699649</ele>
        <time>2026-09-26T09:34:58.999Z</time>
      </trkpt>
      <trkpt lat="51.840903" lon="10.640293">
        <ele>405.039029</ele>
        <time>2026-09-26T09:35:08.999Z</time>
      </trkpt>
      <trkpt lat="51.840816" lon="10.640237">
        <ele>405.365444</ele>
        <time>2026-09-26T09:35:19.999Z</time>
      </trkpt>
      <trkpt lat="51.840818" lon="10.640383">
        <ele>405.680008</ele>
        <time>2026-09-26T09:35:40.999Z</time>
      </trkpt>
      <trkpt lat="51.840728" lon="10.640395">
        <ele>405.994839</ele>
        <time>2026-09-26T09:35:50.999Z</time>
      </trkpt>
      <trkpt lat="51.840724" lon="10.640561">
        <ele>406.352678</ele>
        <time>2026-09-26T09:36:00.999Z</time>
      </trkpt>
      <trkpt lat="51.840628" lon="10.640606">
        <ele>406.701118</ele>
        <time>2026-09-26T09:36:08.999Z</time>
      </trkpt>
      <trkpt lat="51.840525" lon="10.640584">
        <ele>407.063322</ele>
        <time>2026-09-26T09:36:17.999Z</time>
      </trkpt>
      <trkpt lat="51.840431" lon="10.640591">
        <ele>407.391382</ele>
        <time>2026-09-26T09:36:27.999Z</time>
      </trkpt>
      <trkpt lat="51.840339" lon="10.640646">
        <ele>407.733303</ele>
        <time>2026-09-26T09:36:37.999Z</time>
      </trkpt>
      <trkpt lat="51.840248" lon="10.640680">
        <ele>408.058902</ele>
        <time>2026-09-26T09:36:47.999Z</time>
      </trkpt>
      <trkpt lat="51.840159" lon="10.640712">
        <ele>408.376748</ele>
        <time>2026-09-26T09:36:57.999Z</time>
      </trkpt>
      <trkpt lat="51.840068" lon="10.640776">
        <ele>408.722661</ele>
        <time>2026-09-26T09:37:07.999Z</time>
      </trkpt>
      <trkpt lat="51.839986" lon="10.640863">
        <ele>409.064488</ele>
        <time>2026-09-26T09:37:18.999Z</time>
      </trkpt>
      <trkpt lat="51.839903" lon="10.640926">
        <ele>409.384093</ele>
        <time>2026-09-26T09:37:27.999Z</time>
      </trkpt>
      <trkpt lat="51.839799" lon="10.640890">
        <ele>409.754870</ele>
        <time>2026-09-26T09:37:38.999Z</time>
      </trkpt>
      <trkpt lat="51.839703" lon="10.640817">
        <ele>410.547471</ele>
        <time>2026-09-26T09:37:49.999Z</time>
      </trkpt>
      <trkpt lat="51.839646" lon="10.640687">
        <ele>411.678579</ele>
        <time>2026-09-26T09:38:00.999Z</time>
      </trkpt>
      <trkpt lat="51.839576" lon="10.640575">
        <ele>412.808993</ele>
        <time>2026-09-26T09:38:10.999Z</time>
      </trkpt>
      <trkpt lat="51.839508" lon="10.640481">
        <ele>413.835999</ele>
        <time>2026-09-26T09:38:20.999Z</time>
      </trkpt>
      <trkpt lat="51.839435" lon="10.640383">
        <ele>414.925214</ele>
        <time>2026-09-26T09:38:30.999Z</time>
      </trkpt>
      <trkpt lat="51.839357" lon="10.640286">
        <ele>416.054883</ele>
        <time>2026-09-26T09:38:41.999Z</time>
      </trkpt>
      <trkpt lat="51.839264" lon="10.640241">
        <ele>417.169630</ele>
        <time>2026-09-26T09:38:50.999Z</time>
      </trkpt>
      <trkpt lat="51.839190" lon="10.640152">
        <ele>418.228424</ele>
        <time>2026-09-26T09:39:00.999Z</time>
      </trkpt>
      <trkpt lat="51.839115" lon="10.640073">
        <ele>419.256096</ele>
        <time>2026-09-26T09:39:10.999Z</time>
      </trkpt>
      <trkpt lat="51.839033" lon="10.639989">
        <ele>420.370587</ele>
        <time>2026-09-26T09:39:20.999Z</time>
      </trkpt>
      <trkpt lat="51.838937" lon="10.639926">
        <ele>421.560261</ele>
        <time>2026-09-26T09:39:31.999Z</time>
      </trkpt>
      <trkpt lat="51.838838" lon="10.639880">
        <ele>422.743131</ele>
        <time>2026-09-26T09:39:43.999Z</time>
      </trkpt>
      <trkpt lat="51.838757" lon="10.639793">
        <ele>423.859566</ele>
        <time>2026-09-26T09:40:01.999Z</time>
      </trkpt>
      <trkpt lat="51.838659" lon="10.639824">
        <ele>425.006320</ele>
        <time>2026-09-26T09:40:18.999Z</time>
      </trkpt>
      <trkpt lat="51.838566" lon="10.639803">
        <ele>426.084702</ele>
        <time>2026-09-26T09:40:28.999Z</time>
      </trkpt>
      <trkpt lat="51.838483" lon="10.639960">
        <ele>427.550888</ele>
        <time>2026-09-26T09:41:07.999Z</time>
      </trkpt>
      <trkpt lat="51.838408" lon="10.639854">
        <ele>428.694403</ele>
        <time>2026-09-26T09:41:16.999Z</time>
      </trkpt>
      <trkpt lat="51.838331" lon="10.639771">
        <ele>429.756872</ele>
        <time>2026-09-26T09:41:26.999Z</time>
      </trkpt>
      <trkpt lat="51.838231" lon="10.639773">
        <ele>430.790164</ele>
        <time>2026-09-26T09:41:37.999Z</time>
      </trkpt>
      <trkpt lat="51.838132" lon="10.639784">
        <ele>431.504743</ele>
        <time>2026-09-26T09:41:47.999Z</time>
      </trkpt>
      <trkpt lat="51.838044" lon="10.639916">
        <ele>432.368752</ele>
        <time>2026-09-26T09:42:28.999Z</time>
      </trkpt>
      <trkpt lat="51.837963" lon="10.640009">
        <ele>433.083907</ele>
        <time>2026-09-26T09:42:36.999Z</time>
      </trkpt>
      <trkpt lat="51.837883" lon="10.640089">
        <ele>433.761088</ele>
        <time>2026-09-26T09:42:45.999Z</time>
      </trkpt>
      <trkpt lat="51.837785" lon="10.640137">
        <ele>434.498399</ele>
        <time>2026-09-26T09:42:55.999Z</time>
      </trkpt>
      <trkpt lat="51.837701" lon="10.640211">
        <ele>435.187092</ele>
        <time>2026-09-26T09:43:06.999Z</time>
      </trkpt>
      <trkpt lat="51.837629" lon="10.640314">
        <ele>435.879081</ele>
        <time>2026-09-26T09:43:14.999Z</time>
      </trkpt>
      <trkpt lat="51.837551" lon="10.640387">
        <ele>436.527916</ele>
        <time>2026-09-26T09:43:24.999Z</time>
      </trkpt>
      <trkpt lat="51.837458" lon="10.640463">
        <ele>437.278145</ele>
        <time>2026-09-26T09:43:50.999Z</time>
      </trkpt>
      <trkpt lat="51.837375" lon="10.640522">
        <ele>437.930942</ele>
        <time>2026-09-26T09:43:58.999Z</time>
      </trkpt>
      <trkpt lat="51.837317" lon="10.640653">
        <ele>438.648014</ele>
        <time>2026-09-26T09:44:05.999Z</time>
      </trkpt>
      <trkpt lat="51.837227" lon="10.640721">
        <ele>439.363255</ele>
        <time>2026-09-26T09:44:14.999Z</time>
      </trkpt>
      <trkpt lat="51.837136" lon="10.640787">
        <ele>440.081343</ele>
        <time>2026-09-26T09:44:21.999Z</time>
      </trkpt>
      <trkpt lat="51.837044" lon="10.640784">
        <ele>440.743972</ele>
        <time>2026-09-26T09:44:31.999Z</time>
      </trkpt>
      <trkpt lat="51.837026" lon="10.640930">
        <ele>441.406406</ele>
        <time>2026-09-26T09:44:50.999Z</time>
      </trkpt>
      <trkpt lat="51.837030" lon="10.641076">
        <ele>442.056674</ele>
        <time>2026-09-26T09:45:25.999Z</time>
      </trkpt>
      <trkpt lat="51.836979" lon="10.641211">
        <ele>442.760732</ele>
        <time>2026-09-26T09:45:40.999Z</time>
      </trkpt>
      <trkpt lat="51.836896" lon="10.641274">
        <ele>443.420888</ele>
        <time>2026-09-26T09:45:49.999Z</time>
      </trkpt>
      <trkpt lat="51.836814" lon="10.641348">
        <ele>444.191570</ele>
        <time>2026-09-26T09:46:16.999Z</time>
      </trkpt>
      <trkpt lat="51.836727" lon="10.641384">
        <ele>444.949752</ele>
        <time>2026-09-26T09:46:24.999Z</time>
      </trkpt>
      <trkpt lat="51.836632" lon="10.641364">
        <ele>445.758606</ele>
        <time>2026-09-26T09:46:33.999Z</time>
      </trkpt>
      <trkpt lat="51.836540" lon="10.641339">
        <ele>446.546246</ele>
        <time>2026-09-26T09:46:44.999Z</time>
      </trkpt>
      <trkpt lat="51.836499" lon="10.641469">
        <ele>447.307700</ele>
        <time>2026-09-26T09:47:08.999Z</time>
      </trkpt>
      <trkpt lat="51.836427" lon="10.641573">
        <ele>448.122522</ele>
        <time>2026-09-26T09:47:23.999Z</time>
      </trkpt>
      <trkpt lat="51.836347" lon="10.641654">
        <ele>448.919271</ele>
        <time>2026-09-26T09:47:35.999Z</time>
      </trkpt>
      <trkpt lat="51.836258" lon="10.641689">
        <ele>449.692576</ele>
        <time>2026-09-26T09:47:47.999Z</time>
      </trkpt>
      <trkpt lat="51.836172" lon="10.641749">
        <ele>450.483283</ele>
        <time>2026-09-26T09:47:56.999Z</time>
      </trkpt>
      <trkpt lat="51.836081" lon="10.641790">
        <ele>451.280826</ele>
        <time>2026-09-26T09:48:07.999Z</time>
      </trkpt>
      <trkpt lat="51.835983" lon="10.641801">
        <ele>452.110239</ele>
        <time>2026-09-26T09:48:16.999Z</time>
      </trkpt>
      <trkpt lat="51.835886" lon="10.641815">
        <ele>452.932472</ele>
        <time>2026-09-26T09:48:28.999Z</time>
      </trkpt>
      <trkpt lat="51.835800" lon="10.641868">
        <ele>453.709446</ele>
        <time>2026-09-26T09:48:38.999Z</time>
      </trkpt>
      <trkpt lat="51.835708" lon="10.641876">
        <ele>454.487333</ele>
        <time>2026-09-26T09:48:48.999Z</time>
      </trkpt>
      <trkpt lat="51.835614" lon="10.641879">
        <ele>455.281141</ele>
        <time>2026-09-26T09:48:58.999Z</time>
      </trkpt>
      <trkpt lat="51.835523" lon="10.641867">
        <ele>456.052011</ele>
        <time>2026-09-26T09:49:06.999Z</time>
      </trkpt>
      <trkpt lat="51.835430" lon="10.641876">
        <ele>456.838623</ele>
        <time>2026-09-26T09:49:18.999Z</time>
      </trkpt>
      <trkpt lat="51.835335" lon="10.641839">
        <ele>457.663620</ele>
        <time>2026-09-26T09:49:27.999Z</time>
      </trkpt>
      <trkpt lat="51.835240" lon="10.641805">
        <ele>458.485097</ele>
        <time>2026-09-26T09:49:37.999Z</time>
      </trkpt>
      <trkpt lat="51.835149" lon="10.641786">
        <ele>459.568873</ele>
        <time>2026-09-26T09:49:46.999Z</time>
      </trkpt>
      <trkpt lat="51.835061" lon="10.641744">
        <ele>460.799463</ele>
        <time>2026-09-26T09:49:58.999Z</time>
      </trkpt>
      <trkpt lat="51.834915" lon="10.641747">
        <ele>462.757894</ele>
        <time>2026-09-26T09:50:46.999Z</time>
      </trkpt>
      <trkpt lat="51.834825" lon="10.641706">
        <ele>464.011966</ele>
        <time>2026-09-26T09:50:58.999Z</time>
      </trkpt>
      <trkpt lat="51.834727" lon="10.641687">
        <ele>465.335822</ele>
        <time>2026-09-26T09:51:10.999Z</time>
      </trkpt>
      <trkpt lat="51.834658" lon="10.641578">
        <ele>466.629145</ele>
        <time>2026-09-26T09:51:21.999Z</time>
      </trkpt>
      <trkpt lat="51.834563" lon="10.641596">
        <ele>467.912068</ele>
        <time>2026-09-26T09:51:56.999Z</time>
      </trkpt>
      <trkpt lat="51.834481" lon="10.641530">
        <ele>469.140445</ele>
        <time>2026-09-26T09:52:07.999Z</time>
      </trkpt>
      <trkpt lat="51.834387" lon="10.641483">
        <ele>470.460058</ele>
        <time>2026-09-26T09:52:18.999Z</time>
      </trkpt>
      <trkpt lat="51.834295" lon="10.641432">
        <ele>471.764429</ele>
        <time>2026-09-26T09:52:29.999Z</time>
      </trkpt>
      <trkpt lat="51.834205" lon="10.641414">
        <ele>472.980768</ele>
        <time>2026-09-26T09:52:42.999Z</time>
      </trkpt>
      <trkpt lat="51.834056" lon="10.641294">
        <ele>475.213093</ele>
        <time>2026-09-26T09:53:27.999Z</time>
      </trkpt>
      <trkpt lat="51.833982" lon="10.641193">
        <ele>476.511526</ele>
        <time>2026-09-26T09:53:39.999Z</time>
      </trkpt>
      <trkpt lat="51.833917" lon="10.641090">
        <ele>477.731731</ele>
        <time>2026-09-26T09:54:03.999Z</time>
      </trkpt>
      <trkpt lat="51.833862" lon="10.640968">
        <ele>478.983408</ele>
        <time>2026-09-26T09:54:14.999Z</time>
      </trkpt>
      <trkpt lat="51.833791" lon="10.640871">
        <ele>480.229710</ele>
        <time>2026-09-26T09:54:23.999Z</time>
      </trkpt>
      <trkpt lat="51.833718" lon="10.640777">
        <ele>481.480997</ele>
        <time>2026-09-26T09:54:33.999Z</time>
      </trkpt>
      <trkpt lat="51.833654" lon="10.640670">
        <ele>482.715261</ele>
        <time>2026-09-26T09:54:49.999Z</time>
      </trkpt>
      <trkpt lat="51.833626" lon="10.640515">
        <ele>484.005303</ele>
        <time>2026-09-26T09:55:01.999Z</time>
      </trkpt>
      <trkpt lat="51.833569" lon="10.640390">
        <ele>485.240684</ele>
        <time>2026-09-26T09:55:13.999Z</time>
      </trkpt>
      <trkpt lat="51.833499" lon="10.640282">
        <ele>486.485310</ele>
        <time>2026-09-26T09:55:23.999Z</time>
      </trkpt>
      <trkpt lat="51.833417" lon="10.640219">
        <ele>487.653446</ele>
        <time>2026-09-26T09:55:34.999Z</time>
      </trkpt>
      <trkpt lat="51.833326" lon="10.640163">
        <ele>488.906329</ele>
        <time>2026-09-26T09:55:47.999Z</time>
      </trkpt>
      <trkpt lat="51.833241" lon="10.640115">
        <ele>490.064870</ele>
        <time>2026-09-26T09:56:02.999Z</time>
      </trkpt>
      <trkpt lat="51.833138" lon="10.639947">
        <ele>491.946841</ele>
        <time>2026-09-26T09:57:15.999Z</time>
      </trkpt>
      <trkpt lat="51.833072" lon="10.639832">
        <ele>493.194934</ele>
        <time>2026-09-26T09:57:28.999Z</time>
      </trkpt>
      <trkpt lat="51.833015" lon="10.639719">
        <ele>494.354923</ele>
        <time>2026-09-26T09:57:40.999Z</time>
      </trkpt>
      <trkpt lat="51.832968" lon="10.639591">
        <ele>495.538966</ele>
        <time>2026-09-26T09:58:04.999Z</time>
      </trkpt>
      <trkpt lat="51.832906" lon="10.639481">
        <ele>496.722945</ele>
        <time>2026-09-26T09:58:18.999Z</time>
      </trkpt>
      <trkpt lat="51.832855" lon="10.639355">
        <ele>497.920758</ele>
        <time>2026-09-26T09:58:30.999Z</time>
      </trkpt>
      <trkpt lat="51.832791" lon="10.639252">
        <ele>499.082331</ele>
        <time>2026-09-26T09:58:41.999Z</time>
      </trkpt>
      <trkpt lat="51.832750" lon="10.639106">
        <ele>500.357648</ele>
        <time>2026-09-26T09:58:52.999Z</time>
      </trkpt>
      <trkpt lat="51.832724" lon="10.638962">
        <ele>501.550677</ele>
        <time>2026-09-26T09:59:03.999Z</time>
      </trkpt>
      <trkpt lat="51.832677" lon="10.638837">
        <ele>502.714280</ele>
        <time>2026-09-26T09:59:16.999Z</time>
      </trkpt>
      <trkpt lat="51.832539" lon="10.638695">
        <ele>504.818807</ele>
        <time>2026-09-26T09:59:56.999Z</time>
      </trkpt>
      <trkpt lat="51.832446" lon="10.638665">
        <ele>506.030410</ele>
        <time>2026-09-26T10:00:09.999Z</time>
      </trkpt>
      <trkpt lat="51.832368" lon="10.638590">
        <ele>506.889430</ele>
        <time>2026-09-26T10:00:20.999Z</time>
      </trkpt>
      <trkpt lat="51.832275" lon="10.638569">
        <ele>507.778466</ele>
        <time>2026-09-26T10:00:36.999Z</time>
      </trkpt>
      <trkpt lat="51.832186" lon="10.638529">
        <ele>508.652996</ele>
        <time>2026-09-26T10:00:47.999Z</time>
      </trkpt>
      <trkpt lat="51.832094" lon="10.638488">
        <ele>509.556461</ele>
        <time>2026-09-26T10:01:05.999Z</time>
      </trkpt>
      <trkpt lat="51.832003" lon="10.638468">
        <ele>510.425940</ele>
        <time>2026-09-26T10:01:19.999Z</time>
      </trkpt>
      <trkpt lat="51.831925" lon="10.638390">
        <ele>511.294060</ele>
        <time>2026-09-26T10:01:30.999Z</time>
      </trkpt>
      <trkpt lat="51.831836" lon="10.638355">
        <ele>512.161220</ele>
        <time>2026-09-26T10:01:40.999Z</time>
      </trkpt>
      <trkpt lat="51.831752" lon="10.638272">
        <ele>513.093057</ele>
        <time>2026-09-26T10:01:51.999Z</time>
      </trkpt>
      <trkpt lat="51.831680" lon="10.638181">
        <ele>513.958023</ele>
        <time>2026-09-26T10:02:01.999Z</time>
      </trkpt>
      <trkpt lat="51.831586" lon="10.638151">
        <ele>514.865140</ele>
        <time>2026-09-26T10:02:13.999Z</time>
      </trkpt>
      <trkpt lat="51.831499" lon="10.638086">
        <ele>515.772395</ele>
        <time>2026-09-26T10:02:26.999Z</time>
      </trkpt>
      <trkpt lat="51.831408" lon="10.637855">
        <ele>517.375204</ele>
        <time>2026-09-26T10:03:42.000Z</time>
      </trkpt>
      <trkpt lat="51.831309" lon="10.637882">
        <ele>518.325735</ele>
        <time>2026-09-26T10:06:06.000Z</time>
      </trkpt>
      <trkpt lat="51.831238" lon="10.637782">
        <ele>519.216915</ele>
        <time>2026-09-26T10:06:18.000Z</time>
      </trkpt>
      <trkpt lat="51.831166" lon="10.637686">
        <ele>520.100194</ele>
        <time>2026-09-26T10:06:27.000Z</time>
      </trkpt>
      <trkpt lat="51.831079" lon="10.637598">
        <ele>521.071575</ele>
        <time>2026-09-26T10:06:37.000Z</time>
      </trkpt>
      <trkpt lat="51.831003" lon="10.637497">
        <ele>522.002687</ele>
        <time>2026-09-26T10:06:47.000Z</time>
      </trkpt>
      <trkpt lat="51.830915" lon="10.637443">
        <ele>522.893749</ele>
        <time>2026-09-26T10:06:57.000Z</time>
      </trkpt>
      <trkpt lat="51.830828" lon="10.637390">
        <ele>523.429276</ele>
        <time>2026-09-26T10:07:07.000Z</time>
      </trkpt>
      <trkpt lat="51.830734" lon="10.637364">
        <ele>523.910923</ele>
        <time>2026-09-26T10:07:17.000Z</time>
      </trkpt>
      <trkpt lat="51.830642" lon="10.637308">
        <ele>524.407371</ele>
        <time>2026-09-26T10:07:27.000Z</time>
      </trkpt>
      <trkpt lat="51.830562" lon="10.637227">
        <ele>524.884002</ele>
        <time>2026-09-26T10:07:38.000Z</time>
      </trkpt>
      <trkpt lat="51.830474" lon="10.637153">
        <ele>525.384892</ele>
        <time>2026-09-26T10:07:48.000Z</time>
      </trkpt>
      <trkpt lat="51.830393" lon="10.637085">
        <ele>525.845775</ele>
        <time>2026-09-26T10:07:56.000Z</time>
      </trkpt>
      <trkpt lat="51.830331" lon="10.636979">
        <ele>526.301320</ele>
        <time>2026-09-26T10:08:06.000Z</time>
      </trkpt>
      <trkpt lat="51.830272" lon="10.636859">
        <ele>526.779949</ele>
        <time>2026-09-26T10:08:15.000Z</time>
      </trkpt>
      <trkpt lat="51.830222" lon="10.636737">
        <ele>527.236871</ele>
        <time>2026-09-26T10:08:26.000Z</time>
      </trkpt>
      <trkpt lat="51.830171" lon="10.636613">
        <ele>527.701788</ele>
        <time>2026-09-26T10:08:35.000Z</time>
      </trkpt>
      <trkpt lat="51.830113" lon="10.636483">
        <ele>528.202247</ele>
        <time>2026-09-26T10:08:44.000Z</time>
      </trkpt>
      <trkpt lat="51.830047" lon="10.636370">
        <ele>528.687549</ele>
        <time>2026-09-26T10:08:53.000Z</time>
      </trkpt>
      <trkpt lat="51.829991" lon="10.636256">
        <ele>529.142092</ele>
        <time>2026-09-26T10:09:02.000Z</time>
      </trkpt>
      <trkpt lat="51.829935" lon="10.636130">
        <ele>529.626517</ele>
        <time>2026-09-26T10:09:11.000Z</time>
      </trkpt>
      <trkpt lat="51.829893" lon="10.635999">
        <ele>530.087156</ele>
        <time>2026-09-26T10:09:19.000Z</time>
      </trkpt>
      <trkpt lat="51.829842" lon="10.635871">
        <ele>530.562519</ele>
        <time>2026-09-26T10:09:28.000Z</time>
      </trkpt>
      <trkpt lat="51.829790" lon="10.635747">
        <ele>531.030256</ele>
        <time>2026-09-26T10:09:36.000Z</time>
      </trkpt>
      <trkpt lat="51.829725" lon="10.635633">
        <ele>531.514394</ele>
        <time>2026-09-26T10:09:45.000Z</time>
      </trkpt>
      <trkpt lat="51.829638" lon="10.635582">
        <ele>531.981747</ele>
        <time>2026-09-26T10:09:53.000Z</time>
      </trkpt>
      <trkpt lat="51.829555" lon="10.635501">
        <ele>532.366432</ele>
        <time>2026-09-26T10:10:02.000Z</time>
      </trkpt>
      <trkpt lat="51.829496" lon="10.635391">
        <ele>532.685520</ele>
        <time>2026-09-26T10:10:10.000Z</time>
      </trkpt>
      <trkpt lat="51.829425" lon="10.635301">
        <ele>533.005243</ele>
        <time>2026-09-26T10:10:20.000Z</time>
      </trkpt>
      <trkpt lat="51.829340" lon="10.635241">
        <ele>533.333984</ele>
        <time>2026-09-26T10:10:29.000Z</time>
      </trkpt>
      <trkpt lat="51.829277" lon="10.635132">
        <ele>533.660938</ele>
        <time>2026-09-26T10:10:37.000Z</time>
      </trkpt>
      <trkpt lat="51.829218" lon="10.635003">
        <ele>534.012523</ele>
        <time>2026-09-26T10:10:46.000Z</time>
      </trkpt>
      <trkpt lat="51.829157" lon="10.634891">
        <ele>534.339578</ele>
        <time>2026-09-26T10:10:55.000Z</time>
      </trkpt>
      <trkpt lat="51.829069" lon="10.634838">
        <ele>534.672439</ele>
        <time>2026-09-26T10:11:04.000Z</time>
      </trkpt>
      <trkpt lat="51.828974" lon="10.634826">
        <ele>535.010230</ele>
        <time>2026-09-26T10:11:13.000Z</time>
      </trkpt>
      <trkpt lat="51.828884" lon="10.634841">
        <ele>535.330960</ele>
        <time>2026-09-26T10:11:20.000Z</time>
      </trkpt>
      <trkpt lat="51.828790" lon="10.634873">
        <ele>535.671476</ele>
        <time>2026-09-26T10:11:28.000Z</time>
      </trkpt>
      <trkpt lat="51.828693" lon="10.634898">
        <ele>536.019667</ele>
        <time>2026-09-26T10:11:37.000Z</time>
      </trkpt>
      <trkpt lat="51.828611" lon="10.634838">
        <ele>536.338690</ele>
        <time>2026-09-26T10:11:46.000Z</time>
      </trkpt>
      <trkpt lat="51.828482" lon="10.634963">
        <ele>536.871711</ele>
        <time>2026-09-26T10:15:46.000Z</time>
      </trkpt>
      <trkpt lat="51.828392" lon="10.635004">
        <ele>537.203157</ele>
        <time>2026-09-26T10:15:59.000Z</time>
      </trkpt>
      <trkpt lat="51.828293" lon="10.635024">
        <ele>537.556828</ele>
        <time>2026-09-26T10:16:10.000Z</time>
      </trkpt>
      <trkpt lat="51.828201" lon="10.635031">
        <ele>537.883320</ele>
        <time>2026-09-26T10:16:19.000Z</time>
      </trkpt>
      <trkpt lat="51.828107" lon="10.635036">
        <ele>538.216721</ele>
        <time>2026-09-26T10:16:28.000Z</time>
      </trkpt>
      <trkpt lat="51.828010" lon="10.635053">
        <ele>538.545767</ele>
        <time>2026-09-26T10:16:37.000Z</time>
      </trkpt>
      <trkpt lat="51.827841" lon="10.635071">
        <ele>538.995399</ele>
        <time>2026-09-26T10:17:03.000Z</time>
      </trkpt>
      <trkpt lat="51.827744" lon="10.635090">
        <ele>539.254794</ele>
        <time>2026-09-26T10:17:11.999Z</time>
      </trkpt>
      <trkpt lat="51.827650" lon="10.635109">
        <ele>539.506284</ele>
        <time>2026-09-26T10:17:26.999Z</time>
      </trkpt>
      <trkpt lat="51.827556" lon="10.635134">
        <ele>539.759184</ele>
        <time>2026-09-26T10:17:35.999Z</time>
      </trkpt>
      <trkpt lat="51.827459" lon="10.635143">
        <ele>540.017122</ele>
        <time>2026-09-26T10:17:43.999Z</time>
      </trkpt>
      <trkpt lat="51.827370" lon="10.635178">
        <ele>540.260277</ele>
        <time>2026-09-26T10:17:51.999Z</time>
      </trkpt>
      <trkpt lat="51.827280" lon="10.635203">
        <ele>540.502705</ele>
        <time>2026-09-26T10:17:59.999Z</time>
      </trkpt>
      <trkpt lat="51.827179" lon="10.635209">
        <ele>540.771020</ele>
        <time>2026-09-26T10:18:09.000Z</time>
      </trkpt>
      <trkpt lat="51.827082" lon="10.635229">
        <ele>541.030617</ele>
        <time>2026-09-26T10:18:17.000Z</time>
      </trkpt>
      <trkpt lat="51.826991" lon="10.635238">
        <ele>541.272655</ele>
        <time>2026-09-26T10:18:25.000Z</time>
      </trkpt>
      <trkpt lat="51.826893" lon="10.635265">
        <ele>541.536569</ele>
        <time>2026-09-26T10:18:34.000Z</time>
      </trkpt>
      <trkpt lat="51.826802" lon="10.635280">
        <ele>541.779406</ele>
        <time>2026-09-26T10:18:41.000Z</time>
      </trkpt>
      <trkpt lat="51.826712" lon="10.635301">
        <ele>542.020809</ele>
        <time>2026-09-26T10:18:49.000Z</time>
      </trkpt>
      <trkpt lat="51.826618" lon="10.635312">
        <ele>542.271012</ele>
        <time>2026-09-26T10:18:57.000Z</time>
      </trkpt>
      <trkpt lat="51.826522" lon="10.635332">
        <ele>542.527977</ele>
        <time>2026-09-26T10:19:05.000Z</time>
      </trkpt>
      <trkpt lat="51.826421" lon="10.635355">
        <ele>542.798754</ele>
        <time>2026-09-26T10:19:14.000Z</time>
      </trkpt>
      <trkpt lat="51.826328" lon="10.635368">
        <ele>543.046569</ele>
        <time>2026-09-26T10:19:21.999Z</time>
      </trkpt>
      <trkpt lat="51.826231" lon="10.635375">
        <ele>543.328699</ele>
        <time>2026-09-26T10:19:29.999Z</time>
      </trkpt>
      <trkpt lat="51.826140" lon="10.635385">
        <ele>543.745789</ele>
        <time>2026-09-26T10:19:37.999Z</time>
      </trkpt>
      <trkpt lat="51.826045" lon="10.635408">
        <ele>544.185049</ele>
        <time>2026-09-26T10:19:45.000Z</time>
      </trkpt>
      <trkpt lat="51.825946" lon="10.635419">
        <ele>544.638830</ele>
        <time>2026-09-26T10:19:54.000Z</time>
      </trkpt>
      <trkpt lat="51.825849" lon="10.635422">
        <ele>545.082480</ele>
        <time>2026-09-26T10:20:03.000Z</time>
      </trkpt>
      <trkpt lat="51.825749" lon="10.635412">
        <ele>545.540640</ele>
        <time>2026-09-26T10:20:12.000Z</time>
      </trkpt>
      <trkpt lat="51.825661" lon="10.635445">
        <ele>545.953720</ele>
        <time>2026-09-26T10:20:20.000Z</time>
      </trkpt>
      <trkpt lat="51.825565" lon="10.635448">
        <ele>546.392798</ele>
        <time>2026-09-26T10:20:29.000Z</time>
      </trkpt>
      <trkpt lat="51.825467" lon="10.635453">
        <ele>546.841163</ele>
        <time>2026-09-26T10:20:37.000Z</time>
      </trkpt>
      <trkpt lat="51.825368" lon="10.635456">
        <ele>547.293957</ele>
        <time>2026-09-26T10:20:46.000Z</time>
      </trkpt>
      <trkpt lat="51.825279" lon="10.635428">
        <ele>547.708565</ele>
        <time>2026-09-26T10:20:53.000Z</time>
      </trkpt>
      <trkpt lat="51.825190" lon="10.635446">
        <ele>548.118719</ele>
        <time>2026-09-26T10:21:01.000Z</time>
      </trkpt>
      <trkpt lat="51.825094" lon="10.635469">
        <ele>548.562501</ele>
        <time>2026-09-26T10:21:10.000Z</time>
      </trkpt>
      <trkpt lat="51.824996" lon="10.635491">
        <ele>549.014936</ele>
        <time>2026-09-26T10:21:19.000Z</time>
      </trkpt>
      <trkpt lat="51.824899" lon="10.635496">
        <ele>549.458730</ele>
        <time>2026-09-26T10:21:27.999Z</time>
      </trkpt>
      <trkpt lat="51.824803" lon="10.635521">
        <ele>549.903377</ele>
        <time>2026-09-26T10:21:36.000Z</time>
      </trkpt>
      <trkpt lat="51.824708" lon="10.635516">
        <ele>550.338030</ele>
        <time>2026-09-26T10:21:45.000Z</time>
      </trkpt>
      <trkpt lat="51.824607" lon="10.635531">
        <ele>550.801832</ele>
        <time>2026-09-26T10:21:54.000Z</time>
      </trkpt>
      <trkpt lat="51.824516" lon="10.635547">
        <ele>551.220414</ele>
        <time>2026-09-26T10:22:02.000Z</time>
      </trkpt>
      <trkpt lat="51.824418" lon="10.635552">
        <ele>551.624762</ele>
        <time>2026-09-26T10:22:10.000Z</time>
      </trkpt>
      <trkpt lat="51.824322" lon="10.635555">
        <ele>551.952240</ele>
        <time>2026-09-26T10:22:19.000Z</time>
      </trkpt>
      <trkpt lat="51.824222" lon="10.635564">
        <ele>552.293827</ele>
        <time>2026-09-26T10:22:28.000Z</time>
      </trkpt>
      <trkpt lat="51.824131" lon="10.635602">
        <ele>552.614362</ele>
        <time>2026-09-26T10:22:35.000Z</time>
      </trkpt>
      <trkpt lat="51.824041" lon="10.635622">
        <ele>552.924198</ele>
        <time>2026-09-26T10:22:43.000Z</time>
      </trkpt>
      <trkpt lat="51.823947" lon="10.635640">
        <ele>553.247032</ele>
        <time>2026-09-26T10:22:51.000Z</time>
      </trkpt>
      <trkpt lat="51.823849" lon="10.635666">
        <ele>553.585734</ele>
        <time>2026-09-26T10:22:59.000Z</time>
      </trkpt>
      <trkpt lat="51.823761" lon="10.635697">
        <ele>553.892899</ele>
        <time>2026-09-26T10:23:07.000Z</time>
      </trkpt>
      <trkpt lat="51.823673" lon="10.635737">
        <ele>554.204651</ele>
        <time>2026-09-26T10:23:15.000Z</time>
      </trkpt>
      <trkpt lat="51.823581" lon="10.635774">
        <ele>554.527975</ele>
        <time>2026-09-26T10:23:24.000Z</time>
      </trkpt>
      <trkpt lat="51.823486" lon="10.635815">
        <ele>554.863312</ele>
        <time>2026-09-26T10:23:39.999Z</time>
      </trkpt>
      <trkpt lat="51.823392" lon="10.635817">
        <ele>555.183936</ele>
        <time>2026-09-26T10:23:48.999Z</time>
      </trkpt>
      <trkpt lat="51.823302" lon="10.635858">
        <ele>555.502826</ele>
        <time>2026-09-26T10:23:57.000Z</time>
      </trkpt>
      <trkpt lat="51.823211" lon="10.635911">
        <ele>555.832688</ele>
        <time>2026-09-26T10:24:05.000Z</time>
      </trkpt>
      <trkpt lat="51.823117" lon="10.635961">
        <ele>556.170166</ele>
        <time>2026-09-26T10:24:14.000Z</time>
      </trkpt>
      <trkpt lat="51.823027" lon="10.636004">
        <ele>556.490225</ele>
        <time>2026-09-26T10:24:21.000Z</time>
      </trkpt>
      <trkpt lat="51.822930" lon="10.636037">
        <ele>556.828288</ele>
        <time>2026-09-26T10:24:30.000Z</time>
      </trkpt>
      <trkpt lat="51.822748" lon="10.636116">
        <ele>557.470969</ele>
        <time>2026-09-26T10:25:00.000Z</time>
      </trkpt>
      <trkpt lat="51.822658" lon="10.636142">
        <ele>557.857405</ele>
        <time>2026-09-26T10:25:09.000Z</time>
      </trkpt>
      <trkpt lat="51.822559" lon="10.636177">
        <ele>558.371898</ele>
        <time>2026-09-26T10:25:17.000Z</time>
      </trkpt>
      <trkpt lat="51.822465" lon="10.636191">
        <ele>558.851162</ele>
        <time>2026-09-26T10:25:27.000Z</time>
      </trkpt>
      <trkpt lat="51.822372" lon="10.636208">
        <ele>559.326336</ele>
        <time>2026-09-26T10:25:35.000Z</time>
      </trkpt>
      <trkpt lat="51.822280" lon="10.636195">
        <ele>559.795207</ele>
        <time>2026-09-26T10:25:42.999Z</time>
      </trkpt>
      <trkpt lat="51.822190" lon="10.636186">
        <ele>560.253017</ele>
        <time>2026-09-26T10:25:49.999Z</time>
      </trkpt>
      <trkpt lat="51.822094" lon="10.636184">
        <ele>560.740459</ele>
        <time>2026-09-26T10:25:58.000Z</time>
      </trkpt>
      <trkpt lat="51.822000" lon="10.636183">
        <ele>561.217715</ele>
        <time>2026-09-26T10:26:06.000Z</time>
      </trkpt>
      <trkpt lat="51.821909" lon="10.636171">
        <ele>561.681263</ele>
        <time>2026-09-26T10:26:14.000Z</time>
      </trkpt>
      <trkpt lat="51.821817" lon="10.636146">
        <ele>562.154899</ele>
        <time>2026-09-26T10:26:23.000Z</time>
      </trkpt>
      <trkpt lat="51.821727" lon="10.636127">
        <ele>562.615711</ele>
        <time>2026-09-26T10:26:31.000Z</time>
      </trkpt>
      <trkpt lat="51.821638" lon="10.636070">
        <ele>563.101690</ele>
        <time>2026-09-26T10:26:41.000Z</time>
      </trkpt>
      <trkpt lat="51.821546" lon="10.636021">
        <ele>563.593443</ele>
        <time>2026-09-26T10:26:50.000Z</time>
      </trkpt>
      <trkpt lat="51.821454" lon="10.635968">
        <ele>564.089265</ele>
        <time>2026-09-26T10:26:58.000Z</time>
      </trkpt>
      <trkpt lat="51.821372" lon="10.635908">
        <ele>564.546188</ele>
        <time>2026-09-26T10:27:06.000Z</time>
      </trkpt>
      <trkpt lat="51.821302" lon="10.635808">
        <ele>565.020310</ele>
        <time>2026-09-26T10:27:15.000Z</time>
      </trkpt>
      <trkpt lat="51.821221" lon="10.635724">
        <ele>565.508790</ele>
        <time>2026-09-26T10:27:24.000Z</time>
      </trkpt>
      <trkpt lat="51.821134" lon="10.635654">
        <ele>566.002109</ele>
        <time>2026-09-26T10:27:33.000Z</time>
      </trkpt>
      <trkpt lat="51.821050" lon="10.635591">
        <ele>566.472184</ele>
        <time>2026-09-26T10:27:40.999Z</time>
      </trkpt>
      <trkpt lat="51.820973" lon="10.635515">
        <ele>567.105761</ele>
        <time>2026-09-26T10:27:48.999Z</time>
      </trkpt>
      <trkpt lat="51.820892" lon="10.635450">
        <ele>568.044129</ele>
        <time>2026-09-26T10:27:55.999Z</time>
      </trkpt>
      <trkpt lat="51.820809" lon="10.635381">
        <ele>569.012593</ele>
        <time>2026-09-26T10:28:03.999Z</time>
      </trkpt>
      <trkpt lat="51.820749" lon="10.635250">
        <ele>570.058519</ele>
        <time>2026-09-26T10:28:12.999Z</time>
      </trkpt>
      <trkpt lat="51.820705" lon="10.635121">
        <ele>571.003686</ele>
        <time>2026-09-26T10:28:21.000Z</time>
      </trkpt>
      <trkpt lat="51.820687" lon="10.634972">
        <ele>571.977608</ele>
        <time>2026-09-26T10:28:30.000Z</time>
      </trkpt>
      <trkpt lat="51.820658" lon="10.634829">
        <ele>572.943067</ele>
        <time>2026-09-26T10:28:38.000Z</time>
      </trkpt>
      <trkpt lat="51.820628" lon="10.634677">
        <ele>573.966653</ele>
        <time>2026-09-26T10:28:47.000Z</time>
      </trkpt>
      <trkpt lat="51.820598" lon="10.634540">
        <ele>574.899032</ele>
        <time>2026-09-26T10:28:56.000Z</time>
      </trkpt>
      <trkpt lat="51.820564" lon="10.634384">
        <ele>575.960165</ele>
        <time>2026-09-26T10:29:05.000Z</time>
      </trkpt>
      <trkpt lat="51.820529" lon="10.634240">
        <ele>576.952781</ele>
        <time>2026-09-26T10:29:15.000Z</time>
      </trkpt>
      <trkpt lat="51.820502" lon="10.634097">
        <ele>577.911976</ele>
        <time>2026-09-26T10:29:24.000Z</time>
      </trkpt>
      <trkpt lat="51.820464" lon="10.633949">
        <ele>578.940053</ele>
        <time>2026-09-26T10:29:33.000Z</time>
      </trkpt>
      <trkpt lat="51.820467" lon="10.633789">
        <ele>579.966935</ele>
        <time>2026-09-26T10:29:43.000Z</time>
      </trkpt>
      <trkpt lat="51.820501" lon="10.633644">
        <ele>580.961797</ele>
        <time>2026-09-26T10:29:51.999Z</time>
      </trkpt>
      <trkpt lat="51.820574" lon="10.633540">
        <ele>581.971292</ele>
        <time>2026-09-26T10:30:01.999Z</time>
      </trkpt>
      <trkpt lat="51.820658" lon="10.633451">
        <ele>583.013383</ele>
        <time>2026-09-26T10:30:11.000Z</time>
      </trkpt>
      <trkpt lat="51.820749" lon="10.633394">
        <ele>584.026116</ele>
        <time>2026-09-26T10:30:21.000Z</time>
      </trkpt>
      <trkpt lat="51.820861" lon="10.633341">
        <ele>585.237180</ele>
        <time>2026-09-26T10:30:57.000Z</time>
      </trkpt>
      <trkpt lat="51.820957" lon="10.633296">
        <ele>586.499725</ele>
        <time>2026-09-26T10:31:05.000Z</time>
      </trkpt>
      <trkpt lat="51.821051" lon="10.633243">
        <ele>587.807952</ele>
        <time>2026-09-26T10:31:16.000Z</time>
      </trkpt>
      <trkpt lat="51.821148" lon="10.633190">
        <ele>589.153472</ele>
        <time>2026-09-26T10:31:27.000Z</time>
      </trkpt>
      <trkpt lat="51.821238" lon="10.633141">
        <ele>590.401437</ele>
        <time>2026-09-26T10:31:36.000Z</time>
      </trkpt>
      <trkpt lat="51.821336" lon="10.633100">
        <ele>591.731725</ele>
        <time>2026-09-26T10:31:45.000Z</time>
      </trkpt>
      <trkpt lat="51.821429" lon="10.633038">
        <ele>593.053639</ele>
        <time>2026-09-26T10:31:55.000Z</time>
      </trkpt>
      <trkpt lat="51.821528" lon="10.632997">
        <ele>594.396654</ele>
        <time>2026-09-26T10:32:05.000Z</time>
      </trkpt>
      <trkpt lat="51.821623" lon="10.632956">
        <ele>595.688809</ele>
        <time>2026-09-26T10:32:15.000Z</time>
      </trkpt>
      <trkpt lat="51.821715" lon="10.632924">
        <ele>596.925505</ele>
        <time>2026-09-26T10:32:24.000Z</time>
      </trkpt>
      <trkpt lat="51.821802" lon="10.632874">
        <ele>598.138862</ele>
        <time>2026-09-26T10:32:33.000Z</time>
      </trkpt>
      <trkpt lat="51.821892" lon="10.632818">
        <ele>599.406108</ele>
        <time>2026-09-26T10:32:43.000Z</time>
      </trkpt>
      <trkpt lat="51.821983" lon="10.632772">
        <ele>600.659052</ele>
        <time>2026-09-26T10:32:52.000Z</time>
      </trkpt>
      <trkpt lat="51.822072" lon="10.632694">
        <ele>601.989286</ele>
        <time>2026-09-26T10:33:01.000Z</time>
      </trkpt>
      <trkpt lat="51.822159" lon="10.632609">
        <ele>603.324956</ele>
        <time>2026-09-26T10:33:11.000Z</time>
      </trkpt>
      <trkpt lat="51.822222" lon="10.632492">
        <ele>604.585423</ele>
        <time>2026-09-26T10:33:20.000Z</time>
      </trkpt>
      <trkpt lat="51.822291" lon="10.632396">
        <ele>605.781421</ele>
        <time>2026-09-26T10:33:29.000Z</time>
      </trkpt>
      <trkpt lat="51.822343" lon="10.632265">
        <ele>607.046090</ele>
        <time>2026-09-26T10:33:39.000Z</time>
      </trkpt>
      <trkpt lat="51.822371" lon="10.632118">
        <ele>608.295602</ele>
        <time>2026-09-26T10:33:49.000Z</time>
      </trkpt>
      <trkpt lat="51.822374" lon="10.631960">
        <ele>609.432423</ele>
        <time>2026-09-26T10:33:58.000Z</time>
      </trkpt>
      <trkpt lat="51.822367" lon="10.631811">
        <ele>610.297996</ele>
        <time>2026-09-26T10:34:08.000Z</time>
      </trkpt>
      <trkpt lat="51.822322" lon="10.631675">
        <ele>611.191552</ele>
        <time>2026-09-26T10:34:17.000Z</time>
      </trkpt>
      <trkpt lat="51.822279" lon="10.631537">
        <ele>612.086747</ele>
        <time>2026-09-26T10:34:26.000Z</time>
      </trkpt>
      <trkpt lat="51.822233" lon="10.631410">
        <ele>612.939400</ele>
        <time>2026-09-26T10:34:35.000Z</time>
      </trkpt>
      <trkpt lat="51.822174" lon="10.631278">
        <ele>613.882983</ele>
        <time>2026-09-26T10:34:44.000Z</time>
      </trkpt>
      <trkpt lat="51.822106" lon="10.631164">
        <ele>614.800675</ele>
        <time>2026-09-26T10:34:55.000Z</time>
      </trkpt>
      <trkpt lat="51.822037" lon="10.631061">
        <ele>615.680504</ele>
        <time>2026-09-26T10:35:04.000Z</time>
      </trkpt>
      <trkpt lat="51.821956" lon="10.630992">
        <ele>616.538387</ele>
        <time>2026-09-26T10:35:13.000Z</time>
      </trkpt>
      <trkpt lat="51.821876" lon="10.630907">
        <ele>617.435326</ele>
        <time>2026-09-26T10:35:23.000Z</time>
      </trkpt>
      <trkpt lat="51.821796" lon="10.630831">
        <ele>618.304740</ele>
        <time>2026-09-26T10:35:31.000Z</time>
      </trkpt>
      <trkpt lat="51.821718" lon="10.630748">
        <ele>619.179654</ele>
        <time>2026-09-26T10:35:40.000Z</time>
      </trkpt>
      <trkpt lat="51.821646" lon="10.630646">
        <ele>620.076525</ele>
        <time>2026-09-26T10:35:49.000Z</time>
      </trkpt>
      <trkpt lat="51.821561" lon="10.630576">
        <ele>620.970362</ele>
        <time>2026-09-26T10:35:59.000Z</time>
      </trkpt>
      <trkpt lat="51.821482" lon="10.630505">
        <ele>621.817272</ele>
        <time>2026-09-26T10:36:06.000Z</time>
      </trkpt>
      <trkpt lat="51.821395" lon="10.630431">
        <ele>622.738405</ele>
        <time>2026-09-26T10:36:14.000Z</time>
      </trkpt>
      <trkpt lat="51.821318" lon="10.630354">
        <ele>623.586729</ele>
        <time>2026-09-26T10:36:23.000Z</time>
      </trkpt>
      <trkpt lat="51.821236" lon="10.630287">
        <ele>624.447633</ele>
        <time>2026-09-26T10:36:31.000Z</time>
      </trkpt>
      <trkpt lat="51.821157" lon="10.630215">
        <ele>625.297373</ele>
        <time>2026-09-26T10:36:39.000Z</time>
      </trkpt>
      <trkpt lat="51.821078" lon="10.630120">
        <ele>626.113653</ele>
        <time>2026-09-26T10:36:48.000Z</time>
      </trkpt>
      <trkpt lat="51.820986" lon="10.630043">
        <ele>626.737862</ele>
        <time>2026-09-26T10:36:57.000Z</time>
      </trkpt>
      <trkpt lat="51.820910" lon="10.629961">
        <ele>627.288363</ele>
        <time>2026-09-26T10:37:06.000Z</time>
      </trkpt>
      <trkpt lat="51.820835" lon="10.629874">
        <ele>627.844505</ele>
        <time>2026-09-26T10:37:14.000Z</time>
      </trkpt>
      <trkpt lat="51.820757" lon="10.629786">
        <ele>628.417559</ele>
        <time>2026-09-26T10:37:23.000Z</time>
      </trkpt>
      <trkpt lat="51.820672" lon="10.629708">
        <ele>629.006451</ele>
        <time>2026-09-26T10:37:31.000Z</time>
      </trkpt>
      <trkpt lat="51.820594" lon="10.629623">
        <ele>629.573187</ele>
        <time>2026-09-26T10:37:39.000Z</time>
      </trkpt>
      <trkpt lat="51.820512" lon="10.629545">
        <ele>630.146424</ele>
        <time>2026-09-26T10:37:49.000Z</time>
      </trkpt>
      <trkpt lat="51.820426" lon="10.629483">
        <ele>630.713807</ele>
        <time>2026-09-26T10:37:57.000Z</time>
      </trkpt>
      <trkpt lat="51.820353" lon="10.629388">
        <ele>631.278386</ele>
        <time>2026-09-26T10:38:05.000Z</time>
      </trkpt>
      <trkpt lat="51.820261" lon="10.629309">
        <ele>631.906055</ele>
        <time>2026-09-26T10:38:16.000Z</time>
      </trkpt>
      <trkpt lat="51.820186" lon="10.629224">
        <ele>632.457891</ele>
        <time>2026-09-26T10:38:24.000Z</time>
      </trkpt>
      <trkpt lat="51.820102" lon="10.629169">
        <ele>633.003980</ele>
        <time>2026-09-26T10:38:31.000Z</time>
      </trkpt>
      <trkpt lat="51.820021" lon="10.629102">
        <ele>633.552206</ele>
        <time>2026-09-26T10:38:40.000Z</time>
      </trkpt>
      <trkpt lat="51.819940" lon="10.629017">
        <ele>634.134027</ele>
        <time>2026-09-26T10:38:49.000Z</time>
      </trkpt>
      <trkpt lat="51.819855" lon="10.628930">
        <ele>634.740164</ele>
        <time>2026-09-26T10:38:58.000Z</time>
      </trkpt>
      <trkpt lat="51.819769" lon="10.628850">
        <ele>635.337987</ele>
        <time>2026-09-26T10:39:07.000Z</time>
      </trkpt>
      <trkpt lat="51.819684" lon="10.628758">
        <ele>635.954284</ele>
        <time>2026-09-26T10:39:16.000Z</time>
      </trkpt>
      <trkpt lat="51.819606" lon="10.628678">
        <ele>636.510833</ele>
        <time>2026-09-26T10:39:24.000Z</time>
      </trkpt>
      <trkpt lat="51.819534" lon="10.628588">
        <ele>636.636830</ele>
        <time>2026-09-26T10:39:32.000Z</time>
      </trkpt>
      <trkpt lat="51.819480" lon="10.628470">
        <ele>636.408123</ele>
        <time>2026-09-26T10:39:40.000Z</time>
      </trkpt>
      <trkpt lat="51.819439" lon="10.628337">
        <ele>636.176605</ele>
        <time>2026-09-26T10:39:48.000Z</time>
      </trkpt>
      <trkpt lat="51.819401" lon="10.628194">
        <ele>635.934133</ele>
        <time>2026-09-26T10:39:57.000Z</time>
      </trkpt>
      <trkpt lat="51.819358" lon="10.628060">
        <ele>635.698941</ele>
        <time>2026-09-26T10:40:06.000Z</time>
      </trkpt>
      <trkpt lat="51.819352" lon="10.627852">
        <ele>635.374573</ele>
        <time>2026-09-26T10:48:53.999Z</time>
      </trkpt>
      <trkpt lat="51.819390" lon="10.628043">
        <ele>635.062009</ele>
        <time>2026-09-26T11:05:53.999Z</time>
      </trkpt>
      <trkpt lat="51.819425" lon="10.628177">
        <ele>634.835398</ele>
        <time>2026-09-26T11:06:02.999Z</time>
      </trkpt>
      <trkpt lat="51.819450" lon="10.628324">
        <ele>634.597898</ele>
        <time>2026-09-26T11:06:11.999Z</time>
      </trkpt>
      <trkpt lat="51.819507" lon="10.628441">
        <ele>634.365838</ele>
        <time>2026-09-26T11:06:19.999Z</time>
      </trkpt>
      <trkpt lat="51.819570" lon="10.628558">
        <ele>634.124127</ele>
        <time>2026-09-26T11:06:28.999Z</time>
      </trkpt>
      <trkpt lat="51.819645" lon="10.628667">
        <ele>633.870053</ele>
        <time>2026-09-26T11:06:37.999Z</time>
      </trkpt>
      <trkpt lat="51.819721" lon="10.628759">
        <ele>633.630844</ele>
        <time>2026-09-26T11:06:46.999Z</time>
      </trkpt>
      <trkpt lat="51.819798" lon="10.628844">
        <ele>633.395927</ele>
        <time>2026-09-26T11:06:54.999Z</time>
      </trkpt>
      <trkpt lat="51.819880" lon="10.628918">
        <ele>633.159304</ele>
        <time>2026-09-26T11:07:03.000Z</time>
      </trkpt>
      <trkpt lat="51.819962" lon="10.629009">
        <ele>632.908710</ele>
        <time>2026-09-26T11:07:12.000Z</time>
      </trkpt>
      <trkpt lat="51.820052" lon="10.629089">
        <ele>632.649922</ele>
        <time>2026-09-26T11:07:21.000Z</time>
      </trkpt>
      <trkpt lat="51.820135" lon="10.629180">
        <ele>632.397246</ele>
        <time>2026-09-26T11:07:29.000Z</time>
      </trkpt>
      <trkpt lat="51.820227" lon="10.629261">
        <ele>631.964186</ele>
        <time>2026-09-26T11:07:37.999Z</time>
      </trkpt>
      <trkpt lat="51.820318" lon="10.629330">
        <ele>631.261780</ele>
        <time>2026-09-26T11:07:45.999Z</time>
      </trkpt>
      <trkpt lat="51.820400" lon="10.629397">
        <ele>630.619721</ele>
        <time>2026-09-26T11:07:52.999Z</time>
      </trkpt>
      <trkpt lat="51.820491" lon="10.629487">
        <ele>629.874273</ele>
        <time>2026-09-26T11:08:02.999Z</time>
      </trkpt>
      <trkpt lat="51.820574" lon="10.629572">
        <ele>629.187713</ele>
        <time>2026-09-26T11:08:11.999Z</time>
      </trkpt>
      <trkpt lat="51.820658" lon="10.629647">
        <ele>628.517146</ele>
        <time>2026-09-26T11:08:19.999Z</time>
      </trkpt>
      <trkpt lat="51.820738" lon="10.629726">
        <ele>627.862081</ele>
        <time>2026-09-26T11:08:28.999Z</time>
      </trkpt>
      <trkpt lat="51.820810" lon="10.629819">
        <ele>627.218144</ele>
        <time>2026-09-26T11:08:36.999Z</time>
      </trkpt>
      <trkpt lat="51.820897" lon="10.629900">
        <ele>626.516584</ele>
        <time>2026-09-26T11:08:44.999Z</time>
      </trkpt>
      <trkpt lat="51.820981" lon="10.629983">
        <ele>625.828654</ele>
        <time>2026-09-26T11:08:52.999Z</time>
      </trkpt>
      <trkpt lat="51.821060" lon="10.630069">
        <ele>625.163147</ele>
        <time>2026-09-26T11:09:00.999Z</time>
      </trkpt>
      <trkpt lat="51.821145" lon="10.630150">
        <ele>624.473668</ele>
        <time>2026-09-26T11:09:08.999Z</time>
      </trkpt>
      <trkpt lat="51.821224" lon="10.630223">
        <ele>623.837806</ele>
        <time>2026-09-26T11:09:16.999Z</time>
      </trkpt>
      <trkpt lat="51.821315" lon="10.630301">
        <ele>623.118040</ele>
        <time>2026-09-26T11:09:23.999Z</time>
      </trkpt>
      <trkpt lat="51.821392" lon="10.630380">
        <ele>622.480780</ele>
        <time>2026-09-26T11:09:30.999Z</time>
      </trkpt>
      <trkpt lat="51.821467" lon="10.630465">
        <ele>621.840769</ele>
        <time>2026-09-26T11:09:41.999Z</time>
      </trkpt>
      <trkpt lat="51.821551" lon="10.630550">
        <ele>621.148298</ele>
        <time>2026-09-26T11:09:51.999Z</time>
      </trkpt>
      <trkpt lat="51.821628" lon="10.630628">
        <ele>620.513342</ele>
        <time>2026-09-26T11:10:08.999Z</time>
      </trkpt>
      <trkpt lat="51.821709" lon="10.630709">
        <ele>619.847802</ele>
        <time>2026-09-26T11:10:19.999Z</time>
      </trkpt>
      <trkpt lat="51.821790" lon="10.630790">
        <ele>618.950445</ele>
        <time>2026-09-26T11:10:29.999Z</time>
      </trkpt>
      <trkpt lat="51.821872" lon="10.630868">
        <ele>617.961401</ele>
        <time>2026-09-26T11:10:37.999Z</time>
      </trkpt>
      <trkpt lat="51.821957" lon="10.630937">
        <ele>616.972601</ele>
        <time>2026-09-26T11:10:45.999Z</time>
      </trkpt>
      <trkpt lat="51.822035" lon="10.631019">
        <ele>616.005413</ele>
        <time>2026-09-26T11:10:54.999Z</time>
      </trkpt>
      <trkpt lat="51.822105" lon="10.631127">
        <ele>614.999685</ele>
        <time>2026-09-26T11:11:02.999Z</time>
      </trkpt>
      <trkpt lat="51.822166" lon="10.631246">
        <ele>614.006125</ele>
        <time>2026-09-26T11:11:10.999Z</time>
      </trkpt>
      <trkpt lat="51.822217" lon="10.631367">
        <ele>613.064900</ele>
        <time>2026-09-26T11:11:38.999Z</time>
      </trkpt>
      <trkpt lat="51.822271" lon="10.631500">
        <ele>612.042232</ele>
        <time>2026-09-26T11:11:46.999Z</time>
      </trkpt>
      <trkpt lat="51.822328" lon="10.631634">
        <ele>610.996826</ele>
        <time>2026-09-26T11:11:53.999Z</time>
      </trkpt>
      <trkpt lat="51.822386" lon="10.631757">
        <ele>610.002571</ele>
        <time>2026-09-26T11:12:01.999Z</time>
      </trkpt>
      <trkpt lat="51.822395" lon="10.631918">
        <ele>608.963649</ele>
        <time>2026-09-26T11:12:09.999Z</time>
      </trkpt>
      <trkpt lat="51.822405" lon="10.632082">
        <ele>607.904553</ele>
        <time>2026-09-26T11:12:18.999Z</time>
      </trkpt>
      <trkpt lat="51.822387" lon="10.632226">
        <ele>606.960373</ele>
        <time>2026-09-26T11:12:26.999Z</time>
      </trkpt>
      <trkpt lat="51.822343" lon="10.632370">
        <ele>605.928022</ele>
        <time>2026-09-26T11:12:35.999Z</time>
      </trkpt>
      <trkpt lat="51.822281" lon="10.632481">
        <ele>604.966535</ele>
        <time>2026-09-26T11:12:43.999Z</time>
      </trkpt>
      <trkpt lat="51.822214" lon="10.632584">
        <ele>604.005557</ele>
        <time>2026-09-26T11:12:52.999Z</time>
      </trkpt>
      <trkpt lat="51.822134" lon="10.632682">
        <ele>602.962214</ele>
        <time>2026-09-26T11:13:01.999Z</time>
      </trkpt>
      <trkpt lat="51.822051" lon="10.632748">
        <ele>602.000616</ele>
        <time>2026-09-26T11:13:10.999Z</time>
      </trkpt>
      <trkpt lat="51.821967" lon="10.632809">
        <ele>601.043276</ele>
        <time>2026-09-26T11:13:19.999Z</time>
      </trkpt>
      <trkpt lat="51.821877" lon="10.632837">
        <ele>599.871942</ele>
        <time>2026-09-26T11:13:31.999Z</time>
      </trkpt>
      <trkpt lat="51.821791" lon="10.632894">
        <ele>598.661883</ele>
        <time>2026-09-26T11:13:41.000Z</time>
      </trkpt>
      <trkpt lat="51.821700" lon="10.632937">
        <ele>597.427541</ele>
        <time>2026-09-26T11:13:50.000Z</time>
      </trkpt>
      <trkpt lat="51.821602" lon="10.632951">
        <ele>596.146597</ele>
        <time>2026-09-26T11:13:59.000Z</time>
      </trkpt>
      <trkpt lat="51.821510" lon="10.633025">
        <ele>594.808860</ele>
        <time>2026-09-26T11:14:09.000Z</time>
      </trkpt>
      <trkpt lat="51.821421" lon="10.633072">
        <ele>593.589890</ele>
        <time>2026-09-26T11:14:17.000Z</time>
      </trkpt>
      <trkpt lat="51.821333" lon="10.633136">
        <ele>592.333664</ele>
        <time>2026-09-26T11:14:26.000Z</time>
      </trkpt>
      <trkpt lat="51.821243" lon="10.633160">
        <ele>591.146035</ele>
        <time>2026-09-26T11:14:35.000Z</time>
      </trkpt>
      <trkpt lat="51.821147" lon="10.633197">
        <ele>589.861115</ele>
        <time>2026-09-26T11:14:46.000Z</time>
      </trkpt>
      <trkpt lat="51.821061" lon="10.633244">
        <ele>588.679214</ele>
        <time>2026-09-26T11:14:55.000Z</time>
      </trkpt>
      <trkpt lat="51.820906" lon="10.633329">
        <ele>586.548294</ele>
        <time>2026-09-26T11:15:30.000Z</time>
      </trkpt>
      <trkpt lat="51.820820" lon="10.633386">
        <ele>585.338231</ele>
        <time>2026-09-26T11:15:38.000Z</time>
      </trkpt>
      <trkpt lat="51.820732" lon="10.633422">
        <ele>584.156389</ele>
        <time>2026-09-26T11:15:47.000Z</time>
      </trkpt>
      <trkpt lat="51.820637" lon="10.633475">
        <ele>582.847989</ele>
        <time>2026-09-26T11:15:57.000Z</time>
      </trkpt>
      <trkpt lat="51.820561" lon="10.633566">
        <ele>581.616909</ele>
        <time>2026-09-26T11:16:06.000Z</time>
      </trkpt>
      <trkpt lat="51.820506" lon="10.633682">
        <ele>580.440307</ele>
        <time>2026-09-26T11:16:15.000Z</time>
      </trkpt>
      <trkpt lat="51.820480" lon="10.633835">
        <ele>579.163256</ele>
        <time>2026-09-26T11:16:24.000Z</time>
      </trkpt>
      <trkpt lat="51.820494" lon="10.633986">
        <ele>577.934392</ele>
        <time>2026-09-26T11:16:34.000Z</time>
      </trkpt>
      <trkpt lat="51.820527" lon="10.634128">
        <ele>577.048454</ele>
        <time>2026-09-26T11:16:43.000Z</time>
      </trkpt>
      <trkpt lat="51.820550" lon="10.634274">
        <ele>576.328785</ele>
        <time>2026-09-26T11:16:53.000Z</time>
      </trkpt>
      <trkpt lat="51.820587" lon="10.634409">
        <ele>575.623407</ele>
        <time>2026-09-26T11:17:05.000Z</time>
      </trkpt>
      <trkpt lat="51.820625" lon="10.634555">
        <ele>574.866730</ele>
        <time>2026-09-26T11:17:15.000Z</time>
      </trkpt>
      <trkpt lat="51.820659" lon="10.634703">
        <ele>574.112557</ele>
        <time>2026-09-26T11:17:25.000Z</time>
      </trkpt>
      <trkpt lat="51.820688" lon="10.634853">
        <ele>573.361848</ele>
        <time>2026-09-26T11:17:34.000Z</time>
      </trkpt>
      <trkpt lat="51.820702" lon="10.635002">
        <ele>572.641969</ele>
        <time>2026-09-26T11:17:43.000Z</time>
      </trkpt>
      <trkpt lat="51.820747" lon="10.635144">
        <ele>571.879757</ele>
        <time>2026-09-26T11:17:55.000Z</time>
      </trkpt>
      <trkpt lat="51.820790" lon="10.635284">
        <ele>571.133038</ele>
        <time>2026-09-26T11:18:09.000Z</time>
      </trkpt>
      <trkpt lat="51.820865" lon="10.635385">
        <ele>570.378964</ele>
        <time>2026-09-26T11:18:19.000Z</time>
      </trkpt>
      <trkpt lat="51.820949" lon="10.635466">
        <ele>569.623299</ele>
        <time>2026-09-26T11:18:31.000Z</time>
      </trkpt>
      <trkpt lat="51.821037" lon="10.635520">
        <ele>568.896009</ele>
        <time>2026-09-26T11:18:46.000Z</time>
      </trkpt>
      <trkpt lat="51.821119" lon="10.635592">
        <ele>568.175046</ele>
        <time>2026-09-26T11:18:56.000Z</time>
      </trkpt>
      <trkpt lat="51.821202" lon="10.635661">
        <ele>567.453943</ele>
        <time>2026-09-26T11:19:04.000Z</time>
      </trkpt>
      <trkpt lat="51.821279" lon="10.635755">
        <ele>566.708534</ele>
        <time>2026-09-26T11:19:13.000Z</time>
      </trkpt>
      <trkpt lat="51.821354" lon="10.635838">
        <ele>566.006352</ele>
        <time>2026-09-26T11:19:21.000Z</time>
      </trkpt>
      <trkpt lat="51.821441" lon="10.635914">
        <ele>565.242317</ele>
        <time>2026-09-26T11:19:31.000Z</time>
      </trkpt>
      <trkpt lat="51.821533" lon="10.635974">
        <ele>564.475799</ele>
        <time>2026-09-26T11:19:39.000Z</time>
      </trkpt>
      <trkpt lat="51.821629" lon="10.636028">
        <ele>563.690402</ele>
        <time>2026-09-26T11:19:48.000Z</time>
      </trkpt>
      <trkpt lat="51.821721" lon="10.636084">
        <ele>563.798659</ele>
        <time>2026-09-26T11:19:57.000Z</time>
      </trkpt>
      <trkpt lat="51.821811" lon="10.636111">
        <ele>563.958614</ele>
        <time>2026-09-26T11:20:05.000Z</time>
      </trkpt>
      <trkpt lat="51.821909" lon="10.636126">
        <ele>564.130632</ele>
        <time>2026-09-26T11:20:13.000Z</time>
      </trkpt>
      <trkpt lat="51.822006" lon="10.636150">
        <ele>564.302109</ele>
        <time>2026-09-26T11:20:22.000Z</time>
      </trkpt>
      <trkpt lat="51.822107" lon="10.636140">
        <ele>564.478935</ele>
        <time>2026-09-26T11:20:30.000Z</time>
      </trkpt>
      <trkpt lat="51.822207" lon="10.636144">
        <ele>564.653736</ele>
        <time>2026-09-26T11:20:38.000Z</time>
      </trkpt>
      <trkpt lat="51.822306" lon="10.636166">
        <ele>564.828362</ele>
        <time>2026-09-26T11:20:45.000Z</time>
      </trkpt>
      <trkpt lat="51.822358" lon="10.636298">
        <ele>564.997433</ele>
        <time>2026-09-26T11:20:53.000Z</time>
      </trkpt>
      <trkpt lat="51.822287" lon="10.636396">
        <ele>565.160523</ele>
        <time>2026-09-26T11:21:00.000Z</time>
      </trkpt>
      <trkpt lat="51.822209" lon="10.636472">
        <ele>565.319638</ele>
        <time>2026-09-26T11:21:08.000Z</time>
      </trkpt>
      <trkpt lat="51.822122" lon="10.636556">
        <ele>565.496684</ele>
        <time>2026-09-26T11:21:18.000Z</time>
      </trkpt>
      <trkpt lat="51.822041" lon="10.636659">
        <ele>565.676719</ele>
        <time>2026-09-26T11:21:26.000Z</time>
      </trkpt>
      <trkpt lat="51.821961" lon="10.636731">
        <ele>565.836694</ele>
        <time>2026-09-26T11:21:34.000Z</time>
      </trkpt>
      <trkpt lat="51.821880" lon="10.636816">
        <ele>566.005408</ele>
        <time>2026-09-26T11:21:43.000Z</time>
      </trkpt>
      <trkpt lat="51.821804" lon="10.636904">
        <ele>566.168727</ele>
        <time>2026-09-26T11:21:51.000Z</time>
      </trkpt>
      <trkpt lat="51.821732" lon="10.637007">
        <ele>566.336679</ele>
        <time>2026-09-26T11:22:01.000Z</time>
      </trkpt>
      <trkpt lat="51.821653" lon="10.637109">
        <ele>566.513304</ele>
        <time>2026-09-26T11:22:10.000Z</time>
      </trkpt>
      <trkpt lat="51.821587" lon="10.637216">
        <ele>566.676582</ele>
        <time>2026-09-26T11:22:18.000Z</time>
      </trkpt>
      <trkpt lat="51.821521" lon="10.637327">
        <ele>567.067543</ele>
        <time>2026-09-26T11:22:27.000Z</time>
      </trkpt>
      <trkpt lat="51.821462" lon="10.637451">
        <ele>567.856427</ele>
        <time>2026-09-26T11:22:36.000Z</time>
      </trkpt>
      <trkpt lat="51.821419" lon="10.637589">
        <ele>568.635529</ele>
        <time>2026-09-26T11:22:45.000Z</time>
      </trkpt>
      <trkpt lat="51.821373" lon="10.637726">
        <ele>569.421515</ele>
        <time>2026-09-26T11:22:54.000Z</time>
      </trkpt>
      <trkpt lat="51.821337" lon="10.637861">
        <ele>570.162731</ele>
        <time>2026-09-26T11:23:02.000Z</time>
      </trkpt>
      <trkpt lat="51.821289" lon="10.638000">
        <ele>570.965421</ele>
        <time>2026-09-26T11:23:11.000Z</time>
      </trkpt>
      <trkpt lat="51.821254" lon="10.638138">
        <ele>571.717415</ele>
        <time>2026-09-26T11:23:19.000Z</time>
      </trkpt>
      <trkpt lat="51.821212" lon="10.638290">
        <ele>572.556782</ele>
        <time>2026-09-26T11:23:29.000Z</time>
      </trkpt>
      <trkpt lat="51.821169" lon="10.638436">
        <ele>573.372104</ele>
        <time>2026-09-26T11:23:38.000Z</time>
      </trkpt>
      <trkpt lat="51.821124" lon="10.638581">
        <ele>574.190066</ele>
        <time>2026-09-26T11:23:47.000Z</time>
      </trkpt>
      <trkpt lat="51.821084" lon="10.638727">
        <ele>574.995168</ele>
        <time>2026-09-26T11:23:56.000Z</time>
      </trkpt>
      <trkpt lat="51.821034" lon="10.638860">
        <ele>575.779945</ele>
        <time>2026-09-26T11:24:05.000Z</time>
      </trkpt>
      <trkpt lat="51.820987" lon="10.638986">
        <ele>576.521862</ele>
        <time>2026-09-26T11:24:12.000Z</time>
      </trkpt>
      <trkpt lat="51.820935" lon="10.639123">
        <ele>577.332353</ele>
        <time>2026-09-26T11:24:23.000Z</time>
      </trkpt>
      <trkpt lat="51.820885" lon="10.639245">
        <ele>578.070315</ele>
        <time>2026-09-26T11:24:31.000Z</time>
      </trkpt>
      <trkpt lat="51.820829" lon="10.639361">
        <ele>578.812340</ele>
        <time>2026-09-26T11:24:39.000Z</time>
      </trkpt>
      <trkpt lat="51.820768" lon="10.639482">
        <ele>579.599509</ele>
        <time>2026-09-26T11:24:49.000Z</time>
      </trkpt>
      <trkpt lat="51.820705" lon="10.639603">
        <ele>580.397088</ele>
        <time>2026-09-26T11:24:58.000Z</time>
      </trkpt>
      <trkpt lat="51.820644" lon="10.639713">
        <ele>581.142108</ele>
        <time>2026-09-26T11:25:06.000Z</time>
      </trkpt>
      <trkpt lat="51.820579" lon="10.639840">
        <ele>581.715593</ele>
        <time>2026-09-26T11:25:15.000Z</time>
      </trkpt>
      <trkpt lat="51.820511" lon="10.639966">
        <ele>582.142394</ele>
        <time>2026-09-26T11:25:24.000Z</time>
      </trkpt>
      <trkpt lat="51.820444" lon="10.640074">
        <ele>582.532824</ele>
        <time>2026-09-26T11:25:33.000Z</time>
      </trkpt>
      <trkpt lat="51.820357" lon="10.640243">
        <ele>583.094012</ele>
        <time>2026-09-26T11:26:36.000Z</time>
      </trkpt>
      <trkpt lat="51.820279" lon="10.640374">
        <ele>583.558130</ele>
        <time>2026-09-26T11:26:54.000Z</time>
      </trkpt>
      <trkpt lat="51.820219" lon="10.640485">
        <ele>583.934381</ele>
        <time>2026-09-26T11:27:02.000Z</time>
      </trkpt>
      <trkpt lat="51.820151" lon="10.640602">
        <ele>584.344163</ele>
        <time>2026-09-26T11:27:10.000Z</time>
      </trkpt>
      <trkpt lat="51.820084" lon="10.640706">
        <ele>584.727459</ele>
        <time>2026-09-26T11:27:19.000Z</time>
      </trkpt>
      <trkpt lat="51.820011" lon="10.640811">
        <ele>585.130684</ele>
        <time>2026-09-26T11:27:28.000Z</time>
      </trkpt>
      <trkpt lat="51.819945" lon="10.640920">
        <ele>585.520021</ele>
        <time>2026-09-26T11:27:36.000Z</time>
      </trkpt>
      <trkpt lat="51.819873" lon="10.641037">
        <ele>585.941287</ele>
        <time>2026-09-26T11:27:45.000Z</time>
      </trkpt>
      <trkpt lat="51.819810" lon="10.641164">
        <ele>586.356797</ele>
        <time>2026-09-26T11:28:01.000Z</time>
      </trkpt>
      <trkpt lat="51.819743" lon="10.641267">
        <ele>586.738331</ele>
        <time>2026-09-26T11:28:10.000Z</time>
      </trkpt>
      <trkpt lat="51.819675" lon="10.641365">
        <ele>587.114265</ele>
        <time>2026-09-26T11:28:18.000Z</time>
      </trkpt>
      <trkpt lat="51.819607" lon="10.641479">
        <ele>587.518507</ele>
        <time>2026-09-26T11:28:27.000Z</time>
      </trkpt>
      <trkpt lat="51.819532" lon="10.641592">
        <ele>587.941580</ele>
        <time>2026-09-26T11:28:36.000Z</time>
      </trkpt>
      <trkpt lat="51.819461" lon="10.641686">
        <ele>588.320304</ele>
        <time>2026-09-26T11:28:44.000Z</time>
      </trkpt>
      <trkpt lat="51.819385" lon="10.641787">
        <ele>588.726314</ele>
        <time>2026-09-26T11:28:53.000Z</time>
      </trkpt>
      <trkpt lat="51.819317" lon="10.641898">
        <ele>589.313762</ele>
        <time>2026-09-26T11:29:02.000Z</time>
      </trkpt>
      <trkpt lat="51.819241" lon="10.641993">
        <ele>590.010795</ele>
        <time>2026-09-26T11:29:12.000Z</time>
      </trkpt>
      <trkpt lat="51.819166" lon="10.642079">
        <ele>590.677966</ele>
        <time>2026-09-26T11:29:20.000Z</time>
      </trkpt>
      <trkpt lat="51.819096" lon="10.642185">
        <ele>591.373821</ele>
        <time>2026-09-26T11:29:28.000Z</time>
      </trkpt>
      <trkpt lat="51.819026" lon="10.642286">
        <ele>592.054545</ele>
        <time>2026-09-26T11:29:38.000Z</time>
      </trkpt>
      <trkpt lat="51.818950" lon="10.642374">
        <ele>592.732834</ele>
        <time>2026-09-26T11:29:46.000Z</time>
      </trkpt>
      <trkpt lat="51.819014" lon="10.642533">
        <ele>593.584029</ele>
        <time>2026-09-26T11:30:00.000Z</time>
      </trkpt>
      <trkpt lat="51.819094" lon="10.642627">
        <ele>594.301608</ele>
        <time>2026-09-26T11:30:10.000Z</time>
      </trkpt>
      <trkpt lat="51.819172" lon="10.642702">
        <ele>594.960130</ele>
        <time>2026-09-26T11:30:18.000Z</time>
      </trkpt>
      <trkpt lat="51.819263" lon="10.642766">
        <ele>595.680266</ele>
        <time>2026-09-26T11:30:26.000Z</time>
      </trkpt>
      <trkpt lat="51.819348" lon="10.642827">
        <ele>596.355120</ele>
        <time>2026-09-26T11:30:35.000Z</time>
      </trkpt>
      <trkpt lat="51.819427" lon="10.642911">
        <ele>597.041210</ele>
        <time>2026-09-26T11:30:44.999Z</time>
      </trkpt>
      <trkpt lat="51.819511" lon="10.643007">
        <ele>597.787611</ele>
        <time>2026-09-26T11:30:54.000Z</time>
      </trkpt>
      <trkpt lat="51.819596" lon="10.643086">
        <ele>598.499048</ele>
        <time>2026-09-26T11:31:03.000Z</time>
      </trkpt>
      <trkpt lat="51.819678" lon="10.643184">
        <ele>599.238937</ele>
        <time>2026-09-26T11:31:12.000Z</time>
      </trkpt>
      <trkpt lat="51.819761" lon="10.643263">
        <ele>599.937825</ele>
        <time>2026-09-26T11:31:21.000Z</time>
      </trkpt>
      <trkpt lat="51.819848" lon="10.643326">
        <ele>600.629588</ele>
        <time>2026-09-26T11:31:31.000Z</time>
      </trkpt>
      <trkpt lat="51.819922" lon="10.643432">
        <ele>601.346906</ele>
        <time>2026-09-26T11:31:42.000Z</time>
      </trkpt>
      <trkpt lat="51.819984" lon="10.643561">
        <ele>602.087711</ele>
        <time>2026-09-26T11:31:52.000Z</time>
      </trkpt>
      <trkpt lat="51.820011" lon="10.643704">
        <ele>602.793104</ele>
        <time>2026-09-26T11:32:00.000Z</time>
      </trkpt>
      <trkpt lat="51.820015" lon="10.643852">
        <ele>603.491982</ele>
        <time>2026-09-26T11:32:09.000Z</time>
      </trkpt>
      <trkpt lat="51.820032" lon="10.644097">
        <ele>604.655064</ele>
        <time>2026-09-26T11:32:59.000Z</time>
      </trkpt>
      <trkpt lat="51.820049" lon="10.644252">
        <ele>605.397719</ele>
        <time>2026-09-26T11:33:08.000Z</time>
      </trkpt>
      <trkpt lat="51.820074" lon="10.644397">
        <ele>606.107888</ele>
        <time>2026-09-26T11:33:16.000Z</time>
      </trkpt>
      <trkpt lat="51.820102" lon="10.644540">
        <ele>606.815547</ele>
        <time>2026-09-26T11:33:24.000Z</time>
      </trkpt>
      <trkpt lat="51.820147" lon="10.644672">
        <ele>607.526703</ele>
        <time>2026-09-26T11:33:32.000Z</time>
      </trkpt>
      <trkpt lat="51.820206" lon="10.644802">
        <ele>608.287551</ele>
        <time>2026-09-26T11:33:45.000Z</time>
      </trkpt>
      <trkpt lat="51.820276" lon="10.644907">
        <ele>609.016103</ele>
        <time>2026-09-26T11:33:54.000Z</time>
      </trkpt>
      <trkpt lat="51.820359" lon="10.645002">
        <ele>609.792076</ele>
        <time>2026-09-26T11:34:03.000Z</time>
      </trkpt>
      <trkpt lat="51.820431" lon="10.645102">
        <ele>610.516312</ele>
        <time>2026-09-26T11:34:12.000Z</time>
      </trkpt>
      <trkpt lat="51.820502" lon="10.645195">
        <ele>611.213535</ele>
        <time>2026-09-26T11:34:22.000Z</time>
      </trkpt>
      <trkpt lat="51.820579" lon="10.645284">
        <ele>611.935784</ele>
        <time>2026-09-26T11:34:31.000Z</time>
      </trkpt>
      <trkpt lat="51.820665" lon="10.645348">
        <ele>612.658255</ele>
        <time>2026-09-26T11:34:40.000Z</time>
      </trkpt>
      <trkpt lat="51.820743" lon="10.645422">
        <ele>613.348367</ele>
        <time>2026-09-26T11:34:49.000Z</time>
      </trkpt>
      <trkpt lat="51.820841" lon="10.645437">
        <ele>614.099650</ele>
        <time>2026-09-26T11:34:58.000Z</time>
      </trkpt>
      <trkpt lat="51.820966" lon="10.645510">
        <ele>615.113914</ele>
        <time>2026-09-26T11:35:40.000Z</time>
      </trkpt>
      <trkpt lat="51.821057" lon="10.645559">
        <ele>615.726036</ele>
        <time>2026-09-26T11:35:48.000Z</time>
      </trkpt>
      <trkpt lat="51.821148" lon="10.645608">
        <ele>615.993334</ele>
        <time>2026-09-26T11:35:56.000Z</time>
      </trkpt>
      <trkpt lat="51.821233" lon="10.645659">
        <ele>616.245999</ele>
        <time>2026-09-26T11:36:04.000Z</time>
      </trkpt>
      <trkpt lat="51.821335" lon="10.645676">
        <ele>616.531780</ele>
        <time>2026-09-26T11:36:12.000Z</time>
      </trkpt>
      <trkpt lat="51.821428" lon="10.645691">
        <ele>616.792258</ele>
        <time>2026-09-26T11:36:21.000Z</time>
      </trkpt>
      <trkpt lat="51.821596" lon="10.645827">
        <ele>617.315824</ele>
        <time>2026-09-26T11:37:02.999Z</time>
      </trkpt>
      <trkpt lat="51.821684" lon="10.645912">
        <ele>617.601469</ele>
        <time>2026-09-26T11:37:10.999Z</time>
      </trkpt>
      <trkpt lat="51.821759" lon="10.645992">
        <ele>617.851839</ele>
        <time>2026-09-26T11:37:18.999Z</time>
      </trkpt>
      <trkpt lat="51.821836" lon="10.646075">
        <ele>618.109711</ele>
        <time>2026-09-26T11:37:26.999Z</time>
      </trkpt>
      <trkpt lat="51.821911" lon="10.646159">
        <ele>618.363939</ele>
        <time>2026-09-26T11:37:34.999Z</time>
      </trkpt>
      <trkpt lat="51.821979" lon="10.646255">
        <ele>618.615468</ele>
        <time>2026-09-26T11:37:43.999Z</time>
      </trkpt>
      <trkpt lat="51.822024" lon="10.646386">
        <ele>618.873648</ele>
        <time>2026-09-26T11:37:53.000Z</time>
      </trkpt>
      <trkpt lat="51.822041" lon="10.646535">
        <ele>619.134663</ele>
        <time>2026-09-26T11:38:07.000Z</time>
      </trkpt>
      <trkpt lat="51.822051" lon="10.646682">
        <ele>619.389426</ele>
        <time>2026-09-26T11:38:16.000Z</time>
      </trkpt>
      <trkpt lat="51.822061" lon="10.646828">
        <ele>619.642476</ele>
        <time>2026-09-26T11:38:25.000Z</time>
      </trkpt>
      <trkpt lat="51.822080" lon="10.646973">
        <ele>619.897816</ele>
        <time>2026-09-26T11:38:34.000Z</time>
      </trkpt>
      <trkpt lat="51.822104" lon="10.647133">
        <ele>620.181444</ele>
        <time>2026-09-26T11:38:44.000Z</time>
      </trkpt>
      <trkpt lat="51.822152" lon="10.647258">
        <ele>620.434950</ele>
        <time>2026-09-26T11:38:53.000Z</time>
      </trkpt>
      <trkpt lat="51.822197" lon="10.647390">
        <ele>620.756141</ele>
        <time>2026-09-26T11:39:02.999Z</time>
      </trkpt>
      <trkpt lat="51.822236" lon="10.647526">
        <ele>621.658119</ele>
        <time>2026-09-26T11:39:10.999Z</time>
      </trkpt>
      <trkpt lat="51.822286" lon="10.647659">
        <ele>622.594656</ele>
        <time>2026-09-26T11:39:19.999Z</time>
      </trkpt>
      <trkpt lat="51.822312" lon="10.647810">
        <ele>623.537697</ele>
        <time>2026-09-26T11:39:28.999Z</time>
      </trkpt>
      <trkpt lat="51.822362" lon="10.647933">
        <ele>624.423384</ele>
        <time>2026-09-26T11:39:36.999Z</time>
      </trkpt>
      <trkpt lat="51.822434" lon="10.648041">
        <ele>625.379052</ele>
        <time>2026-09-26T11:39:46.999Z</time>
      </trkpt>
      <trkpt lat="51.822491" lon="10.648156">
        <ele>626.265891</ele>
        <time>2026-09-26T11:40:04.999Z</time>
      </trkpt>
      <trkpt lat="51.822534" lon="10.648286">
        <ele>627.152943</ele>
        <time>2026-09-26T11:40:15.999Z</time>
      </trkpt>
      <trkpt lat="51.822588" lon="10.648409">
        <ele>628.060603</ele>
        <time>2026-09-26T11:40:24.999Z</time>
      </trkpt>
      <trkpt lat="51.822663" lon="10.648510">
        <ele>629.010406</ele>
        <time>2026-09-26T11:40:35.999Z</time>
      </trkpt>
      <trkpt lat="51.822719" lon="10.648625">
        <ele>629.891186</ele>
        <time>2026-09-26T11:40:46.999Z</time>
      </trkpt>
      <trkpt lat="51.822777" lon="10.648752">
        <ele>630.841175</ele>
        <time>2026-09-26T11:40:56.999Z</time>
      </trkpt>
      <trkpt lat="51.822821" lon="10.648883">
        <ele>631.738138</ele>
        <time>2026-09-26T11:41:07.998Z</time>
      </trkpt>
      <trkpt lat="51.822855" lon="10.649024">
        <ele>632.648684</ele>
        <time>2026-09-26T11:41:26.999Z</time>
      </trkpt>
      <trkpt lat="51.822905" lon="10.649158">
        <ele>633.590357</ele>
        <time>2026-09-26T11:41:36.999Z</time>
      </trkpt>
      <trkpt lat="51.822930" lon="10.649317">
        <ele>634.577390</ele>
        <time>2026-09-26T11:41:45.999Z</time>
      </trkpt>
      <trkpt lat="51.822930" lon="10.649475">
        <ele>635.527941</ele>
        <time>2026-09-26T11:41:54.999Z</time>
      </trkpt>
      <trkpt lat="51.822915" lon="10.649630">
        <ele>636.471804</ele>
        <time>2026-09-26T11:42:03.999Z</time>
      </trkpt>
      <trkpt lat="51.822921" lon="10.649787">
        <ele>637.418143</ele>
        <time>2026-09-26T11:42:11.999Z</time>
      </trkpt>
      <trkpt lat="51.822946" lon="10.649931">
        <ele>638.303293</ele>
        <time>2026-09-26T11:42:19.999Z</time>
      </trkpt>
      <trkpt lat="51.822962" lon="10.650083">
        <ele>639.134301</ele>
        <time>2026-09-26T11:42:27.999Z</time>
      </trkpt>
      <trkpt lat="51.822988" lon="10.650224">
        <ele>639.927326</ele>
        <time>2026-09-26T11:42:36.999Z</time>
      </trkpt>
      <trkpt lat="51.822979" lon="10.650384">
        <ele>640.793219</ele>
        <time>2026-09-26T11:42:44.999Z</time>
      </trkpt>
      <trkpt lat="51.822970" lon="10.650529">
        <ele>641.578635</ele>
        <time>2026-09-26T11:42:53.999Z</time>
      </trkpt>
      <trkpt lat="51.822995" lon="10.650669">
        <ele>642.364031</ele>
        <time>2026-09-26T11:43:02.999Z</time>
      </trkpt>
      <trkpt lat="51.822995" lon="10.650823">
        <ele>643.194023</ele>
        <time>2026-09-26T11:43:11.999Z</time>
      </trkpt>
      <trkpt lat="51.822984" lon="10.650977">
        <ele>644.029538</ele>
        <time>2026-09-26T11:43:20.999Z</time>
      </trkpt>
      <trkpt lat="51.822934" lon="10.651111">
        <ele>644.873135</ele>
        <time>2026-09-26T11:43:29.999Z</time>
      </trkpt>
      <trkpt lat="51.822931" lon="10.651261">
        <ele>645.681993</ele>
        <time>2026-09-26T11:43:37.999Z</time>
      </trkpt>
      <trkpt lat="51.822951" lon="10.651408">
        <ele>646.493225</ele>
        <time>2026-09-26T11:43:47.999Z</time>
      </trkpt>
      <trkpt lat="51.822954" lon="10.651570">
        <ele>647.366725</ele>
        <time>2026-09-26T11:43:57.999Z</time>
      </trkpt>
      <trkpt lat="51.822923" lon="10.651710">
        <ele>648.168221</ele>
        <time>2026-09-26T11:44:07.999Z</time>
      </trkpt>
      <trkpt lat="51.822970" lon="10.651852">
        <ele>649.036361</ele>
        <time>2026-09-26T11:44:36.000Z</time>
      </trkpt>
      <trkpt lat="51.823040" lon="10.651962">
        <ele>649.887261</ele>
        <time>2026-09-26T11:44:47.000Z</time>
      </trkpt>
      <trkpt lat="51.823120" lon="10.652037">
        <ele>650.693485</ele>
        <time>2026-09-26T11:44:55.000Z</time>
      </trkpt>
      <trkpt lat="51.823196" lon="10.652125">
        <ele>651.508411</ele>
        <time>2026-09-26T11:45:03.000Z</time>
      </trkpt>
      <trkpt lat="51.823279" lon="10.652182">
        <ele>652.294643</ele>
        <time>2026-09-26T11:45:15.000Z</time>
      </trkpt>
      <trkpt lat="51.823420" lon="10.652297">
        <ele>653.671503</ele>
        <time>2026-09-26T11:47:24.000Z</time>
      </trkpt>
      <trkpt lat="51.823440" lon="10.652460">
        <ele>654.175870</ele>
        <time>2026-09-26T11:49:36.000Z</time>
      </trkpt>
      <trkpt lat="51.823513" lon="10.652744">
        <ele>654.915840</ele>
        <time>2026-09-26T11:50:06.000Z</time>
      </trkpt>
      <trkpt lat="51.823521" lon="10.652903">
        <ele>655.299625</ele>
        <time>2026-09-26T11:50:33.000Z</time>
      </trkpt>
      <trkpt lat="51.823560" lon="10.653041">
        <ele>655.664681</ele>
        <time>2026-09-26T11:50:44.000Z</time>
      </trkpt>
      <trkpt lat="51.823543" lon="10.653195">
        <ele>656.041034</ele>
        <time>2026-09-26T11:50:59.000Z</time>
      </trkpt>
      <trkpt lat="51.823602" lon="10.653408">
        <ele>656.602571</ele>
        <time>2026-09-26T11:51:28.000Z</time>
      </trkpt>
      <trkpt lat="51.823648" lon="10.653548">
        <ele>656.984013</ele>
        <time>2026-09-26T11:51:46.000Z</time>
      </trkpt>
      <trkpt lat="51.823713" lon="10.653665">
        <ele>657.362480</ele>
        <time>2026-09-26T11:51:57.000Z</time>
      </trkpt>
      <trkpt lat="51.823783" lon="10.653768">
        <ele>657.730770</ele>
        <time>2026-09-26T11:52:14.000Z</time>
      </trkpt>
      <trkpt lat="51.823825" lon="10.653909">
        <ele>658.107321</ele>
        <time>2026-09-26T11:52:22.000Z</time>
      </trkpt>
      <trkpt lat="51.823879" lon="10.654049">
        <ele>658.504331</ele>
        <time>2026-09-26T11:52:32.000Z</time>
      </trkpt>
      <trkpt lat="51.823912" lon="10.654195">
        <ele>658.878322</ele>
        <time>2026-09-26T11:52:41.000Z</time>
      </trkpt>
      <trkpt lat="51.823986" lon="10.654297">
        <ele>659.256709</ele>
        <time>2026-09-26T11:52:50.000Z</time>
      </trkpt>
      <trkpt lat="51.824057" lon="10.654411">
        <ele>659.646052</ele>
        <time>2026-09-26T11:52:59.000Z</time>
      </trkpt>
      <trkpt lat="51.824118" lon="10.654536">
        <ele>660.029204</ele>
        <time>2026-09-26T11:53:07.000Z</time>
      </trkpt>
      <trkpt lat="51.824157" lon="10.654686">
        <ele>660.420695</ele>
        <time>2026-09-26T11:53:15.000Z</time>
      </trkpt>
      <trkpt lat="51.824172" lon="10.654830">
        <ele>660.772009</ele>
        <time>2026-09-26T11:53:22.000Z</time>
      </trkpt>
      <trkpt lat="51.824188" lon="10.654990">
        <ele>659.902421</ele>
        <time>2026-09-26T11:53:39.000Z</time>
      </trkpt>
      <trkpt lat="51.824181" lon="10.655148">
        <ele>658.687081</ele>
        <time>2026-09-26T11:53:47.000Z</time>
      </trkpt>
      <trkpt lat="51.824135" lon="10.655282">
        <ele>657.511058</ele>
        <time>2026-09-26T11:53:54.000Z</time>
      </trkpt>
      <trkpt lat="51.824088" lon="10.655409">
        <ele>656.375358</ele>
        <time>2026-09-26T11:54:01.000Z</time>
      </trkpt>
      <trkpt lat="51.824062" lon="10.655562">
        <ele>655.157928</ele>
        <time>2026-09-26T11:54:09.000Z</time>
      </trkpt>
      <trkpt lat="51.824075" lon="10.655708">
        <ele>654.026199</ele>
        <time>2026-09-26T11:54:19.000Z</time>
      </trkpt>
      <trkpt lat="51.824140" lon="10.655814">
        <ele>652.880585</ele>
        <time>2026-09-26T11:54:28.000Z</time>
      </trkpt>
      <trkpt lat="51.824188" lon="10.655942">
        <ele>651.731906</ele>
        <time>2026-09-26T11:54:37.000Z</time>
      </trkpt>
      <trkpt lat="51.824230" lon="10.656081">
        <ele>650.544835</ele>
        <time>2026-09-26T11:54:45.000Z</time>
      </trkpt>
      <trkpt lat="51.824271" lon="10.656212">
        <ele>649.418248</ele>
        <time>2026-09-26T11:54:53.000Z</time>
      </trkpt>
      <trkpt lat="51.824307" lon="10.656356">
        <ele>648.226479</ele>
        <time>2026-09-26T11:55:08.000Z</time>
      </trkpt>
      <trkpt lat="51.824318" lon="10.656511">
        <ele>647.029456</ele>
        <time>2026-09-26T11:55:17.000Z</time>
      </trkpt>
      <trkpt lat="51.824361" lon="10.656651">
        <ele>645.830018</ele>
        <time>2026-09-26T11:55:39.000Z</time>
      </trkpt>
      <trkpt lat="51.824414" lon="10.656777">
        <ele>644.660675</ele>
        <time>2026-09-26T11:56:03.999Z</time>
      </trkpt>
      <trkpt lat="51.824480" lon="10.656880">
        <ele>643.522386</ele>
        <time>2026-09-26T11:56:19.999Z</time>
      </trkpt>
      <trkpt lat="51.824511" lon="10.657028">
        <ele>642.323455</ele>
        <time>2026-09-26T11:56:35.999Z</time>
      </trkpt>
      <trkpt lat="51.824552" lon="10.657163">
        <ele>641.169411</ele>
        <time>2026-09-26T11:56:46.999Z</time>
      </trkpt>
      <trkpt lat="51.824620" lon="10.657268">
        <ele>640.002587</ele>
        <time>2026-09-26T11:56:59.999Z</time>
      </trkpt>
      <trkpt lat="51.824717" lon="10.657274">
        <ele>638.797622</ele>
        <time>2026-09-26T11:57:10.999Z</time>
      </trkpt>
      <trkpt lat="51.824812" lon="10.657292">
        <ele>637.595311</ele>
        <time>2026-09-26T11:57:23.000Z</time>
      </trkpt>
      <trkpt lat="51.824902" lon="10.657315">
        <ele>636.445915</ele>
        <time>2026-09-26T11:57:35.000Z</time>
      </trkpt>
      <trkpt lat="51.824994" lon="10.657366">
        <ele>635.219134</ele>
        <time>2026-09-26T11:57:45.000Z</time>
      </trkpt>
      <trkpt lat="51.825086" lon="10.657412">
        <ele>634.004430</ele>
        <time>2026-09-26T11:57:55.000Z</time>
      </trkpt>
      <trkpt lat="51.825161" lon="10.657508">
        <ele>632.798059</ele>
        <time>2026-09-26T11:58:04.999Z</time>
      </trkpt>
      <trkpt lat="51.825254" lon="10.657554">
        <ele>631.571297</ele>
        <time>2026-09-26T11:58:12.999Z</time>
      </trkpt>
      <trkpt lat="51.825343" lon="10.657604">
        <ele>630.382836</ele>
        <time>2026-09-26T11:58:25.999Z</time>
      </trkpt>
      <trkpt lat="51.825471" lon="10.657659">
        <ele>628.712186</ele>
        <time>2026-09-26T11:59:03.999Z</time>
      </trkpt>
      <trkpt lat="51.825566" lon="10.657712">
        <ele>627.444549</ele>
        <time>2026-09-26T11:59:13.999Z</time>
      </trkpt>
      <trkpt lat="51.825655" lon="10.657768">
        <ele>626.239934</ele>
        <time>2026-09-26T11:59:24.999Z</time>
      </trkpt>
      <trkpt lat="51.825744" lon="10.657829">
        <ele>625.020648</ele>
        <time>2026-09-26T11:59:34.999Z</time>
      </trkpt>
      <trkpt lat="51.825835" lon="10.657890">
        <ele>623.778093</ele>
        <time>2026-09-26T11:59:43.999Z</time>
      </trkpt>
      <trkpt lat="51.825926" lon="10.657927">
        <ele>622.594466</ele>
        <time>2026-09-26T11:59:54.000Z</time>
      </trkpt>
      <trkpt lat="51.826018" lon="10.657972">
        <ele>621.382042</ele>
        <time>2026-09-26T12:00:01.999Z</time>
      </trkpt>
      <trkpt lat="51.826110" lon="10.658010">
        <ele>620.184272</ele>
        <time>2026-09-26T12:00:09.999Z</time>
      </trkpt>
      <trkpt lat="51.826206" lon="10.658069">
        <ele>618.888843</ele>
        <time>2026-09-26T12:00:18.999Z</time>
      </trkpt>
      <trkpt lat="51.826296" lon="10.658091">
        <ele>617.740638</ele>
        <time>2026-09-26T12:00:25.999Z</time>
      </trkpt>
      <trkpt lat="51.826395" lon="10.658118">
        <ele>616.474167</ele>
        <time>2026-09-26T12:00:33.999Z</time>
      </trkpt>
      <trkpt lat="51.826485" lon="10.658172">
        <ele>615.591004</ele>
        <time>2026-09-26T12:00:42.999Z</time>
      </trkpt>
      <trkpt lat="51.826572" lon="10.658211">
        <ele>615.093799</ele>
        <time>2026-09-26T12:00:49.999Z</time>
      </trkpt>
      <trkpt lat="51.826662" lon="10.658265">
        <ele>614.565138</ele>
        <time>2026-09-26T12:00:57.999Z</time>
      </trkpt>
      <trkpt lat="51.826751" lon="10.658234">
        <ele>614.063739</ele>
        <time>2026-09-26T12:01:04.999Z</time>
      </trkpt>
      <trkpt lat="51.826850" lon="10.658225">
        <ele>613.517633</ele>
        <time>2026-09-26T12:01:13.999Z</time>
      </trkpt>
      <trkpt lat="51.826944" lon="10.658231">
        <ele>612.999523</ele>
        <time>2026-09-26T12:01:22.999Z</time>
      </trkpt>
      <trkpt lat="51.827029" lon="10.658278">
        <ele>612.504801</ele>
        <time>2026-09-26T12:01:30.999Z</time>
      </trkpt>
      <trkpt lat="51.827128" lon="10.658321">
        <ele>611.940252</ele>
        <time>2026-09-26T12:01:38.000Z</time>
      </trkpt>
      <trkpt lat="51.827211" lon="10.658379">
        <ele>611.442317</ele>
        <time>2026-09-26T12:01:46.000Z</time>
      </trkpt>
      <trkpt lat="51.827305" lon="10.658435">
        <ele>610.890633</ele>
        <time>2026-09-26T12:01:54.000Z</time>
      </trkpt>
      <trkpt lat="51.827398" lon="10.658504">
        <ele>610.327152</ele>
        <time>2026-09-26T12:02:03.000Z</time>
      </trkpt>
      <trkpt lat="51.827490" lon="10.658570">
        <ele>609.772890</ele>
        <time>2026-09-26T12:02:09.999Z</time>
      </trkpt>
      <trkpt lat="51.827575" lon="10.658654">
        <ele>609.224341</ele>
        <time>2026-09-26T12:02:17.999Z</time>
      </trkpt>
      <trkpt lat="51.827664" lon="10.658701">
        <ele>608.708724</ele>
        <time>2026-09-26T12:02:26.999Z</time>
      </trkpt>
      <trkpt lat="51.827758" lon="10.658703">
        <ele>608.190972</ele>
        <time>2026-09-26T12:02:34.999Z</time>
      </trkpt>
      <trkpt lat="51.827849" lon="10.658698">
        <ele>607.689498</ele>
        <time>2026-09-26T12:02:42.999Z</time>
      </trkpt>
      <trkpt lat="51.827944" lon="10.658691">
        <ele>607.165740</ele>
        <time>2026-09-26T12:02:50.999Z</time>
      </trkpt>
      <trkpt lat="51.828042" lon="10.658690">
        <ele>606.625991</ele>
        <time>2026-09-26T12:02:59.999Z</time>
      </trkpt>
      <trkpt lat="51.828145" lon="10.658692">
        <ele>606.058675</ele>
        <time>2026-09-26T12:03:07.999Z</time>
      </trkpt>
      <trkpt lat="51.828228" lon="10.658767">
        <ele>605.745492</ele>
        <time>2026-09-26T12:03:22.000Z</time>
      </trkpt>
      <trkpt lat="51.828299" lon="10.658866">
        <ele>605.498271</ele>
        <time>2026-09-26T12:03:30.000Z</time>
      </trkpt>
      <trkpt lat="51.828334" lon="10.659008">
        <ele>605.249058</ele>
        <time>2026-09-26T12:03:38.000Z</time>
      </trkpt>
      <trkpt lat="51.828362" lon="10.659158">
        <ele>604.993624</ele>
        <time>2026-09-26T12:03:46.000Z</time>
      </trkpt>
      <trkpt lat="51.828373" lon="10.659305">
        <ele>604.752241</ele>
        <time>2026-09-26T12:03:54.000Z</time>
      </trkpt>
      <trkpt lat="51.828385" lon="10.659460">
        <ele>604.497592</ele>
        <time>2026-09-26T12:04:02.000Z</time>
      </trkpt>
      <trkpt lat="51.828378" lon="10.659616">
        <ele>604.242618</ele>
        <time>2026-09-26T12:04:10.000Z</time>
      </trkpt>
      <trkpt lat="51.828384" lon="10.659774">
        <ele>603.984568</ele>
        <time>2026-09-26T12:04:17.999Z</time>
      </trkpt>
      <trkpt lat="51.828386" lon="10.659930">
        <ele>603.730209</ele>
        <time>2026-09-26T12:04:25.999Z</time>
      </trkpt>
      <trkpt lat="51.828400" lon="10.660082">
        <ele>603.479688</ele>
        <time>2026-09-26T12:04:33.999Z</time>
      </trkpt>
      <trkpt lat="51.828398" lon="10.660238">
        <ele>603.225329</ele>
        <time>2026-09-26T12:04:41.999Z</time>
      </trkpt>
      <trkpt lat="51.828399" lon="10.660397">
        <ele>602.966121</ele>
        <time>2026-09-26T12:04:48.999Z</time>
      </trkpt>
      <trkpt lat="51.828422" lon="10.660542">
        <ele>602.722087</ele>
        <time>2026-09-26T12:04:56.999Z</time>
      </trkpt>
      <trkpt lat="51.828455" lon="10.660681">
        <ele>602.479352</ele>
        <time>2026-09-26T12:05:03.999Z</time>
      </trkpt>
      <trkpt lat="51.828501" lon="10.660807">
        <ele>602.240792</ele>
        <time>2026-09-26T12:05:11.999Z</time>
      </trkpt>
      <trkpt lat="51.828553" lon="10.660943">
        <ele>601.980093</ele>
        <time>2026-09-26T12:05:19.999Z</time>
      </trkpt>
      <trkpt lat="51.828615" lon="10.661056">
        <ele>601.733766</ele>
        <time>2026-09-26T12:05:26.999Z</time>
      </trkpt>
      <trkpt lat="51.828668" lon="10.661183">
        <ele>601.483957</ele>
        <time>2026-09-26T12:05:34.999Z</time>
      </trkpt>
      <trkpt lat="51.828731" lon="10.661306">
        <ele>601.223538</ele>
        <time>2026-09-26T12:05:42.999Z</time>
      </trkpt>
      <trkpt lat="51.828806" lon="10.661419">
        <ele>600.921880</ele>
        <time>2026-09-26T12:06:22.999Z</time>
      </trkpt>
      <trkpt lat="51.828837" lon="10.661574">
        <ele>600.621813</ele>
        <time>2026-09-26T12:06:30.999Z</time>
      </trkpt>
      <trkpt lat="51.828865" lon="10.661734">
        <ele>600.315526</ele>
        <time>2026-09-26T12:06:37.999Z</time>
      </trkpt>
      <trkpt lat="51.828878" lon="10.661888">
        <ele>600.029243</ele>
        <time>2026-09-26T12:06:44.999Z</time>
      </trkpt>
      <trkpt lat="51.828892" lon="10.662048">
        <ele>599.731605</ele>
        <time>2026-09-26T12:06:52.999Z</time>
      </trkpt>
      <trkpt lat="51.828897" lon="10.662200">
        <ele>599.451244</ele>
        <time>2026-09-26T12:06:59.999Z</time>
      </trkpt>
      <trkpt lat="51.828907" lon="10.662346">
        <ele>599.180684</ele>
        <time>2026-09-26T12:07:07.999Z</time>
      </trkpt>
      <trkpt lat="51.828901" lon="10.662494">
        <ele>598.907501</ele>
        <time>2026-09-26T12:07:15.999Z</time>
      </trkpt>
      <trkpt lat="51.828903" lon="10.662649">
        <ele>598.621949</ele>
        <time>2026-09-26T12:07:24.999Z</time>
      </trkpt>
      <trkpt lat="51.828887" lon="10.662797">
        <ele>598.345213</ele>
        <time>2026-09-26T12:07:31.999Z</time>
      </trkpt>
      <trkpt lat="51.828881" lon="10.662948">
        <ele>598.066516</ele>
        <time>2026-09-26T12:07:39.999Z</time>
      </trkpt>
      <trkpt lat="51.828865" lon="10.663103">
        <ele>597.777071</ele>
        <time>2026-09-26T12:07:47.999Z</time>
      </trkpt>
      <trkpt lat="51.828859" lon="10.663268">
        <ele>597.472636</ele>
        <time>2026-09-26T12:07:55.999Z</time>
      </trkpt>
      <trkpt lat="51.828867" lon="10.663419">
        <ele>597.193493</ele>
        <time>2026-09-26T12:08:03.999Z</time>
      </trkpt>
      <trkpt lat="51.828867" lon="10.663583">
        <ele>596.891426</ele>
        <time>2026-09-26T12:08:11.999Z</time>
      </trkpt>
      <trkpt lat="51.828877" lon="10.663736">
        <ele>596.608048</ele>
        <time>2026-09-26T12:08:19.999Z</time>
      </trkpt>
      <trkpt lat="51.828874" lon="10.663888">
        <ele>596.327940</ele>
        <time>2026-09-26T12:08:27.999Z</time>
      </trkpt>
      <trkpt lat="51.828878" lon="10.664053">
        <ele>596.023798</ele>
        <time>2026-09-26T12:08:36.999Z</time>
      </trkpt>
      <trkpt lat="51.828874" lon="10.664201">
        <ele>595.563533</ele>
        <time>2026-09-26T12:08:43.999Z</time>
      </trkpt>
      <trkpt lat="51.828871" lon="10.664350">
        <ele>594.669710</ele>
        <time>2026-09-26T12:08:51.999Z</time>
      </trkpt>
      <trkpt lat="51.828859" lon="10.664507">
        <ele>593.721224</ele>
        <time>2026-09-26T12:08:59.999Z</time>
      </trkpt>
      <trkpt lat="51.828848" lon="10.664657">
        <ele>592.815569</ele>
        <time>2026-09-26T12:09:07.999Z</time>
      </trkpt>
      <trkpt lat="51.828841" lon="10.664813">
        <ele>591.877788</ele>
        <time>2026-09-26T12:09:15.999Z</time>
      </trkpt>
      <trkpt lat="51.828796" lon="10.664942">
        <ele>590.989646</ele>
        <time>2026-09-26T12:09:23.999Z</time>
      </trkpt>
      <trkpt lat="51.828758" lon="10.665094">
        <ele>590.006567</ele>
        <time>2026-09-26T12:09:30.999Z</time>
      </trkpt>
      <trkpt lat="51.828718" lon="10.665228">
        <ele>589.114340</ele>
        <time>2026-09-26T12:09:37.999Z</time>
      </trkpt>
      <trkpt lat="51.828702" lon="10.665390">
        <ele>588.130720</ele>
        <time>2026-09-26T12:09:46.999Z</time>
      </trkpt>
      <trkpt lat="51.828715" lon="10.665536">
        <ele>587.246315</ele>
        <time>2026-09-26T12:09:53.999Z</time>
      </trkpt>
      <trkpt lat="51.828733" lon="10.665689">
        <ele>586.312507</ele>
        <time>2026-09-26T12:10:01.999Z</time>
      </trkpt>
      <trkpt lat="51.828766" lon="10.665825">
        <ele>585.436502</ele>
        <time>2026-09-26T12:10:10.999Z</time>
      </trkpt>
      <trkpt lat="51.828790" lon="10.665973">
        <ele>584.519108</ele>
        <time>2026-09-26T12:10:35.999Z</time>
      </trkpt>
      <trkpt lat="51.828820" lon="10.666129">
        <ele>583.539552</ele>
        <time>2026-09-26T12:10:46.999Z</time>
      </trkpt>
      <trkpt lat="51.828851" lon="10.666276">
        <ele>582.608294</ele>
        <time>2026-09-26T12:10:54.999Z</time>
      </trkpt>
      <trkpt lat="51.828907" lon="10.666392">
        <ele>581.725760</ele>
        <time>2026-09-26T12:11:02.999Z</time>
      </trkpt>
      <trkpt lat="51.828972" lon="10.666510">
        <ele>580.778034</ele>
        <time>2026-09-26T12:11:11.999Z</time>
      </trkpt>
      <trkpt lat="51.829039" lon="10.666626">
        <ele>579.826085</ele>
        <time>2026-09-26T12:11:19.999Z</time>
      </trkpt>
      <trkpt lat="51.829109" lon="10.666740">
        <ele>578.862575</ele>
        <time>2026-09-26T12:11:27.999Z</time>
      </trkpt>
      <trkpt lat="51.829189" lon="10.666830">
        <ele>577.825677</ele>
        <time>2026-09-26T12:11:35.999Z</time>
      </trkpt>
      <trkpt lat="51.829277" lon="10.666893">
        <ele>576.709041</ele>
        <time>2026-09-26T12:11:43.999Z</time>
      </trkpt>
      <trkpt lat="51.829366" lon="10.666940">
        <ele>575.622674</ele>
        <time>2026-09-26T12:11:51.999Z</time>
      </trkpt>
      <trkpt lat="51.829457" lon="10.666971">
        <ele>574.543560</ele>
        <time>2026-09-26T12:12:00.999Z</time>
      </trkpt>
      <trkpt lat="51.829559" lon="10.666971">
        <ele>573.359950</ele>
        <time>2026-09-26T12:12:10.999Z</time>
      </trkpt>
      <trkpt lat="51.829655" lon="10.666939">
        <ele>572.222572</ele>
        <time>2026-09-26T12:12:18.999Z</time>
      </trkpt>
      <trkpt lat="51.829741" lon="10.666871">
        <ele>571.111853</ele>
        <time>2026-09-26T12:12:26.999Z</time>
      </trkpt>
      <trkpt lat="51.829832" lon="10.666838">
        <ele>570.029694</ele>
        <time>2026-09-26T12:12:34.999Z</time>
      </trkpt>
      <trkpt lat="51.829956" lon="10.666793">
        <ele>568.555052</ele>
        <time>2026-09-26T12:13:04.999Z</time>
      </trkpt>
      <trkpt lat="51.830054" lon="10.666767">
        <ele>567.402674</ele>
        <time>2026-09-26T12:13:13.999Z</time>
      </trkpt>
      <trkpt lat="51.830147" lon="10.666784">
        <ele>566.316635</ele>
        <time>2026-09-26T12:13:43.999Z</time>
      </trkpt>
      <trkpt lat="51.830236" lon="10.666814">
        <ele>565.261708</ele>
        <time>2026-09-26T12:13:52.999Z</time>
      </trkpt>
      <trkpt lat="51.830329" lon="10.666843">
        <ele>564.162678</ele>
        <time>2026-09-26T12:14:02.999Z</time>
      </trkpt>
      <trkpt lat="51.830424" lon="10.666874">
        <ele>563.038104</ele>
        <time>2026-09-26T12:14:10.999Z</time>
      </trkpt>
      <trkpt lat="51.830521" lon="10.666911">
        <ele>561.881663</ele>
        <time>2026-09-26T12:14:17.999Z</time>
      </trkpt>
      <trkpt lat="51.830610" lon="10.666948">
        <ele>560.815366</ele>
        <time>2026-09-26T12:14:24.999Z</time>
      </trkpt>
      <trkpt lat="51.830698" lon="10.666995">
        <ele>559.740027</ele>
        <time>2026-09-26T12:14:32.999Z</time>
      </trkpt>
      <trkpt lat="51.830780" lon="10.667064">
        <ele>558.667532</ele>
        <time>2026-09-26T12:14:42.000Z</time>
      </trkpt>
      <trkpt lat="51.830875" lon="10.667134">
        <ele>557.483345</ele>
        <time>2026-09-26T12:14:51.999Z</time>
      </trkpt>
      <trkpt lat="51.830956" lon="10.667225">
        <ele>556.885025</ele>
        <time>2026-09-26T12:14:59.999Z</time>
      </trkpt>
      <trkpt lat="51.831031" lon="10.667328">
        <ele>556.288152</ele>
        <time>2026-09-26T12:15:08.999Z</time>
      </trkpt>
      <trkpt lat="51.831104" lon="10.667427">
        <ele>555.710226</ele>
        <time>2026-09-26T12:15:16.999Z</time>
      </trkpt>
      <trkpt lat="51.831169" lon="10.667540">
        <ele>555.131362</ele>
        <time>2026-09-26T12:15:24.999Z</time>
      </trkpt>
      <trkpt lat="51.831208" lon="10.667679">
        <ele>554.558951</ele>
        <time>2026-09-26T12:15:33.999Z</time>
      </trkpt>
      <trkpt lat="51.831236" lon="10.667820">
        <ele>554.003619</ele>
        <time>2026-09-26T12:15:43.999Z</time>
      </trkpt>
      <trkpt lat="51.831265" lon="10.667977">
        <ele>553.389184</ele>
        <time>2026-09-26T12:15:52.999Z</time>
      </trkpt>
      <trkpt lat="51.831344" lon="10.668059">
        <ele>552.819701</ele>
        <time>2026-09-26T12:16:01.999Z</time>
      </trkpt>
      <trkpt lat="51.831439" lon="10.668041">
        <ele>552.239336</ele>
        <time>2026-09-26T12:16:11.999Z</time>
      </trkpt>
      <trkpt lat="51.831531" lon="10.667996">
        <ele>551.656168</ele>
        <time>2026-09-26T12:16:18.999Z</time>
      </trkpt>
      <trkpt lat="51.831625" lon="10.668007">
        <ele>551.084320</ele>
        <time>2026-09-26T12:16:27.999Z</time>
      </trkpt>
      <trkpt lat="51.831719" lon="10.668008">
        <ele>550.513949</ele>
        <time>2026-09-26T12:16:37.000Z</time>
      </trkpt>
      <trkpt lat="51.831805" lon="10.668070">
        <ele>549.942687</ele>
        <time>2026-09-26T12:16:46.000Z</time>
      </trkpt>
      <trkpt lat="51.831887" lon="10.668132">
        <ele>549.393507</ele>
        <time>2026-09-26T12:16:53.999Z</time>
      </trkpt>
      <trkpt lat="51.831976" lon="10.668177">
        <ele>548.827739</ele>
        <time>2026-09-26T12:17:03.999Z</time>
      </trkpt>
      <trkpt lat="51.832070" lon="10.668207">
        <ele>548.246393</ele>
        <time>2026-09-26T12:17:14.999Z</time>
      </trkpt>
      <trkpt lat="51.832162" lon="10.668200">
        <ele>547.687553</ele>
        <time>2026-09-26T12:17:43.999Z</time>
      </trkpt>
      <trkpt lat="51.832064" lon="10.668215">
        <ele>547.090269</ele>
        <time>2026-09-26T12:27:44.000Z</time>
      </trkpt>
      <trkpt lat="51.831973" lon="10.668211">
        <ele>546.558858</ele>
        <time>2026-09-26T12:28:07.000Z</time>
      </trkpt>
      <trkpt lat="51.831888" lon="10.668149">
        <ele>546.185504</ele>
        <time>2026-09-26T12:28:16.000Z</time>
      </trkpt>
      <trkpt lat="51.831804" lon="10.668078">
        <ele>545.806013</ele>
        <time>2026-09-26T12:28:24.000Z</time>
      </trkpt>
      <trkpt lat="51.831719" lon="10.668032">
        <ele>545.447109</ele>
        <time>2026-09-26T12:28:32.000Z</time>
      </trkpt>
      <trkpt lat="51.831626" lon="10.668006">
        <ele>545.069183</ele>
        <time>2026-09-26T12:28:41.000Z</time>
      </trkpt>
      <trkpt lat="51.831532" lon="10.668005">
        <ele>544.692761</ele>
        <time>2026-09-26T12:28:49.000Z</time>
      </trkpt>
      <trkpt lat="51.831433" lon="10.668024">
        <ele>544.293548</ele>
        <time>2026-09-26T12:28:57.000Z</time>
      </trkpt>
      <trkpt lat="51.831349" lon="10.668091">
        <ele>543.918536</ele>
        <time>2026-09-26T12:29:06.000Z</time>
      </trkpt>
      <trkpt lat="51.831319" lon="10.668240">
        <ele>543.530739</ele>
        <time>2026-09-26T12:29:13.000Z</time>
      </trkpt>
      <trkpt lat="51.831315" lon="10.668389">
        <ele>543.161671</ele>
        <time>2026-09-26T12:29:19.000Z</time>
      </trkpt>
      <trkpt lat="51.831348" lon="10.668548">
        <ele>542.746607</ele>
        <time>2026-09-26T12:29:26.999Z</time>
      </trkpt>
      <trkpt lat="51.831398" lon="10.668682">
        <ele>542.359249</ele>
        <time>2026-09-26T12:29:34.999Z</time>
      </trkpt>
      <trkpt lat="51.831418" lon="10.668833">
        <ele>541.977094</ele>
        <time>2026-09-26T12:29:51.000Z</time>
      </trkpt>
      <trkpt lat="51.831453" lon="10.668988">
        <ele>541.568723</ele>
        <time>2026-09-26T12:30:01.000Z</time>
      </trkpt>
      <trkpt lat="51.831475" lon="10.669134">
        <ele>541.196843</ele>
        <time>2026-09-26T12:30:10.000Z</time>
      </trkpt>
      <trkpt lat="51.831534" lon="10.669248">
        <ele>540.828871</ele>
        <time>2026-09-26T12:30:19.000Z</time>
      </trkpt>
      <trkpt lat="51.831613" lon="10.669327">
        <ele>540.456993</ele>
        <time>2026-09-26T12:30:28.000Z</time>
      </trkpt>
      <trkpt lat="51.831691" lon="10.669415">
        <ele>540.076230</ele>
        <time>2026-09-26T12:30:35.000Z</time>
      </trkpt>
      <trkpt lat="51.831765" lon="10.669514">
        <ele>539.691747</ele>
        <time>2026-09-26T12:30:43.000Z</time>
      </trkpt>
      <trkpt lat="51.831836" lon="10.669617">
        <ele>539.294276</ele>
        <time>2026-09-26T12:30:50.000Z</time>
      </trkpt>
      <trkpt lat="51.831904" lon="10.669719">
        <ele>538.856358</ele>
        <time>2026-09-26T12:30:59.000Z</time>
      </trkpt>
      <trkpt lat="51.831969" lon="10.669822">
        <ele>538.426686</ele>
        <time>2026-09-26T12:31:08.000Z</time>
      </trkpt>
      <trkpt lat="51.832048" lon="10.669920">
        <ele>537.956552</ele>
        <time>2026-09-26T12:31:16.000Z</time>
      </trkpt>
      <trkpt lat="51.832140" lon="10.670008">
        <ele>537.451806</ele>
        <time>2026-09-26T12:31:25.000Z</time>
      </trkpt>
      <trkpt lat="51.832219" lon="10.670089">
        <ele>537.010100</ele>
        <time>2026-09-26T12:31:32.999Z</time>
      </trkpt>
      <trkpt lat="51.832303" lon="10.670153">
        <ele>536.571596</ele>
        <time>2026-09-26T12:31:41.999Z</time>
      </trkpt>
      <trkpt lat="51.832387" lon="10.670206">
        <ele>536.145777</ele>
        <time>2026-09-26T12:31:49.000Z</time>
      </trkpt>
      <trkpt lat="51.832481" lon="10.670229">
        <ele>535.696771</ele>
        <time>2026-09-26T12:31:57.000Z</time>
      </trkpt>
      <trkpt lat="51.832572" lon="10.670239">
        <ele>535.265991</ele>
        <time>2026-09-26T12:32:05.000Z</time>
      </trkpt>
      <trkpt lat="51.832668" lon="10.670253">
        <ele>534.810749</ele>
        <time>2026-09-26T12:32:12.000Z</time>
      </trkpt>
      <trkpt lat="51.832762" lon="10.670251">
        <ele>534.366752</ele>
        <time>2026-09-26T12:32:19.000Z</time>
      </trkpt>
      <trkpt lat="51.832861" lon="10.670241">
        <ele>533.898268</ele>
        <time>2026-09-26T12:32:28.000Z</time>
      </trkpt>
      <trkpt lat="51.832960" lon="10.670214">
        <ele>533.424100</ele>
        <time>2026-09-26T12:32:37.000Z</time>
      </trkpt>
      <trkpt lat="51.833055" lon="10.670173">
        <ele>532.959735</ele>
        <time>2026-09-26T12:32:45.000Z</time>
      </trkpt>
      <trkpt lat="51.833141" lon="10.670118">
        <ele>532.522991</ele>
        <time>2026-09-26T12:32:53.000Z</time>
      </trkpt>
      <trkpt lat="51.833226" lon="10.670063">
        <ele>532.090636</ele>
        <time>2026-09-26T12:33:01.000Z</time>
      </trkpt>
      <trkpt lat="51.833303" lon="10.669965">
        <ele>531.627967</ele>
        <time>2026-09-26T12:33:10.000Z</time>
      </trkpt>
      <trkpt lat="51.833376" lon="10.669856">
        <ele>531.158847</ele>
        <time>2026-09-26T12:33:19.000Z</time>
      </trkpt>
      <trkpt lat="51.833461" lon="10.669800">
        <ele>530.851137</ele>
        <time>2026-09-26T12:33:32.000Z</time>
      </trkpt>
      <trkpt lat="51.833552" lon="10.669731">
        <ele>530.714247</ele>
        <time>2026-09-26T12:33:44.000Z</time>
      </trkpt>
      <trkpt lat="51.833641" lon="10.669685">
        <ele>530.586980</ele>
        <time>2026-09-26T12:33:53.000Z</time>
      </trkpt>
      <trkpt lat="51.833721" lon="10.669614">
        <ele>530.462694</ele>
        <time>2026-09-26T12:34:02.000Z</time>
      </trkpt>
      <trkpt lat="51.833802" lon="10.669546">
        <ele>530.338394</ele>
        <time>2026-09-26T12:34:10.000Z</time>
      </trkpt>
      <trkpt lat="51.833888" lon="10.669496">
        <ele>530.213916</ele>
        <time>2026-09-26T12:34:17.000Z</time>
      </trkpt>
      <trkpt lat="51.833959" lon="10.669397">
        <ele>530.086252</ele>
        <time>2026-09-26T12:34:25.000Z</time>
      </trkpt>
      <trkpt lat="51.834045" lon="10.669310">
        <ele>529.948099</ele>
        <time>2026-09-26T12:34:34.000Z</time>
      </trkpt>
      <trkpt lat="51.834125" lon="10.669229">
        <ele>529.819553</ele>
        <time>2026-09-26T12:34:42.000Z</time>
      </trkpt>
      <trkpt lat="51.834216" lon="10.669158">
        <ele>529.681940</ele>
        <time>2026-09-26T12:34:51.000Z</time>
      </trkpt>
      <trkpt lat="51.834301" lon="10.669074">
        <ele>529.546273</ele>
        <time>2026-09-26T12:34:59.000Z</time>
      </trkpt>
      <trkpt lat="51.834356" lon="10.668957">
        <ele>529.422532</ele>
        <time>2026-09-26T12:35:07.000Z</time>
      </trkpt>
      <trkpt lat="51.834421" lon="10.668846">
        <ele>529.293810</ele>
        <time>2026-09-26T12:35:15.000Z</time>
      </trkpt>
      <trkpt lat="51.834477" lon="10.668724">
        <ele>529.165886</ele>
        <time>2026-09-26T12:35:23.000Z</time>
      </trkpt>
      <trkpt lat="51.834549" lon="10.668619">
        <ele>529.033862</ele>
        <time>2026-09-26T12:35:31.000Z</time>
      </trkpt>
      <trkpt lat="51.834621" lon="10.668521">
        <ele>528.905707</ele>
        <time>2026-09-26T12:35:39.000Z</time>
      </trkpt>
      <trkpt lat="51.834686" lon="10.668409">
        <ele>528.776373</ele>
        <time>2026-09-26T12:35:47.000Z</time>
      </trkpt>
      <trkpt lat="51.834740" lon="10.668291">
        <ele>528.652777</ele>
        <time>2026-09-26T12:35:55.000Z</time>
      </trkpt>
      <trkpt lat="51.834806" lon="10.668183">
        <ele>528.524923</ele>
        <time>2026-09-26T12:36:03.000Z</time>
      </trkpt>
      <trkpt lat="51.834871" lon="10.668074">
        <ele>528.446630</ele>
        <time>2026-09-26T12:36:11.000Z</time>
      </trkpt>
      <trkpt lat="51.834948" lon="10.667975">
        <ele>528.433377</ele>
        <time>2026-09-26T12:36:19.000Z</time>
      </trkpt>
      <trkpt lat="51.835029" lon="10.667879">
        <ele>528.419847</ele>
        <time>2026-09-26T12:36:27.000Z</time>
      </trkpt>
      <trkpt lat="51.835089" lon="10.667759">
        <ele>528.406993</ele>
        <time>2026-09-26T12:36:35.000Z</time>
      </trkpt>
      <trkpt lat="51.835157" lon="10.667648">
        <ele>528.393977</ele>
        <time>2026-09-26T12:36:43.000Z</time>
      </trkpt>
      <trkpt lat="51.835221" lon="10.667534">
        <ele>528.381151</ele>
        <time>2026-09-26T12:36:51.000Z</time>
      </trkpt>
      <trkpt lat="51.835293" lon="10.667437">
        <ele>528.368526</ele>
        <time>2026-09-26T12:36:59.000Z</time>
      </trkpt>
      <trkpt lat="51.835376" lon="10.667343">
        <ele>528.354874</ele>
        <time>2026-09-26T12:37:07.000Z</time>
      </trkpt>
      <trkpt lat="51.835454" lon="10.667257">
        <ele>528.342155</ele>
        <time>2026-09-26T12:37:15.000Z</time>
      </trkpt>
      <trkpt lat="51.835534" lon="10.667159">
        <ele>528.328634</ele>
        <time>2026-09-26T12:37:23.000Z</time>
      </trkpt>
      <trkpt lat="51.835601" lon="10.667059">
        <ele>528.316352</ele>
        <time>2026-09-26T12:37:31.001Z</time>
      </trkpt>
      <trkpt lat="51.835673" lon="10.666956">
        <ele>528.303401</ele>
        <time>2026-09-26T12:37:39.001Z</time>
      </trkpt>
      <trkpt lat="51.835738" lon="10.666848">
        <ele>528.290847</ele>
        <time>2026-09-26T12:37:47.001Z</time>
      </trkpt>
      <trkpt lat="51.835817" lon="10.666744">
        <ele>528.277124</ele>
        <time>2026-09-26T12:37:55.000Z</time>
      </trkpt>
      <trkpt lat="51.835889" lon="10.666652">
        <ele>528.264761</ele>
        <time>2026-09-26T12:38:03.000Z</time>
      </trkpt>
      <trkpt lat="51.835975" lon="10.666566">
        <ele>528.251138</ele>
        <time>2026-09-26T12:38:11.000Z</time>
      </trkpt>
      <trkpt lat="51.836059" lon="10.666496">
        <ele>528.238405</ele>
        <time>2026-09-26T12:38:19.000Z</time>
      </trkpt>
      <trkpt lat="51.836137" lon="10.666404">
        <ele>528.225398</ele>
        <time>2026-09-26T12:38:27.000Z</time>
      </trkpt>
      <trkpt lat="51.836204" lon="10.666286">
        <ele>528.212054</ele>
        <time>2026-09-26T12:38:35.000Z</time>
      </trkpt>
      <trkpt lat="51.836283" lon="10.666196">
        <ele>528.188249</ele>
        <time>2026-09-26T12:38:43.000Z</time>
      </trkpt>
      <trkpt lat="51.836346" lon="10.666086">
        <ele>528.163067</ele>
        <time>2026-09-26T12:38:51.000Z</time>
      </trkpt>
      <trkpt lat="51.836412" lon="10.665973">
        <ele>528.136960</ele>
        <time>2026-09-26T12:38:59.000Z</time>
      </trkpt>
      <trkpt lat="51.836479" lon="10.665862">
        <ele>528.110907</ele>
        <time>2026-09-26T12:39:07.000Z</time>
      </trkpt>
      <trkpt lat="51.836552" lon="10.665760">
        <ele>528.084701</ele>
        <time>2026-09-26T12:39:15.000Z</time>
      </trkpt>
      <trkpt lat="51.836618" lon="10.665651">
        <ele>528.059078</ele>
        <time>2026-09-26T12:39:22.000Z</time>
      </trkpt>
      <trkpt lat="51.836683" lon="10.665534">
        <ele>528.032662</ele>
        <time>2026-09-26T12:39:30.000Z</time>
      </trkpt>
      <trkpt lat="51.836764" lon="10.665453">
        <ele>528.006790</ele>
        <time>2026-09-26T12:39:38.001Z</time>
      </trkpt>
      <trkpt lat="51.836841" lon="10.665348">
        <ele>527.979430</ele>
        <time>2026-09-26T12:39:47.001Z</time>
      </trkpt>
      <trkpt lat="51.836915" lon="10.665242">
        <ele>527.952578</ele>
        <time>2026-09-26T12:39:55.001Z</time>
      </trkpt>
      <trkpt lat="51.836982" lon="10.665138">
        <ele>527.927353</ele>
        <time>2026-09-26T12:40:03.000Z</time>
      </trkpt>
      <trkpt lat="51.837048" lon="10.665027">
        <ele>527.901489</ele>
        <time>2026-09-26T12:40:10.000Z</time>
      </trkpt>
      <trkpt lat="51.837105" lon="10.664895">
        <ele>527.874451</ele>
        <time>2026-09-26T12:40:19.000Z</time>
      </trkpt>
      <trkpt lat="51.837175" lon="10.664784">
        <ele>527.847822</ele>
        <time>2026-09-26T12:40:27.000Z</time>
      </trkpt>
      <trkpt lat="51.837234" lon="10.664671">
        <ele>527.822983</ele>
        <time>2026-09-26T12:40:35.000Z</time>
      </trkpt>
      <trkpt lat="51.837282" lon="10.664528">
        <ele>527.795660</ele>
        <time>2026-09-26T12:40:43.000Z</time>
      </trkpt>
      <trkpt lat="51.837357" lon="10.664413">
        <ele>527.767587</ele>
        <time>2026-09-26T12:40:51.000Z</time>
      </trkpt>
      <trkpt lat="51.837421" lon="10.664294">
        <ele>527.741099</ele>
        <time>2026-09-26T12:40:59.000Z</time>
      </trkpt>
      <trkpt lat="51.837481" lon="10.664170">
        <ele>527.711437</ele>
        <time>2026-09-26T12:41:07.000Z</time>
      </trkpt>
      <trkpt lat="51.837536" lon="10.664049">
        <ele>527.673249</ele>
        <time>2026-09-26T12:41:15.000Z</time>
      </trkpt>
      <trkpt lat="51.837601" lon="10.663939">
        <ele>527.634554</ele>
        <time>2026-09-26T12:41:22.000Z</time>
      </trkpt>
      <trkpt lat="51.837658" lon="10.663824">
        <ele>527.597074</ele>
        <time>2026-09-26T12:41:30.000Z</time>
      </trkpt>
      <trkpt lat="51.837711" lon="10.663695">
        <ele>527.557691</ele>
        <time>2026-09-26T12:41:38.000Z</time>
      </trkpt>
      <trkpt lat="51.837771" lon="10.663583">
        <ele>527.520006</ele>
        <time>2026-09-26T12:41:45.000Z</time>
      </trkpt>
      <trkpt lat="51.837843" lon="10.663479">
        <ele>527.480299</ele>
        <time>2026-09-26T12:41:53.000Z</time>
      </trkpt>
      <trkpt lat="51.837907" lon="10.663366">
        <ele>527.441329</ele>
        <time>2026-09-26T12:42:01.000Z</time>
      </trkpt>
      <trkpt lat="51.837987" lon="10.663257">
        <ele>527.398302</ele>
        <time>2026-09-26T12:42:09.000Z</time>
      </trkpt>
      <trkpt lat="51.838057" lon="10.663142">
        <ele>527.357263</ele>
        <time>2026-09-26T12:42:17.000Z</time>
      </trkpt>
      <trkpt lat="51.838125" lon="10.663036">
        <ele>527.318418</ele>
        <time>2026-09-26T12:42:25.000Z</time>
      </trkpt>
      <trkpt lat="51.838177" lon="10.662904">
        <ele>527.278620</ele>
        <time>2026-09-26T12:42:33.000Z</time>
      </trkpt>
      <trkpt lat="51.838238" lon="10.662790">
        <ele>527.240281</ele>
        <time>2026-09-26T12:42:40.000Z</time>
      </trkpt>
      <trkpt lat="51.838293" lon="10.662654">
        <ele>527.198960</ele>
        <time>2026-09-26T12:42:48.000Z</time>
      </trkpt>
      <trkpt lat="51.838354" lon="10.662541">
        <ele>527.160813</ele>
        <time>2026-09-26T12:42:56.000Z</time>
      </trkpt>
      <trkpt lat="51.838423" lon="10.662419">
        <ele>527.118767</ele>
        <time>2026-09-26T12:43:05.000Z</time>
      </trkpt>
      <trkpt lat="51.838482" lon="10.662305">
        <ele>527.080962</ele>
        <time>2026-09-26T12:43:13.000Z</time>
      </trkpt>
      <trkpt lat="51.838552" lon="10.662186">
        <ele>527.039192</ele>
        <time>2026-09-26T12:43:21.000Z</time>
      </trkpt>
      <trkpt lat="51.838599" lon="10.662061">
        <ele>527.001993</ele>
        <time>2026-09-26T12:43:28.000Z</time>
      </trkpt>
      <trkpt lat="51.838655" lon="10.661929">
        <ele>526.963266</ele>
        <time>2026-09-26T12:43:37.000Z</time>
      </trkpt>
      <trkpt lat="51.838720" lon="10.661828">
        <ele>526.929937</ele>
        <time>2026-09-26T12:43:46.000Z</time>
      </trkpt>
      <trkpt lat="51.838790" lon="10.661735">
        <ele>526.896439</ele>
        <time>2026-09-26T12:43:54.000Z</time>
      </trkpt>
      <trkpt lat="51.838866" lon="10.661644">
        <ele>526.861472</ele>
        <time>2026-09-26T12:44:02.000Z</time>
      </trkpt>
      <trkpt lat="51.838937" lon="10.661535">
        <ele>526.825275</ele>
        <time>2026-09-26T12:44:11.000Z</time>
      </trkpt>
      <trkpt lat="51.838995" lon="10.661419">
        <ele>526.791172</ele>
        <time>2026-09-26T12:44:19.000Z</time>
      </trkpt>
      <trkpt lat="51.839048" lon="10.661292">
        <ele>526.756148</ele>
        <time>2026-09-26T12:44:27.000Z</time>
      </trkpt>
      <trkpt lat="51.839097" lon="10.661155">
        <ele>526.719971</ele>
        <time>2026-09-26T12:44:35.000Z</time>
      </trkpt>
      <trkpt lat="51.839160" lon="10.661014">
        <ele>526.680204</ele>
        <time>2026-09-26T12:44:43.000Z</time>
      </trkpt>
      <trkpt lat="51.839218" lon="10.660886">
        <ele>526.643928</ele>
        <time>2026-09-26T12:44:51.000Z</time>
      </trkpt>
      <trkpt lat="51.839275" lon="10.660754">
        <ele>526.607125</ele>
        <time>2026-09-26T12:44:59.000Z</time>
      </trkpt>
      <trkpt lat="51.839346" lon="10.660635">
        <ele>526.569319</ele>
        <time>2026-09-26T12:45:07.000Z</time>
      </trkpt>
      <trkpt lat="51.839407" lon="10.660509">
        <ele>526.532737</ele>
        <time>2026-09-26T12:45:16.000Z</time>
      </trkpt>
      <trkpt lat="51.839485" lon="10.660393">
        <ele>526.493556</ele>
        <time>2026-09-26T12:45:24.000Z</time>
      </trkpt>
      <trkpt lat="51.839555" lon="10.660295">
        <ele>526.459322</ele>
        <time>2026-09-26T12:45:32.000Z</time>
      </trkpt>
      <trkpt lat="51.839619" lon="10.660190">
        <ele>526.425615</ele>
        <time>2026-09-26T12:45:40.000Z</time>
      </trkpt>
      <trkpt lat="51.839698" lon="10.660109">
        <ele>526.391024</ele>
        <time>2026-09-26T12:45:49.000Z</time>
      </trkpt>
      <trkpt lat="51.839764" lon="10.659989">
        <ele>526.354309</ele>
        <time>2026-09-26T12:45:57.000Z</time>
      </trkpt>
      <trkpt lat="51.839839" lon="10.659882">
        <ele>526.317329</ele>
        <time>2026-09-26T12:46:05.000Z</time>
      </trkpt>
      <trkpt lat="51.839915" lon="10.659801">
        <ele>526.242111</ele>
        <time>2026-09-26T12:46:14.000Z</time>
      </trkpt>
      <trkpt lat="51.839993" lon="10.659700">
        <ele>526.157071</ele>
        <time>2026-09-26T12:46:23.000Z</time>
      </trkpt>
      <trkpt lat="51.840073" lon="10.659612">
        <ele>526.074725</ele>
        <time>2026-09-26T12:46:32.000Z</time>
      </trkpt>
      <trkpt lat="51.840149" lon="10.659502">
        <ele>525.987928</ele>
        <time>2026-09-26T12:46:41.000Z</time>
      </trkpt>
      <trkpt lat="51.840227" lon="10.659421">
        <ele>525.909032</ele>
        <time>2026-09-26T12:46:49.000Z</time>
      </trkpt>
      <trkpt lat="51.840309" lon="10.659345">
        <ele>525.828589</ele>
        <time>2026-09-26T12:46:57.000Z</time>
      </trkpt>
      <trkpt lat="51.840393" lon="10.659266">
        <ele>525.745882</ele>
        <time>2026-09-26T12:47:05.000Z</time>
      </trkpt>
      <trkpt lat="51.840485" lon="10.659219">
        <ele>525.663751</ele>
        <time>2026-09-26T12:47:13.000Z</time>
      </trkpt>
      <trkpt lat="51.840569" lon="10.659139">
        <ele>525.580779</ele>
        <time>2026-09-26T12:47:21.000Z</time>
      </trkpt>
      <trkpt lat="51.840644" lon="10.659039">
        <ele>525.498055</ele>
        <time>2026-09-26T12:47:29.000Z</time>
      </trkpt>
      <trkpt lat="51.840722" lon="10.658951">
        <ele>525.417112</ele>
        <time>2026-09-26T12:47:37.000Z</time>
      </trkpt>
      <trkpt lat="51.840796" lon="10.658863">
        <ele>525.338938</ele>
        <time>2026-09-26T12:47:44.000Z</time>
      </trkpt>
      <trkpt lat="51.840875" lon="10.658763">
        <ele>525.253558</ele>
        <time>2026-09-26T12:47:52.000Z</time>
      </trkpt>
      <trkpt lat="51.840956" lon="10.658682">
        <ele>525.172501</ele>
        <time>2026-09-26T12:48:00.000Z</time>
      </trkpt>
      <trkpt lat="51.841040" lon="10.658614">
        <ele>525.092545</ele>
        <time>2026-09-26T12:48:07.000Z</time>
      </trkpt>
      <trkpt lat="51.841131" lon="10.658573">
        <ele>525.012129</ele>
        <time>2026-09-26T12:48:14.000Z</time>
      </trkpt>
      <trkpt lat="51.841228" lon="10.658535">
        <ele>524.927167</ele>
        <time>2026-09-26T12:48:22.000Z</time>
      </trkpt>
      <trkpt lat="51.841329" lon="10.658521">
        <ele>524.840869</ele>
        <time>2026-09-26T12:48:30.000Z</time>
      </trkpt>
      <trkpt lat="51.841419" lon="10.658455">
        <ele>524.616646</ele>
        <time>2026-09-26T12:48:38.000Z</time>
      </trkpt>
      <trkpt lat="51.841509" lon="10.658400">
        <ele>524.119473</ele>
        <time>2026-09-26T12:48:46.000Z</time>
      </trkpt>
      <trkpt lat="51.841601" lon="10.658340">
        <ele>523.606866</ele>
        <time>2026-09-26T12:48:55.000Z</time>
      </trkpt>
      <trkpt lat="51.841687" lon="10.658263">
        <ele>523.098943</ele>
        <time>2026-09-26T12:49:03.000Z</time>
      </trkpt>
      <trkpt lat="51.841771" lon="10.658193">
        <ele>522.610667</ele>
        <time>2026-09-26T12:49:10.000Z</time>
      </trkpt>
      <trkpt lat="51.841846" lon="10.658099">
        <ele>522.120441</ele>
        <time>2026-09-26T12:49:19.000Z</time>
      </trkpt>
      <trkpt lat="51.841874" lon="10.657947">
        <ele>521.613993</ele>
        <time>2026-09-26T12:49:42.000Z</time>
      </trkpt>
      <trkpt lat="51.841798" lon="10.657797">
        <ele>520.994588</ele>
        <time>2026-09-26T13:00:35.000Z</time>
      </trkpt>
      <trkpt lat="51.841878" lon="10.657868">
        <ele>520.523069</ele>
        <time>2026-09-26T13:01:40.999Z</time>
      </trkpt>
      <trkpt lat="51.841821" lon="10.658011">
        <ele>519.979692</ele>
        <time>2026-09-26T13:03:28.999Z</time>
      </trkpt>
      <trkpt lat="51.841934" lon="10.658119">
        <ele>519.301489</ele>
        <time>2026-09-26T13:04:20.999Z</time>
      </trkpt>
      <trkpt lat="51.841999" lon="10.658228">
        <ele>518.817781</ele>
        <time>2026-09-26T13:04:28.999Z</time>
      </trkpt>
      <trkpt lat="51.842069" lon="10.658329">
        <ele>518.333144</ele>
        <time>2026-09-26T13:04:36.999Z</time>
      </trkpt>
      <trkpt lat="51.842150" lon="10.658439">
        <ele>517.786704</ele>
        <time>2026-09-26T13:04:45.999Z</time>
      </trkpt>
      <trkpt lat="51.842231" lon="10.658520">
        <ele>517.294641</ele>
        <time>2026-09-26T13:04:52.999Z</time>
      </trkpt>
      <trkpt lat="51.842310" lon="10.658615">
        <ele>516.786017</ele>
        <time>2026-09-26T13:05:00.999Z</time>
      </trkpt>
      <trkpt lat="51.842387" lon="10.658722">
        <ele>516.261537</ele>
        <time>2026-09-26T13:05:08.999Z</time>
      </trkpt>
      <trkpt lat="51.842458" lon="10.658837">
        <ele>515.742435</ele>
        <time>2026-09-26T13:05:17.999Z</time>
      </trkpt>
      <trkpt lat="51.842529" lon="10.658937">
        <ele>515.167671</ele>
        <time>2026-09-26T13:05:25.999Z</time>
      </trkpt>
      <trkpt lat="51.842602" lon="10.659054">
        <ele>514.435291</ele>
        <time>2026-09-26T13:05:34.999Z</time>
      </trkpt>
      <trkpt lat="51.842681" lon="10.659165">
        <ele>513.689508</ele>
        <time>2026-09-26T13:05:41.999Z</time>
      </trkpt>
      <trkpt lat="51.842731" lon="10.659295">
        <ele>513.015050</ele>
        <time>2026-09-26T13:05:49.999Z</time>
      </trkpt>
      <trkpt lat="51.842750" lon="10.659454">
        <ele>512.301770</ele>
        <time>2026-09-26T13:05:57.999Z</time>
      </trkpt>
      <trkpt lat="51.842744" lon="10.659619">
        <ele>511.573784</ele>
        <time>2026-09-26T13:06:05.999Z</time>
      </trkpt>
      <trkpt lat="51.842730" lon="10.659781">
        <ele>510.853323</ele>
        <time>2026-09-26T13:06:13.999Z</time>
      </trkpt>
      <trkpt lat="51.842705" lon="10.659923">
        <ele>510.202999</ele>
        <time>2026-09-26T13:06:21.999Z</time>
      </trkpt>
      <trkpt lat="51.842682" lon="10.660087">
        <ele>509.462299</ele>
        <time>2026-09-26T13:07:16.999Z</time>
      </trkpt>
      <trkpt lat="51.842657" lon="10.660231">
        <ele>508.803498</ele>
        <time>2026-09-26T13:07:24.999Z</time>
      </trkpt>
      <trkpt lat="51.842615" lon="10.660382">
        <ele>508.074139</ele>
        <time>2026-09-26T13:07:32.999Z</time>
      </trkpt>
      <trkpt lat="51.842582" lon="10.660533">
        <ele>507.368689</ele>
        <time>2026-09-26T13:07:40.999Z</time>
      </trkpt>
      <trkpt lat="51.842552" lon="10.660692">
        <ele>506.636456</ele>
        <time>2026-09-26T13:07:48.999Z</time>
      </trkpt>
      <trkpt lat="51.842518" lon="10.660848">
        <ele>505.907866</ele>
        <time>2026-09-26T13:07:56.999Z</time>
      </trkpt>
      <trkpt lat="51.842484" lon="10.660997">
        <ele>505.208275</ele>
        <time>2026-09-26T13:08:03.999Z</time>
      </trkpt>
      <trkpt lat="51.842449" lon="10.661135">
        <ele>504.551242</ele>
        <time>2026-09-26T13:08:10.999Z</time>
      </trkpt>
      <trkpt lat="51.842418" lon="10.661275">
        <ele>503.896214</ele>
        <time>2026-09-26T13:08:18.999Z</time>
      </trkpt>
      <trkpt lat="51.842404" lon="10.661431">
        <ele>503.201910</ele>
        <time>2026-09-26T13:08:26.999Z</time>
      </trkpt>
      <trkpt lat="51.842389" lon="10.661582">
        <ele>502.514706</ele>
        <time>2026-09-26T13:08:34.999Z</time>
      </trkpt>
      <trkpt lat="51.842378" lon="10.661743">
        <ele>501.731113</ele>
        <time>2026-09-26T13:08:42.999Z</time>
      </trkpt>
      <trkpt lat="51.842383" lon="10.661904">
        <ele>500.951284</ele>
        <time>2026-09-26T13:08:51.000Z</time>
      </trkpt>
      <trkpt lat="51.842391" lon="10.662067">
        <ele>500.160279</ele>
        <time>2026-09-26T13:08:58.000Z</time>
      </trkpt>
      <trkpt lat="51.842419" lon="10.662355">
        <ele>498.749921</ele>
        <time>2026-09-26T13:09:44.999Z</time>
      </trkpt>
      <trkpt lat="51.842433" lon="10.662516">
        <ele>497.963400</ele>
        <time>2026-09-26T13:09:52.999Z</time>
      </trkpt>
      <trkpt lat="51.842436" lon="10.662675">
        <ele>497.193872</ele>
        <time>2026-09-26T13:10:00.999Z</time>
      </trkpt>
      <trkpt lat="51.842441" lon="10.662834">
        <ele>496.423707</ele>
        <time>2026-09-26T13:10:09.999Z</time>
      </trkpt>
      <trkpt lat="51.842453" lon="10.663036">
        <ele>495.442017</ele>
        <time>2026-09-26T13:10:32.000Z</time>
      </trkpt>
      <trkpt lat="51.842469" lon="10.663183">
        <ele>494.719947</ele>
        <time>2026-09-26T13:10:39.000Z</time>
      </trkpt>
      <trkpt lat="51.842488" lon="10.663339">
        <ele>493.950767</ele>
        <time>2026-09-26T13:10:47.000Z</time>
      </trkpt>
      <trkpt lat="51.842522" lon="10.663477">
        <ele>493.232063</ele>
        <time>2026-09-26T13:10:54.000Z</time>
      </trkpt>
      <trkpt lat="51.842555" lon="10.663616">
        <ele>492.511710</ele>
        <time>2026-09-26T13:11:01.000Z</time>
      </trkpt>
      <trkpt lat="51.842587" lon="10.663756">
        <ele>491.789593</ele>
        <time>2026-09-26T13:11:08.000Z</time>
      </trkpt>
      <trkpt lat="51.842611" lon="10.663899">
        <ele>491.072757</ele>
        <time>2026-09-26T13:11:15.000Z</time>
      </trkpt>
      <trkpt lat="51.842649" lon="10.664048">
        <ele>490.292970</ele>
        <time>2026-09-26T13:11:23.000Z</time>
      </trkpt>
      <trkpt lat="51.842689" lon="10.664185">
        <ele>489.559950</ele>
        <time>2026-09-26T13:11:30.000Z</time>
      </trkpt>
      <trkpt lat="51.842731" lon="10.664332">
        <ele>488.776477</ele>
        <time>2026-09-26T13:11:38.000Z</time>
      </trkpt>
      <trkpt lat="51.842781" lon="10.664454">
        <ele>488.182399</ele>
        <time>2026-09-26T13:11:44.999Z</time>
      </trkpt>
      <trkpt lat="51.842843" lon="10.664576">
        <ele>487.587595</ele>
        <time>2026-09-26T13:11:52.999Z</time>
      </trkpt>
      <trkpt lat="51.842898" lon="10.664695">
        <ele>487.028022</ele>
        <time>2026-09-26T13:11:59.999Z</time>
      </trkpt>
      <trkpt lat="51.842948" lon="10.664836">
        <ele>486.415881</ele>
        <time>2026-09-26T13:12:08.000Z</time>
      </trkpt>
      <trkpt lat="51.843000" lon="10.664956">
        <ele>485.863988</ele>
        <time>2026-09-26T13:12:15.000Z</time>
      </trkpt>
      <trkpt lat="51.843069" lon="10.665075">
        <ele>485.249496</ele>
        <time>2026-09-26T13:12:23.000Z</time>
      </trkpt>
      <trkpt lat="51.843151" lon="10.665142">
        <ele>484.689685</ele>
        <time>2026-09-26T13:12:32.000Z</time>
      </trkpt>
      <trkpt lat="51.843228" lon="10.665226">
        <ele>484.123777</ele>
        <time>2026-09-26T13:12:40.000Z</time>
      </trkpt>
      <trkpt lat="51.843299" lon="10.665330">
        <ele>483.540189</ele>
        <time>2026-09-26T13:12:51.000Z</time>
      </trkpt>
      <trkpt lat="51.843373" lon="10.665415">
        <ele>482.987177</ele>
        <time>2026-09-26T13:13:01.000Z</time>
      </trkpt>
      <trkpt lat="51.843462" lon="10.665443">
        <ele>482.434619</ele>
        <time>2026-09-26T13:13:11.000Z</time>
      </trkpt>
      <trkpt lat="51.843552" lon="10.665397">
        <ele>481.859421</ele>
        <time>2026-09-26T13:13:23.000Z</time>
      </trkpt>
      <trkpt lat="51.843642" lon="10.665335">
        <ele>481.263308</ele>
        <time>2026-09-26T13:13:31.999Z</time>
      </trkpt>
      <trkpt lat="51.843732" lon="10.665273">
        <ele>480.667195</ele>
        <time>2026-09-26T13:13:40.999Z</time>
      </trkpt>
      <trkpt lat="51.843823" lon="10.665213">
        <ele>480.068352</ele>
        <time>2026-09-26T13:13:49.999Z</time>
      </trkpt>
      <trkpt lat="51.843904" lon="10.665119">
        <ele>479.460933</ele>
        <time>2026-09-26T13:13:58.999Z</time>
      </trkpt>
      <trkpt lat="51.843986" lon="10.665034">
        <ele>478.867491</ele>
        <time>2026-09-26T13:14:08.999Z</time>
      </trkpt>
      <trkpt lat="51.844065" lon="10.664959">
        <ele>478.309324</ele>
        <time>2026-09-26T13:14:17.999Z</time>
      </trkpt>
      <trkpt lat="51.844143" lon="10.664887">
        <ele>477.762089</ele>
        <time>2026-09-26T13:14:27.999Z</time>
      </trkpt>
      <trkpt lat="51.844212" lon="10.664780">
        <ele>477.382841</ele>
        <time>2026-09-26T13:14:36.999Z</time>
      </trkpt>
      <trkpt lat="51.844283" lon="10.664681">
        <ele>477.074322</ele>
        <time>2026-09-26T13:14:45.999Z</time>
      </trkpt>
      <trkpt lat="51.844351" lon="10.664579">
        <ele>476.769103</ele>
        <time>2026-09-26T13:14:54.999Z</time>
      </trkpt>
      <trkpt lat="51.844428" lon="10.664488">
        <ele>476.455224</ele>
        <time>2026-09-26T13:15:03.999Z</time>
      </trkpt>
      <trkpt lat="51.844504" lon="10.664384">
        <ele>476.127583</ele>
        <time>2026-09-26T13:15:12.999Z</time>
      </trkpt>
      <trkpt lat="51.844577" lon="10.664291">
        <ele>475.821741</ele>
        <time>2026-09-26T13:15:29.999Z</time>
      </trkpt>
      <trkpt lat="51.844648" lon="10.664187">
        <ele>475.506492</ele>
        <time>2026-09-26T13:15:38.999Z</time>
      </trkpt>
      <trkpt lat="51.844724" lon="10.664082">
        <ele>475.177534</ele>
        <time>2026-09-26T13:15:47.999Z</time>
      </trkpt>
      <trkpt lat="51.844802" lon="10.664008">
        <ele>474.879884</ele>
        <time>2026-09-26T13:15:55.999Z</time>
      </trkpt>
      <trkpt lat="51.844888" lon="10.663940">
        <ele>474.564778</ele>
        <time>2026-09-26T13:16:04.999Z</time>
      </trkpt>
      <trkpt lat="51.844971" lon="10.663872">
        <ele>474.258516</ele>
        <time>2026-09-26T13:16:12.999Z</time>
      </trkpt>
      <trkpt lat="51.845061" lon="10.663827">
        <ele>473.948402</ele>
        <time>2026-09-26T13:16:20.999Z</time>
      </trkpt>
      <trkpt lat="51.845154" lon="10.663785">
        <ele>473.630532</ele>
        <time>2026-09-26T13:16:28.999Z</time>
      </trkpt>
      <trkpt lat="51.845252" lon="10.663746">
        <ele>473.298287</ele>
        <time>2026-09-26T13:16:37.999Z</time>
      </trkpt>
      <trkpt lat="51.845351" lon="10.663748">
        <ele>472.972331</ele>
        <time>2026-09-26T13:16:45.999Z</time>
      </trkpt>
      <trkpt lat="51.845434" lon="10.663690">
        <ele>472.674701</ele>
        <time>2026-09-26T13:16:53.999Z</time>
      </trkpt>
      <trkpt lat="51.845517" lon="10.663620">
        <ele>472.366581</ele>
        <time>2026-09-26T13:17:00.999Z</time>
      </trkpt>
      <trkpt lat="51.845599" lon="10.663537">
        <ele>472.048184</ele>
        <time>2026-09-26T13:17:08.999Z</time>
      </trkpt>
      <trkpt lat="51.845678" lon="10.663460">
        <ele>471.744588</ele>
        <time>2026-09-26T13:17:16.999Z</time>
      </trkpt>
      <trkpt lat="51.845760" lon="10.663379">
        <ele>471.654860</ele>
        <time>2026-09-26T13:17:24.999Z</time>
      </trkpt>
      <trkpt lat="51.845843" lon="10.663305">
        <ele>471.603087</ele>
        <time>2026-09-26T13:17:32.999Z</time>
      </trkpt>
      <trkpt lat="51.845919" lon="10.663213">
        <ele>471.551235</ele>
        <time>2026-09-26T13:17:41.999Z</time>
      </trkpt>
      <trkpt lat="51.845996" lon="10.663130">
        <ele>471.500689</ele>
        <time>2026-09-26T13:17:49.999Z</time>
      </trkpt>
      <trkpt lat="51.846079" lon="10.663053">
        <ele>471.448420</ele>
        <time>2026-09-26T13:17:57.999Z</time>
      </trkpt>
      <trkpt lat="51.846170" lon="10.663000">
        <ele>471.395579</ele>
        <time>2026-09-26T13:18:06.999Z</time>
      </trkpt>
      <trkpt lat="51.846243" lon="10.662915">
        <ele>471.346447</ele>
        <time>2026-09-26T13:18:31.999Z</time>
      </trkpt>
      <trkpt lat="51.846330" lon="10.662815">
        <ele>471.288147</ele>
        <time>2026-09-26T13:22:27.999Z</time>
      </trkpt>
      <trkpt lat="51.846394" lon="10.662711">
        <ele>471.238599</ele>
        <time>2026-09-26T13:22:34.999Z</time>
      </trkpt>
      <trkpt lat="51.846452" lon="10.662583">
        <ele>471.185018</ele>
        <time>2026-09-26T13:22:50.999Z</time>
      </trkpt>
      <trkpt lat="51.846521" lon="10.662482">
        <ele>471.134190</ele>
        <time>2026-09-26T13:23:06.999Z</time>
      </trkpt>
      <trkpt lat="51.846571" lon="10.662349">
        <ele>471.081639</ele>
        <time>2026-09-26T13:23:17.999Z</time>
      </trkpt>
      <trkpt lat="51.846642" lon="10.662239">
        <ele>471.027941</ele>
        <time>2026-09-26T13:23:34.999Z</time>
      </trkpt>
      <trkpt lat="51.846699" lon="10.662084">
        <ele>470.967056</ele>
        <time>2026-09-26T13:24:07.999Z</time>
      </trkpt>
      <trkpt lat="51.846660" lon="10.662225">
        <ele>470.914911</ele>
        <time>2026-09-26T13:37:15.000Z</time>
      </trkpt>
      <trkpt lat="51.846569" lon="10.662302">
        <ele>470.858808</ele>
        <time>2026-09-26T13:37:34.000Z</time>
      </trkpt>
      <trkpt lat="51.846540" lon="10.662441">
        <ele>470.809287</ele>
        <time>2026-09-26T13:37:45.000Z</time>
      </trkpt>
      <trkpt lat="51.846443" lon="10.662617">
        <ele>470.729676</ele>
        <time>2026-09-26T13:39:18.000Z</time>
      </trkpt>
      <trkpt lat="51.846383" lon="10.662728">
        <ele>470.259123</ele>
        <time>2026-09-26T13:39:40.000Z</time>
      </trkpt>
      <trkpt lat="51.846340" lon="10.662869">
        <ele>469.607441</ele>
        <time>2026-09-26T13:39:55.000Z</time>
      </trkpt>
      <trkpt lat="51.846262" lon="10.662957">
        <ele>468.969613</ele>
        <time>2026-09-26T13:40:02.000Z</time>
      </trkpt>
      <trkpt lat="51.846289" lon="10.663113">
        <ele>468.298194</ele>
        <time>2026-09-26T13:40:15.000Z</time>
      </trkpt>
      <trkpt lat="51.846331" lon="10.663257">
        <ele>467.638231</ele>
        <time>2026-09-26T13:40:21.000Z</time>
      </trkpt>
      <trkpt lat="51.846337" lon="10.663411">
        <ele>466.998727</ele>
        <time>2026-09-26T13:40:30.000Z</time>
      </trkpt>
      <trkpt lat="51.846361" lon="10.663561">
        <ele>466.356557</ele>
        <time>2026-09-26T13:40:38.000Z</time>
      </trkpt>
      <trkpt lat="51.846391" lon="10.663716">
        <ele>465.683387</ele>
        <time>2026-09-26T13:40:47.000Z</time>
      </trkpt>
      <trkpt lat="51.846444" lon="10.663838">
        <ele>465.065272</ele>
        <time>2026-09-26T13:40:56.000Z</time>
      </trkpt>
      <trkpt lat="51.846519" lon="10.663945">
        <ele>464.394600</ele>
        <time>2026-09-26T13:41:05.000Z</time>
      </trkpt>
      <trkpt lat="51.846612" lon="10.664027">
        <ele>463.684148</ele>
        <time>2026-09-26T13:41:14.000Z</time>
      </trkpt>
      <trkpt lat="51.846662" lon="10.664151">
        <ele>463.070464</ele>
        <time>2026-09-26T13:41:22.000Z</time>
      </trkpt>
      <trkpt lat="51.846694" lon="10.664307">
        <ele>462.389235</ele>
        <time>2026-09-26T13:41:30.000Z</time>
      </trkpt>
      <trkpt lat="51.846725" lon="10.664458">
        <ele>461.729786</ele>
        <time>2026-09-26T13:41:39.000Z</time>
      </trkpt>
      <trkpt lat="51.846742" lon="10.664611">
        <ele>461.085525</ele>
        <time>2026-09-26T13:41:47.000Z</time>
      </trkpt>
      <trkpt lat="51.846772" lon="10.664749">
        <ele>460.479226</ele>
        <time>2026-09-26T13:41:55.000Z</time>
      </trkpt>
      <trkpt lat="51.846793" lon="10.664891">
        <ele>459.874101</ele>
        <time>2026-09-26T13:42:02.000Z</time>
      </trkpt>
      <trkpt lat="51.846830" lon="10.665043">
        <ele>459.197021</ele>
        <time>2026-09-26T13:42:10.000Z</time>
      </trkpt>
      <trkpt lat="51.846853" lon="10.665189">
        <ele>458.606491</ele>
        <time>2026-09-26T13:42:18.000Z</time>
      </trkpt>
      <trkpt lat="51.846884" lon="10.665334">
        <ele>458.246201</ele>
        <time>2026-09-26T13:42:25.000Z</time>
      </trkpt>
      <trkpt lat="51.846913" lon="10.665473">
        <ele>457.901702</ele>
        <time>2026-09-26T13:42:32.000Z</time>
      </trkpt>
      <trkpt lat="51.846948" lon="10.665621">
        <ele>457.529587</ele>
        <time>2026-09-26T13:42:41.000Z</time>
      </trkpt>
      <trkpt lat="51.846992" lon="10.665755">
        <ele>457.173254</ele>
        <time>2026-09-26T13:42:48.000Z</time>
      </trkpt>
      <trkpt lat="51.847036" lon="10.665890">
        <ele>456.814846</ele>
        <time>2026-09-26T13:42:57.000Z</time>
      </trkpt>
      <trkpt lat="51.847086" lon="10.666032">
        <ele>456.431055</ele>
        <time>2026-09-26T13:43:05.000Z</time>
      </trkpt>
      <trkpt lat="51.847145" lon="10.666144">
        <ele>456.085434</ele>
        <time>2026-09-26T13:43:13.000Z</time>
      </trkpt>
      <trkpt lat="51.847203" lon="10.666272">
        <ele>455.712692</ele>
        <time>2026-09-26T13:43:22.000Z</time>
      </trkpt>
      <trkpt lat="51.847263" lon="10.666398">
        <ele>455.339136</ele>
        <time>2026-09-26T13:43:31.000Z</time>
      </trkpt>
      <trkpt lat="51.847330" lon="10.666498">
        <ele>454.992739</ele>
        <time>2026-09-26T13:43:38.000Z</time>
      </trkpt>
      <trkpt lat="51.847395" lon="10.666609">
        <ele>454.633611</ele>
        <time>2026-09-26T13:43:46.000Z</time>
      </trkpt>
      <trkpt lat="51.847458" lon="10.666727">
        <ele>454.267397</ele>
        <time>2026-09-26T13:43:54.000Z</time>
      </trkpt>
      <trkpt lat="51.847487" lon="10.666877">
        <ele>453.898338</ele>
        <time>2026-09-26T13:44:02.000Z</time>
      </trkpt>
      <trkpt lat="51.847492" lon="10.667042">
        <ele>453.510438</ele>
        <time>2026-09-26T13:44:11.000Z</time>
      </trkpt>
      <trkpt lat="51.847476" lon="10.667185">
        <ele>453.169199</ele>
        <time>2026-09-26T13:44:19.000Z</time>
      </trkpt>
      <trkpt lat="51.847447" lon="10.667323">
        <ele>452.826927</ele>
        <time>2026-09-26T13:44:27.000Z</time>
      </trkpt>
      <trkpt lat="51.847407" lon="10.667471">
        <ele>452.447606</ele>
        <time>2026-09-26T13:44:35.000Z</time>
      </trkpt>
      <trkpt lat="51.847364" lon="10.667601">
        <ele>452.101352</ele>
        <time>2026-09-26T13:44:43.000Z</time>
      </trkpt>
      <trkpt lat="51.847326" lon="10.667738">
        <ele>451.742213</ele>
        <time>2026-09-26T13:44:51.000Z</time>
      </trkpt>
      <trkpt lat="51.847279" lon="10.667891">
        <ele>451.301087</ele>
        <time>2026-09-26T13:45:00.000Z</time>
      </trkpt>
      <trkpt lat="51.847229" lon="10.668025">
        <ele>450.896943</ele>
        <time>2026-09-26T13:45:09.000Z</time>
      </trkpt>
      <trkpt lat="51.847192" lon="10.668180">
        <ele>450.467957</ele>
        <time>2026-09-26T13:45:18.000Z</time>
      </trkpt>
      <trkpt lat="51.847181" lon="10.668340">
        <ele>450.052348</ele>
        <time>2026-09-26T13:45:26.000Z</time>
      </trkpt>
      <trkpt lat="51.847201" lon="10.668483">
        <ele>449.673833</ele>
        <time>2026-09-26T13:45:34.000Z</time>
      </trkpt>
      <trkpt lat="51.847251" lon="10.668622">
        <ele>449.258587</ele>
        <time>2026-09-26T13:45:42.000Z</time>
      </trkpt>
      <trkpt lat="51.847298" lon="10.668758">
        <ele>448.856282</ele>
        <time>2026-09-26T13:45:51.000Z</time>
      </trkpt>
      <trkpt lat="51.847334" lon="10.668893">
        <ele>448.476680</ele>
        <time>2026-09-26T13:45:59.000Z</time>
      </trkpt>
      <trkpt lat="51.847371" lon="10.669039">
        <ele>448.069282</ele>
        <time>2026-09-26T13:46:07.000Z</time>
      </trkpt>
      <trkpt lat="51.847389" lon="10.669191">
        <ele>447.669732</ele>
        <time>2026-09-26T13:46:15.000Z</time>
      </trkpt>
      <trkpt lat="51.847414" lon="10.669353">
        <ele>447.238660</ele>
        <time>2026-09-26T13:46:23.000Z</time>
      </trkpt>
      <trkpt lat="51.847442" lon="10.669492">
        <ele>446.861221</ele>
        <time>2026-09-26T13:46:30.000Z</time>
      </trkpt>
      <trkpt lat="51.847498" lon="10.669627">
        <ele>446.441422</ele>
        <time>2026-09-26T13:46:38.000Z</time>
      </trkpt>
      <trkpt lat="51.847579" lon="10.669725">
        <ele>446.018824</ele>
        <time>2026-09-26T13:46:46.000Z</time>
      </trkpt>
      <trkpt lat="51.847674" lon="10.669751">
        <ele>445.616186</ele>
        <time>2026-09-26T13:46:54.000Z</time>
      </trkpt>
      <trkpt lat="51.847765" lon="10.669756">
        <ele>445.235678</ele>
        <time>2026-09-26T13:47:02.000Z</time>
      </trkpt>
      <trkpt lat="51.847863" lon="10.669737">
        <ele>444.823210</ele>
        <time>2026-09-26T13:47:10.000Z</time>
      </trkpt>
      <trkpt lat="51.847964" lon="10.669728">
        <ele>444.400492</ele>
        <time>2026-09-26T13:47:18.000Z</time>
      </trkpt>
      <trkpt lat="51.848066" lon="10.669712">
        <ele>443.794140</ele>
        <time>2026-09-26T13:47:26.000Z</time>
      </trkpt>
      <trkpt lat="51.848164" lon="10.669709">
        <ele>443.160359</ele>
        <time>2026-09-26T13:47:34.000Z</time>
      </trkpt>
      <trkpt lat="51.848255" lon="10.669707">
        <ele>442.571898</ele>
        <time>2026-09-26T13:47:42.000Z</time>
      </trkpt>
      <trkpt lat="51.848356" lon="10.669726">
        <ele>441.914438</ele>
        <time>2026-09-26T13:47:50.000Z</time>
      </trkpt>
      <trkpt lat="51.848448" lon="10.669743">
        <ele>441.315703</ele>
        <time>2026-09-26T13:47:57.000Z</time>
      </trkpt>
      <trkpt lat="51.848542" lon="10.669782">
        <ele>440.688253</ele>
        <time>2026-09-26T13:48:04.000Z</time>
      </trkpt>
      <trkpt lat="51.848630" lon="10.669861">
        <ele>440.037605</ele>
        <time>2026-09-26T13:48:12.000Z</time>
      </trkpt>
      <trkpt lat="51.848706" lon="10.669945">
        <ele>439.442572</ele>
        <time>2026-09-26T13:48:20.000Z</time>
      </trkpt>
      <trkpt lat="51.848766" lon="10.670061">
        <ele>438.838257</ele>
        <time>2026-09-26T13:48:28.000Z</time>
      </trkpt>
      <trkpt lat="51.848832" lon="10.670169">
        <ele>438.231451</ele>
        <time>2026-09-26T13:48:36.000Z</time>
      </trkpt>
      <trkpt lat="51.848877" lon="10.670302">
        <ele>437.625745</ele>
        <time>2026-09-26T13:48:44.000Z</time>
      </trkpt>
      <trkpt lat="51.848899" lon="10.670455">
        <ele>436.998280</ele>
        <time>2026-09-26T13:48:53.000Z</time>
      </trkpt>
      <trkpt lat="51.848916" lon="10.670606">
        <ele>436.385208</ele>
        <time>2026-09-26T13:49:01.000Z</time>
      </trkpt>
      <trkpt lat="51.848926" lon="10.670767">
        <ele>435.738885</ele>
        <time>2026-09-26T13:49:10.000Z</time>
      </trkpt>
      <trkpt lat="51.848937" lon="10.670916">
        <ele>435.139501</ele>
        <time>2026-09-26T13:49:18.000Z</time>
      </trkpt>
      <trkpt lat="51.848962" lon="10.671069">
        <ele>434.507357</ele>
        <time>2026-09-26T13:49:27.000Z</time>
      </trkpt>
      <trkpt lat="51.848985" lon="10.671210">
        <ele>433.924859</ele>
        <time>2026-09-26T13:49:34.000Z</time>
      </trkpt>
      <trkpt lat="51.848997" lon="10.671355">
        <ele>433.340513</ele>
        <time>2026-09-26T13:49:41.000Z</time>
      </trkpt>
      <trkpt lat="51.849018" lon="10.671511">
        <ele>432.702782</ele>
        <time>2026-09-26T13:49:49.000Z</time>
      </trkpt>
      <trkpt lat="51.849069" lon="10.671638">
        <ele>431.815678</ele>
        <time>2026-09-26T13:49:57.000Z</time>
      </trkpt>
      <trkpt lat="51.849153" lon="10.671736">
        <ele>430.814819</ele>
        <time>2026-09-26T13:50:05.000Z</time>
      </trkpt>
      <trkpt lat="51.849248" lon="10.671787">
        <ele>429.847347</ele>
        <time>2026-09-26T13:50:13.000Z</time>
      </trkpt>
      <trkpt lat="51.849347" lon="10.671815">
        <ele>428.875892</ele>
        <time>2026-09-26T13:50:21.000Z</time>
      </trkpt>
      <trkpt lat="51.849439" lon="10.671844">
        <ele>427.969894</ele>
        <time>2026-09-26T13:50:28.000Z</time>
      </trkpt>
      <trkpt lat="51.849529" lon="10.671854">
        <ele>427.097884</ele>
        <time>2026-09-26T13:50:36.000Z</time>
      </trkpt>
      <trkpt lat="51.849631" lon="10.671850">
        <ele>426.111636</ele>
        <time>2026-09-26T13:50:44.000Z</time>
      </trkpt>
      <trkpt lat="51.849722" lon="10.671854">
        <ele>425.231683</ele>
        <time>2026-09-26T13:50:51.000Z</time>
      </trkpt>
      <trkpt lat="51.849813" lon="10.671857">
        <ele>424.351871</ele>
        <time>2026-09-26T13:50:58.000Z</time>
      </trkpt>
      <trkpt lat="51.849903" lon="10.671890">
        <ele>423.459871</ele>
        <time>2026-09-26T13:51:05.000Z</time>
      </trkpt>
      <trkpt lat="51.849995" lon="10.671892">
        <ele>422.570496</ele>
        <time>2026-09-26T13:51:15.000Z</time>
      </trkpt>
      <trkpt lat="51.850093" lon="10.671914">
        <ele>421.614138</ele>
        <time>2026-09-26T13:51:24.000Z</time>
      </trkpt>
      <trkpt lat="51.850185" lon="10.671958">
        <ele>420.686845</ele>
        <time>2026-09-26T13:51:33.000Z</time>
      </trkpt>
      <trkpt lat="51.850276" lon="10.672008">
        <ele>419.757931</ele>
        <time>2026-09-26T13:51:40.000Z</time>
      </trkpt>
      <trkpt lat="51.850365" lon="10.672075">
        <ele>418.809165</ele>
        <time>2026-09-26T13:51:47.000Z</time>
      </trkpt>
      <trkpt lat="51.850435" lon="10.672188">
        <ele>417.853606</ele>
        <time>2026-09-26T13:51:56.000Z</time>
      </trkpt>
      <trkpt lat="51.850503" lon="10.672316">
        <ele>416.845545</ele>
        <time>2026-09-26T13:52:04.000Z</time>
      </trkpt>
      <trkpt lat="51.850549" lon="10.672445">
        <ele>415.956158</ele>
        <time>2026-09-26T13:52:11.000Z</time>
      </trkpt>
      <trkpt lat="51.850589" lon="10.672576">
        <ele>414.972155</ele>
        <time>2026-09-26T13:52:18.000Z</time>
      </trkpt>
      <trkpt lat="51.850624" lon="10.672723">
        <ele>413.501639</ele>
        <time>2026-09-26T13:52:26.000Z</time>
      </trkpt>
      <trkpt lat="51.850642" lon="10.672870">
        <ele>412.102823</ele>
        <time>2026-09-26T13:52:33.000Z</time>
      </trkpt>
      <trkpt lat="51.850624" lon="10.673025">
        <ele>410.630687</ele>
        <time>2026-09-26T13:52:41.000Z</time>
      </trkpt>
      <trkpt lat="51.850591" lon="10.673165">
        <ele>409.231999</ele>
        <time>2026-09-26T13:52:48.000Z</time>
      </trkpt>
      <trkpt lat="51.850566" lon="10.673323">
        <ele>407.709590</ele>
        <time>2026-09-26T13:52:56.000Z</time>
      </trkpt>
      <trkpt lat="51.850588" lon="10.673473">
        <ele>406.270544</ele>
        <time>2026-09-26T13:53:06.000Z</time>
      </trkpt>
      <trkpt lat="51.850685" lon="10.673677">
        <ele>403.867579</ele>
        <time>2026-09-26T13:54:28.000Z</time>
      </trkpt>
      <trkpt lat="51.850767" lon="10.673749">
        <ele>402.457974</ele>
        <time>2026-09-26T13:54:36.000Z</time>
      </trkpt>
      <trkpt lat="51.850839" lon="10.673842">
        <ele>401.066127</ele>
        <time>2026-09-26T13:54:53.000Z</time>
      </trkpt>
      <trkpt lat="51.850921" lon="10.673916">
        <ele>399.647527</ele>
        <time>2026-09-26T13:55:04.000Z</time>
      </trkpt>
      <trkpt lat="51.851022" lon="10.673881">
        <ele>398.086765</ele>
        <time>2026-09-26T13:55:25.000Z</time>
      </trkpt>
      <trkpt lat="51.851113" lon="10.673881">
        <ele>396.711685</ele>
        <time>2026-09-26T13:55:36.000Z</time>
      </trkpt>
      <trkpt lat="51.851212" lon="10.673869">
        <ele>395.211531</ele>
        <time>2026-09-26T13:55:48.000Z</time>
      </trkpt>
      <trkpt lat="51.851300" lon="10.673833">
        <ele>393.839984</ele>
        <time>2026-09-26T13:56:00.000Z</time>
      </trkpt>
      <trkpt lat="51.851396" lon="10.673824">
        <ele>392.386920</ele>
        <time>2026-09-26T13:56:11.000Z</time>
      </trkpt>
      <trkpt lat="51.851530" lon="10.673838">
        <ele>390.357864</ele>
        <time>2026-09-26T13:57:55.000Z</time>
      </trkpt>
      <trkpt lat="51.851623" lon="10.673859">
        <ele>388.938958</ele>
        <time>2026-09-26T13:58:21.000Z</time>
      </trkpt>
      <trkpt lat="51.851714" lon="10.673889">
        <ele>387.288669</ele>
        <time>2026-09-26T13:58:34.000Z</time>
      </trkpt>
      <trkpt lat="51.851804" lon="10.673957">
        <ele>385.134077</ele>
        <time>2026-09-26T13:58:45.000Z</time>
      </trkpt>
      <trkpt lat="51.851881" lon="10.674040">
        <ele>383.127271</ele>
        <time>2026-09-26T13:58:57.000Z</time>
      </trkpt>
      <trkpt lat="51.851950" lon="10.674138">
        <ele>381.136015</ele>
        <time>2026-09-26T13:59:14.000Z</time>
      </trkpt>
      <trkpt lat="51.852012" lon="10.674250">
        <ele>379.120711</ele>
        <time>2026-09-26T13:59:27.000Z</time>
      </trkpt>
      <trkpt lat="51.852078" lon="10.674357">
        <ele>377.094438</ele>
        <time>2026-09-26T13:59:46.000Z</time>
      </trkpt>
      <trkpt lat="51.852147" lon="10.674453">
        <ele>375.120757</ele>
        <time>2026-09-26T14:00:08.000Z</time>
      </trkpt>
      <trkpt lat="51.852202" lon="10.674315">
        <ele>372.920044</ele>
        <time>2026-09-26T14:01:59.000Z</time>
      </trkpt>
      <trkpt lat="51.852175" lon="10.674168">
        <ele>370.865007</ele>
        <time>2026-09-26T14:02:13.000Z</time>
      </trkpt>
      <trkpt lat="51.852164" lon="10.674013">
        <ele>368.774345</ele>
        <time>2026-09-26T14:02:25.000Z</time>
      </trkpt>
      <trkpt lat="51.852134" lon="10.673860">
        <ele>366.623330</ele>
        <time>2026-09-26T14:02:38.000Z</time>
      </trkpt>
      <trkpt lat="51.852091" lon="10.673727">
        <ele>364.611762</ele>
        <time>2026-09-26T14:02:49.000Z</time>
      </trkpt>
      <trkpt lat="51.852051" lon="10.673595">
        <ele>362.641574</ele>
        <time>2026-09-26T14:03:03.000Z</time>
      </trkpt>
      <trkpt lat="51.852003" lon="10.673470">
        <ele>360.669283</ele>
        <time>2026-09-26T14:03:15.000Z</time>
      </trkpt>
      <trkpt lat="51.851943" lon="10.673351">
        <ele>358.610892</ele>
        <time>2026-09-26T14:03:31.000Z</time>
      </trkpt>
      <trkpt lat="51.852032" lon="10.673297">
        <ele>356.549017</ele>
        <time>2026-09-26T14:04:04.999Z</time>
      </trkpt>
      <trkpt lat="51.852118" lon="10.673347">
        <ele>354.566707</ele>
        <time>2026-09-26T14:04:22.999Z</time>
      </trkpt>
      <trkpt lat="51.852207" lon="10.673397">
        <ele>352.523027</ele>
        <time>2026-09-26T14:04:34.999Z</time>
      </trkpt>
      <trkpt lat="51.852287" lon="10.673468">
        <ele>350.543865</ele>
        <time>2026-09-26T14:04:50.000Z</time>
      </trkpt>
      <trkpt lat="51.852355" lon="10.673572">
        <ele>348.765663</ele>
        <time>2026-09-26T14:05:06.000Z</time>
      </trkpt>
      <trkpt lat="51.852418" lon="10.673682">
        <ele>347.642747</ele>
        <time>2026-09-26T14:05:18.000Z</time>
      </trkpt>
      <trkpt lat="51.852468" lon="10.673811">
        <ele>346.502725</ele>
        <time>2026-09-26T14:05:36.000Z</time>
      </trkpt>
      <trkpt lat="51.852638" lon="10.673899">
        <ele>344.339772</ele>
        <time>2026-09-26T14:06:33.999Z</time>
      </trkpt>
      <trkpt lat="51.852825" lon="10.673946">
        <ele>342.046402</ele>
        <time>2026-09-26T14:07:16.999Z</time>
      </trkpt>
      <trkpt lat="51.852923" lon="10.673955">
        <ele>340.856846</ele>
        <time>2026-09-26T14:07:28.000Z</time>
      </trkpt>
      <trkpt lat="51.853019" lon="10.673995">
        <ele>339.655525</ele>
        <time>2026-09-26T14:07:49.000Z</time>
      </trkpt>
      <trkpt lat="51.853101" lon="10.674062">
        <ele>338.542392</ele>
        <time>2026-09-26T14:08:05.000Z</time>
      </trkpt>
      <trkpt lat="51.853226" lon="10.674193">
        <ele>336.737849</ele>
        <time>2026-09-26T14:09:24.000Z</time>
      </trkpt>
      <trkpt lat="51.853291" lon="10.674311">
        <ele>335.554330</ele>
        <time>2026-09-26T14:09:34.000Z</time>
      </trkpt>
      <trkpt lat="51.853357" lon="10.674430">
        <ele>334.357153</ele>
        <time>2026-09-26T14:09:43.000Z</time>
      </trkpt>
      <trkpt lat="51.853394" lon="10.674570">
        <ele>333.217282</ele>
        <time>2026-09-26T14:09:52.000Z</time>
      </trkpt>
      <trkpt lat="51.853417" lon="10.674720">
        <ele>332.060376</ele>
        <time>2026-09-26T14:10:03.000Z</time>
      </trkpt>
      <trkpt lat="51.853464" lon="10.674861">
        <ele>330.861036</ele>
        <time>2026-09-26T14:10:12.000Z</time>
      </trkpt>
      <trkpt lat="51.853533" lon="10.674972">
        <ele>329.682220</ele>
        <time>2026-09-26T14:10:22.999Z</time>
      </trkpt>
      <trkpt lat="51.853621" lon="10.675030">
        <ele>328.530775</ele>
        <time>2026-09-26T14:10:31.999Z</time>
      </trkpt>
      <trkpt lat="51.853723" lon="10.675069">
        <ele>327.265661</ele>
        <time>2026-09-26T14:10:39.999Z</time>
      </trkpt>
      <trkpt lat="51.853815" lon="10.675121">
        <ele>326.317674</ele>
        <time>2026-09-26T14:10:48.999Z</time>
      </trkpt>
      <trkpt lat="51.853905" lon="10.675202">
        <ele>325.315927</ele>
        <time>2026-09-26T14:10:57.999Z</time>
      </trkpt>
      <trkpt lat="51.853969" lon="10.675311">
        <ele>324.412246</ele>
        <time>2026-09-26T14:11:07.999Z</time>
      </trkpt>
      <trkpt lat="51.854043" lon="10.675414">
        <ele>323.462869</ele>
        <time>2026-09-26T14:11:16.999Z</time>
      </trkpt>
      <trkpt lat="51.854131" lon="10.675454">
        <ele>322.573670</ele>
        <time>2026-09-26T14:11:25.999Z</time>
      </trkpt>
      <trkpt lat="51.854225" lon="10.675434">
        <ele>321.651338</ele>
        <time>2026-09-26T14:11:33.999Z</time>
      </trkpt>
      <trkpt lat="51.854300" lon="10.675349">
        <ele>320.760704</ele>
        <time>2026-09-26T14:11:42.999Z</time>
      </trkpt>
      <trkpt lat="51.854369" lon="10.675256">
        <ele>319.887278</ele>
        <time>2026-09-26T14:11:50.999Z</time>
      </trkpt>
      <trkpt lat="51.854424" lon="10.675135">
        <ele>318.984546</ele>
        <time>2026-09-26T14:12:01.999Z</time>
      </trkpt>
      <trkpt lat="51.854489" lon="10.675026">
        <ele>318.074140</ele>
        <time>2026-09-26T14:12:13.999Z</time>
      </trkpt>
      <trkpt lat="51.854549" lon="10.674907">
        <ele>317.151097</ele>
        <time>2026-09-26T14:12:23.999Z</time>
      </trkpt>
      <trkpt lat="51.854627" lon="10.674820">
        <ele>316.229638</ele>
        <time>2026-09-26T14:12:32.999Z</time>
      </trkpt>
      <trkpt lat="51.854723" lon="10.674802">
        <ele>315.289471</ele>
        <time>2026-09-26T14:12:41.999Z</time>
      </trkpt>
      <trkpt lat="51.854815" lon="10.674796">
        <ele>314.393733</ele>
        <time>2026-09-26T14:12:54.999Z</time>
      </trkpt>
      <trkpt lat="51.854907" lon="10.674769">
        <ele>313.484136</ele>
        <time>2026-09-26T14:13:05.999Z</time>
      </trkpt>
      <trkpt lat="51.855005" lon="10.674739">
        <ele>312.513862</ele>
        <time>2026-09-26T14:13:16.999Z</time>
      </trkpt>
      <trkpt lat="51.855091" lon="10.674693">
        <ele>311.632744</ele>
        <time>2026-09-26T14:13:27.999Z</time>
      </trkpt>
      <trkpt lat="51.855182" lon="10.674678">
        <ele>310.742884</ele>
        <time>2026-09-26T14:13:39.999Z</time>
      </trkpt>
      <trkpt lat="51.855278" lon="10.674724">
        <ele>309.759422</ele>
        <time>2026-09-26T14:13:51.999Z</time>
      </trkpt>
      <trkpt lat="51.855377" lon="10.674753">
        <ele>308.297807</ele>
        <time>2026-09-26T14:14:01.999Z</time>
      </trkpt>
      <trkpt lat="51.855467" lon="10.674800">
        <ele>306.923961</ele>
        <time>2026-09-26T14:14:10.999Z</time>
      </trkpt>
      <trkpt lat="51.855537" lon="10.674897">
        <ele>305.585387</ele>
        <time>2026-09-26T14:14:19.999Z</time>
      </trkpt>
      <trkpt lat="51.855607" lon="10.675012">
        <ele>304.136585</ele>
        <time>2026-09-26T14:14:28.999Z</time>
      </trkpt>
      <trkpt lat="51.855674" lon="10.675128">
        <ele>302.711495</ele>
        <time>2026-09-26T14:14:39.999Z</time>
      </trkpt>
      <trkpt lat="51.855759" lon="10.675214">
        <ele>301.255333</ele>
        <time>2026-09-26T14:14:47.999Z</time>
      </trkpt>
      <trkpt lat="51.855818" lon="10.675325">
        <ele>299.941279</ele>
        <time>2026-09-26T14:15:00.999Z</time>
      </trkpt>
      <trkpt lat="51.855916" lon="10.675369">
        <ele>298.463814</ele>
        <time>2026-09-26T14:15:15.999Z</time>
      </trkpt>
      <trkpt lat="51.856008" lon="10.675328">
        <ele>297.077538</ele>
        <time>2026-09-26T14:15:25.999Z</time>
      </trkpt>
      <trkpt lat="51.856105" lon="10.675306">
        <ele>295.654571</ele>
        <time>2026-09-26T14:15:34.999Z</time>
      </trkpt>
      <trkpt lat="51.856202" lon="10.675340">
        <ele>294.212717</ele>
        <time>2026-09-26T14:15:44.999Z</time>
      </trkpt>
      <trkpt lat="51.856292" lon="10.675380">
        <ele>292.856836</ele>
        <time>2026-09-26T14:15:53.999Z</time>
      </trkpt>
      <trkpt lat="51.856386" lon="10.675417">
        <ele>291.451435</ele>
        <time>2026-09-26T14:16:03.999Z</time>
      </trkpt>
      <trkpt lat="51.856476" lon="10.675439">
        <ele>290.129104</ele>
        <time>2026-09-26T14:16:13.999Z</time>
      </trkpt>
      <trkpt lat="51.856580" lon="10.675481">
        <ele>288.571910</ele>
        <time>2026-09-26T14:16:23.999Z</time>
      </trkpt>
      <trkpt lat="51.856671" lon="10.675534">
        <ele>287.166936</ele>
        <time>2026-09-26T14:16:32.999Z</time>
      </trkpt>
      <trkpt lat="51.856757" lon="10.675576">
        <ele>285.861935</ele>
        <time>2026-09-26T14:16:39.999Z</time>
      </trkpt>
      <trkpt lat="51.856852" lon="10.675609">
        <ele>284.450376</ele>
        <time>2026-09-26T14:16:49.999Z</time>
      </trkpt>
      <trkpt lat="51.856940" lon="10.675650">
        <ele>283.412476</ele>
        <time>2026-09-26T14:16:57.999Z</time>
      </trkpt>
      <trkpt lat="51.857029" lon="10.675690">
        <ele>282.800563</ele>
        <time>2026-09-26T14:17:09.999Z</time>
      </trkpt>
      <trkpt lat="51.857129" lon="10.675727">
        <ele>282.120992</ele>
        <time>2026-09-26T14:17:18.999Z</time>
      </trkpt>
      <trkpt lat="51.857220" lon="10.675753">
        <ele>281.508809</ele>
        <time>2026-09-26T14:17:29.999Z</time>
      </trkpt>
      <trkpt lat="51.857314" lon="10.675768">
        <ele>280.883049</ele>
        <time>2026-09-26T14:17:39.999Z</time>
      </trkpt>
      <trkpt lat="51.857404" lon="10.675772">
        <ele>280.286581</ele>
        <time>2026-09-26T14:17:48.999Z</time>
      </trkpt>
      <trkpt lat="51.857503" lon="10.675792">
        <ele>279.625627</ele>
        <time>2026-09-26T14:18:00.999Z</time>
      </trkpt>
      <trkpt lat="51.857599" lon="10.675802">
        <ele>278.988319</ele>
        <time>2026-09-26T14:18:09.999Z</time>
      </trkpt>
      <trkpt lat="51.857692" lon="10.675799">
        <ele>278.372079</ele>
        <time>2026-09-26T14:18:19.999Z</time>
      </trkpt>
      <trkpt lat="51.857791" lon="10.675794">
        <ele>277.715892</ele>
        <time>2026-09-26T14:18:28.999Z</time>
      </trkpt>
      <trkpt lat="51.857886" lon="10.675762">
        <ele>277.073049</ele>
        <time>2026-09-26T14:18:37.999Z</time>
      </trkpt>
      <trkpt lat="51.857953" lon="10.675658">
        <ele>276.458152</ele>
        <time>2026-09-26T14:18:47.999Z</time>
      </trkpt>
      <trkpt lat="51.857984" lon="10.675486">
        <ele>275.725036</ele>
        <time>2026-09-26T14:18:58.999Z</time>
      </trkpt>
      <trkpt lat="51.857948" lon="10.675352">
        <ele>275.127130</ele>
        <time>2026-09-26T14:19:10.999Z</time>
      </trkpt>
      <trkpt lat="51.857867" lon="10.675292">
        <ele>274.537020</ele>
        <time>2026-09-26T14:19:17.999Z</time>
      </trkpt>
      <trkpt lat="51.857875" lon="10.675144">
        <ele>273.929141</ele>
        <time>2026-09-26T14:19:26.999Z</time>
      </trkpt>
      <trkpt lat="51.857804" lon="10.675045">
        <ele>273.308389</ele>
        <time>2026-09-26T14:19:38.999Z</time>
      </trkpt>
      <trkpt lat="51.857713" lon="10.674975">
        <ele>272.640943</ele>
        <time>2026-09-26T14:19:42.999Z</time>
      </trkpt>
      <trkpt lat="51.857632" lon="10.674876">
        <ele>271.968599</ele>
        <time>2026-09-26T14:19:50.999Z</time>
      </trkpt>
      <trkpt lat="51.857563" lon="10.674765">
        <ele>271.975492</ele>
        <time>2026-09-26T14:19:57.999Z</time>
      </trkpt>
      <trkpt lat="51.857500" lon="10.674653">
        <ele>272.322516</ele>
        <time>2026-09-26T14:20:09.999Z</time>
      </trkpt>
      <trkpt lat="51.857422" lon="10.674565">
        <ele>272.675125</ele>
        <time>2026-09-26T14:20:17.999Z</time>
      </trkpt>
      <trkpt lat="51.857336" lon="10.674492">
        <ele>273.035276</ele>
        <time>2026-09-26T14:20:26.999Z</time>
      </trkpt>
      <trkpt lat="51.857255" lon="10.674420">
        <ele>273.378002</ele>
        <time>2026-09-26T14:20:34.999Z</time>
      </trkpt>
      <trkpt lat="51.857170" lon="10.674353">
        <ele>273.728643</ele>
        <time>2026-09-26T14:20:42.999Z</time>
      </trkpt>
      <trkpt lat="51.857086" lon="10.674268">
        <ele>274.096041</ele>
        <time>2026-09-26T14:20:50.999Z</time>
      </trkpt>
      <trkpt lat="51.857001" lon="10.674181">
        <ele>274.469018</ele>
        <time>2026-09-26T14:21:00.999Z</time>
      </trkpt>
      <trkpt lat="51.856923" lon="10.674075">
        <ele>274.846720</ele>
        <time>2026-09-26T14:21:09.999Z</time>
      </trkpt>
      <trkpt lat="51.856839" lon="10.674008">
        <ele>275.194030</ele>
        <time>2026-09-26T14:21:16.999Z</time>
      </trkpt>
      <trkpt lat="51.856756" lon="10.673945">
        <ele>275.534027</ele>
        <time>2026-09-26T14:21:24.999Z</time>
      </trkpt>
      <trkpt lat="51.856665" lon="10.673881">
        <ele>275.902014</ele>
        <time>2026-09-26T14:21:33.999Z</time>
      </trkpt>
      <trkpt lat="51.856591" lon="10.673795">
        <ele>276.239866</ele>
        <time>2026-09-26T14:21:41.999Z</time>
      </trkpt>
      <trkpt lat="51.856508" lon="10.673700">
        <ele>276.616869</ele>
        <time>2026-09-26T14:21:51.999Z</time>
      </trkpt>
      <trkpt lat="51.856423" lon="10.673641">
        <ele>276.959885</ele>
        <time>2026-09-26T14:21:58.999Z</time>
      </trkpt>
      <trkpt lat="51.856345" lon="10.673553">
        <ele>277.312496</ele>
        <time>2026-09-26T14:22:06.999Z</time>
      </trkpt>
      <trkpt lat="51.856259" lon="10.673479">
        <ele>277.673719</ele>
        <time>2026-09-26T14:22:14.999Z</time>
      </trkpt>
      <trkpt lat="51.856179" lon="10.673413">
        <ele>278.006739</ele>
        <time>2026-09-26T14:22:22.999Z</time>
      </trkpt>
      <trkpt lat="51.856106" lon="10.673327">
        <ele>278.341586</ele>
        <time>2026-09-26T14:22:31.999Z</time>
      </trkpt>
      <trkpt lat="51.856021" lon="10.673257">
        <ele>278.412913</ele>
        <time>2026-09-26T14:22:39.999Z</time>
      </trkpt>
      <trkpt lat="51.855948" lon="10.673167">
        <ele>278.412913</ele>
        <time>2026-09-26T14:22:48.999Z</time>
      </trkpt>
      <trkpt lat="51.855868" lon="10.673080">
        <ele>278.412913</ele>
        <time>2026-09-26T14:22:55.999Z</time>
      </trkpt>
      <trkpt lat="51.855808" lon="10.672967">
        <ele>278.412913</ele>
        <time>2026-09-26T14:23:03.999Z</time>
      </trkpt>
      <trkpt lat="51.855736" lon="10.672878">
        <ele>278.412913</ele>
        <time>2026-09-26T14:23:10.999Z</time>
      </trkpt>
      <trkpt lat="51.855662" lon="10.672779">
        <ele>278.412913</ele>
        <time>2026-09-26T14:23:18.999Z</time>
      </trkpt>
      <trkpt lat="51.855581" lon="10.672677">
        <ele>278.412913</ele>
        <time>2026-09-26T14:23:27.999Z</time>
      </trkpt>
      <trkpt lat="51.855507" lon="10.672573">
        <ele>278.412913</ele>
        <time>2026-09-26T14:23:35.999Z</time>
      </trkpt>
      <trkpt lat="51.855440" lon="10.672471">
        <ele>278.412913</ele>
        <time>2026-09-26T14:23:43.999Z</time>
      </trkpt>
      <trkpt lat="51.855361" lon="10.672381">
        <ele>278.412913</ele>
        <time>2026-09-26T14:23:52.999Z</time>
      </trkpt>
      <trkpt lat="51.855290" lon="10.672280">
        <ele>278.412913</ele>
        <time>2026-09-26T14:24:01.999Z</time>
      </trkpt>
      <trkpt lat="51.855205" lon="10.672192">
        <ele>278.412913</ele>
        <time>2026-09-26T14:24:10.999Z</time>
      </trkpt>
      <trkpt lat="51.855134" lon="10.672095">
        <ele>278.412913</ele>
        <time>2026-09-26T14:24:18.999Z</time>
      </trkpt>
      <trkpt lat="51.855068" lon="10.671991">
        <ele>278.412913</ele>
        <time>2026-09-26T14:24:26.999Z</time>
      </trkpt>
      <trkpt lat="51.854989" lon="10.671897">
        <ele>278.412913</ele>
        <time>2026-09-26T14:24:35.999Z</time>
      </trkpt>
      <trkpt lat="51.854912" lon="10.671793">
        <ele>278.412913</ele>
        <time>2026-09-26T14:24:44.999Z</time>
      </trkpt>
      <trkpt lat="51.854839" lon="10.671676">
        <ele>278.412913</ele>
        <time>2026-09-26T14:24:53.999Z</time>
      </trkpt>
      <trkpt lat="51.854777" lon="10.671554">
        <ele>278.412913</ele>
        <time>2026-09-26T14:25:02.999Z</time>
      </trkpt>
      <trkpt lat="51.854859" lon="10.671485">
        <ele>278.412913</ele>
        <time>2026-09-26T14:25:20.999Z</time>
      </trkpt>
      <trkpt lat="51.854952" lon="10.671444">
        <ele>278.412913</ele>
        <time>2026-09-26T14:25:59.999Z</time>
      </trkpt>
    </trkseg>
  </trk>
</gpx>