<?xml version='1.0' encoding='UTF-8'?>
<gpx version="1.1" creator="https://www.komoot.de" xmlns="http://www.topografix.com/GPX/1/1" xmlns:xsi="http://www.w3.org/2001/XMLSchema-instance" xsi:schemaLocation="http://www.topografix.com/GPX/1/1 http://www.topografix.com/GPX/1/1/gpx.xsd">
  <metadata>
    <name>Rundwanderung Thale-Hexentanzplatz- Bodetal-Schurre-Rosstrappe-Thale</name>
    <author>
      <link href="https://www.komoot.de">
        <text>komoot</text>
        <type>text/html</type>
      </link>
    </author>
  </metadata>
  <trk>
    <name>Rundwanderung Thale-Hexentanzplatz- Bodetal-Schurre-Rosstrappe-Thale</name>
    <type>hike</type>
    <trkseg>
      <trkpt lat="51.747257" lon="11.027167">
        <ele>174.125773</ele>
        <time>2026-08-08T10:29:05.000Z</time>
      </trkpt>
      <trkpt lat="51.747163" lon="11.027212">
        <ele>174.125773</ele>
        <time>2026-08-08T10:29:15.000Z</time>
      </trkpt>
      <trkpt lat="51.747076" lon="11.027267">
        <ele>174.125773</ele>
        <time>2026-08-08T10:29:22.000Z</time>
      </trkpt>
      <trkpt lat="51.746988" lon="11.027302">
        <ele>174.125773</ele>
        <time>2026-08-08T10:29:36.000Z</time>
      </trkpt>
      <trkpt lat="51.746900" lon="11.027347">
        <ele>174.125773</ele>
        <time>2026-08-08T10:29:50.000Z</time>
      </trkpt>
      <trkpt lat="51.746803" lon="11.027392">
        <ele>174.125773</ele>
        <time>2026-08-08T10:29:59.000Z</time>
      </trkpt>
      <trkpt lat="51.746717" lon="11.027445">
        <ele>174.125773</ele>
        <time>2026-08-08T10:30:07.000Z</time>
      </trkpt>
      <trkpt lat="51.746632" lon="11.027497">
        <ele>174.125773</ele>
        <time>2026-08-08T10:30:16.000Z</time>
      </trkpt>
      <trkpt lat="51.746539" lon="11.027554">
        <ele>174.125773</ele>
        <time>2026-08-08T10:30:25.000Z</time>
      </trkpt>
      <trkpt lat="51.746449" lon="11.027601">
        <ele>174.125773</ele>
        <time>2026-08-08T10:30:33.000Z</time>
      </trkpt>
      <trkpt lat="51.746356" lon="11.027638">
        <ele>174.140533</ele>
        <time>2026-08-08T10:30:41.000Z</time>
      </trkpt>
      <trkpt lat="51.746266" lon="11.027671">
        <ele>174.168456</ele>
        <time>2026-08-08T10:30:49.000Z</time>
      </trkpt>
      <trkpt lat="51.746158" lon="11.027517">
        <ele>174.212045</ele>
        <time>2026-08-08T10:31:15.999Z</time>
      </trkpt>
      <trkpt lat="51.746122" lon="11.027373">
        <ele>174.241137</ele>
        <time>2026-08-08T10:31:24.999Z</time>
      </trkpt>
      <trkpt lat="51.746083" lon="11.027238">
        <ele>174.269044</ele>
        <time>2026-08-08T10:31:33.000Z</time>
      </trkpt>
      <trkpt lat="51.746042" lon="11.027102">
        <ele>174.297381</ele>
        <time>2026-08-08T10:31:42.000Z</time>
      </trkpt>
      <trkpt lat="51.746014" lon="11.026961">
        <ele>174.325120</ele>
        <time>2026-08-08T10:31:53.000Z</time>
      </trkpt>
      <trkpt lat="51.746059" lon="11.027092">
        <ele>174.353184</ele>
        <time>2026-08-08T10:35:27.000Z</time>
      </trkpt>
      <trkpt lat="51.746145" lon="11.027180">
        <ele>174.383987</ele>
        <time>2026-08-08T10:35:40.000Z</time>
      </trkpt>
      <trkpt lat="51.746238" lon="11.027163">
        <ele>174.412305</ele>
        <time>2026-08-08T10:35:45.000Z</time>
      </trkpt>
      <trkpt lat="51.746342" lon="11.027113">
        <ele>174.445136</ele>
        <time>2026-08-08T10:35:53.000Z</time>
      </trkpt>
      <trkpt lat="51.746440" lon="11.027066">
        <ele>174.476066</ele>
        <time>2026-08-08T10:36:01.000Z</time>
      </trkpt>
      <trkpt lat="51.746533" lon="11.027015">
        <ele>174.505782</ele>
        <time>2026-08-08T10:36:09.000Z</time>
      </trkpt>
      <trkpt lat="51.746628" lon="11.026965">
        <ele>174.536013</ele>
        <time>2026-08-08T10:36:17.000Z</time>
      </trkpt>
      <trkpt lat="51.746719" lon="11.026916">
        <ele>174.565036</ele>
        <time>2026-08-08T10:36:25.000Z</time>
      </trkpt>
      <trkpt lat="51.746818" lon="11.026875">
        <ele>174.595959</ele>
        <time>2026-08-08T10:36:33.000Z</time>
      </trkpt>
      <trkpt lat="51.746911" lon="11.026885">
        <ele>174.624160</ele>
        <time>2026-08-08T10:36:41.000Z</time>
      </trkpt>
      <trkpt lat="51.746996" lon="11.026949">
        <ele>174.652535</ele>
        <time>2026-08-08T10:36:52.000Z</time>
      </trkpt>
      <trkpt lat="51.747052" lon="11.027116">
        <ele>174.657084</ele>
        <time>2026-08-08T10:36:57.000Z</time>
      </trkpt>
      <trkpt lat="51.747134" lon="11.027214">
        <ele>174.635149</ele>
        <time>2026-08-08T10:37:04.000Z</time>
      </trkpt>
      <trkpt lat="51.747232" lon="11.027217">
        <ele>174.614072</ele>
        <time>2026-08-08T10:37:15.000Z</time>
      </trkpt>
      <trkpt lat="51.747332" lon="11.027177">
        <ele>174.591919</ele>
        <time>2026-08-08T10:37:23.000Z</time>
      </trkpt>
      <trkpt lat="51.747347" lon="11.027021">
        <ele>174.570902</ele>
        <time>2026-08-08T10:37:58.000Z</time>
      </trkpt>
      <trkpt lat="51.747316" lon="11.026885">
        <ele>174.551607</ele>
        <time>2026-08-08T10:38:06.000Z</time>
      </trkpt>
      <trkpt lat="51.747290" lon="11.026739">
        <ele>174.531382</ele>
        <time>2026-08-08T10:38:21.000Z</time>
      </trkpt>
      <trkpt lat="51.747263" lon="11.026581">
        <ele>174.509560</ele>
        <time>2026-08-08T10:38:24.000Z</time>
      </trkpt>
      <trkpt lat="51.747176" lon="11.026632">
        <ele>174.489658</ele>
        <time>2026-08-08T10:38:36.000Z</time>
      </trkpt>
      <trkpt lat="51.747085" lon="11.026570">
        <ele>174.468421</ele>
        <time>2026-08-08T10:38:44.000Z</time>
      </trkpt>
      <trkpt lat="51.747003" lon="11.026491">
        <ele>174.447889</ele>
        <time>2026-08-08T10:38:49.000Z</time>
      </trkpt>
      <trkpt lat="51.746911" lon="11.026491">
        <ele>174.428106</ele>
        <time>2026-08-08T10:38:57.000Z</time>
      </trkpt>
      <trkpt lat="51.746815" lon="11.026474">
        <ele>174.407339</ele>
        <time>2026-08-08T10:39:04.000Z</time>
      </trkpt>
      <trkpt lat="51.746722" lon="11.026494">
        <ele>174.387165</ele>
        <time>2026-08-08T10:39:20.000Z</time>
      </trkpt>
      <trkpt lat="51.746619" lon="11.026525">
        <ele>174.364635</ele>
        <time>2026-08-08T10:39:31.999Z</time>
      </trkpt>
      <trkpt lat="51.746524" lon="11.026559">
        <ele>174.343712</ele>
        <time>2026-08-08T10:39:41.999Z</time>
      </trkpt>
      <trkpt lat="51.746432" lon="11.026597">
        <ele>174.323292</ele>
        <time>2026-08-08T10:39:50.999Z</time>
      </trkpt>
      <trkpt lat="51.746338" lon="11.026643">
        <ele>174.302171</ele>
        <time>2026-08-08T10:39:58.999Z</time>
      </trkpt>
      <trkpt lat="51.746253" lon="11.026523">
        <ele>174.294545</ele>
        <time>2026-08-08T10:40:05.999Z</time>
      </trkpt>
      <trkpt lat="51.746199" lon="11.026403">
        <ele>174.336704</ele>
        <time>2026-08-08T10:40:08.999Z</time>
      </trkpt>
      <trkpt lat="51.746150" lon="11.026270">
        <ele>174.380687</ele>
        <time>2026-08-08T10:40:15.000Z</time>
      </trkpt>
      <trkpt lat="51.746150" lon="11.026104">
        <ele>174.427862</ele>
        <time>2026-08-08T10:40:24.000Z</time>
      </trkpt>
      <trkpt lat="51.746149" lon="11.025858">
        <ele>174.497775</ele>
        <time>2026-08-08T10:42:20.000Z</time>
      </trkpt>
      <trkpt lat="51.746137" lon="11.025705">
        <ele>174.541604</ele>
        <time>2026-08-08T10:42:28.000Z</time>
      </trkpt>
      <trkpt lat="51.746051" lon="11.025494">
        <ele>174.613395</ele>
        <time>2026-08-08T10:43:27.000Z</time>
      </trkpt>
      <trkpt lat="51.746001" lon="11.025368">
        <ele>174.655926</ele>
        <time>2026-08-08T10:43:32.000Z</time>
      </trkpt>
      <trkpt lat="51.745976" lon="11.025226">
        <ele>174.697881</ele>
        <time>2026-08-08T10:43:38.999Z</time>
      </trkpt>
      <trkpt lat="51.745930" lon="11.025091">
        <ele>174.741674</ele>
        <time>2026-08-08T10:43:48.999Z</time>
      </trkpt>
      <trkpt lat="51.745842" lon="11.025123">
        <ele>174.783077</ele>
        <time>2026-08-08T10:43:56.999Z</time>
      </trkpt>
      <trkpt lat="51.745750" lon="11.025161">
        <ele>174.826665</ele>
        <time>2026-08-08T10:44:03.999Z</time>
      </trkpt>
      <trkpt lat="51.745649" lon="11.025179">
        <ele>174.873305</ele>
        <time>2026-08-08T10:44:11.999Z</time>
      </trkpt>
      <trkpt lat="51.745554" lon="11.025187">
        <ele>174.916970</ele>
        <time>2026-08-08T10:44:19.999Z</time>
      </trkpt>
      <trkpt lat="51.745463" lon="11.025221">
        <ele>174.959843</ele>
        <time>2026-08-08T10:44:29.000Z</time>
      </trkpt>
      <trkpt lat="51.745368" lon="11.025225">
        <ele>175.003463</ele>
        <time>2026-08-08T10:44:36.000Z</time>
      </trkpt>
      <trkpt lat="51.745281" lon="11.025178">
        <ele>175.045571</ele>
        <time>2026-08-08T10:44:44.000Z</time>
      </trkpt>
      <trkpt lat="51.745124" lon="11.025193">
        <ele>175.145661</ele>
        <time>2026-08-08T10:45:12.000Z</time>
      </trkpt>
      <trkpt lat="51.745037" lon="11.025238">
        <ele>175.318039</ele>
        <time>2026-08-08T10:45:19.000Z</time>
      </trkpt>
      <trkpt lat="51.744946" lon="11.025269">
        <ele>175.493531</ele>
        <time>2026-08-08T10:45:26.000Z</time>
      </trkpt>
      <trkpt lat="51.744858" lon="11.025321">
        <ele>175.670348</ele>
        <time>2026-08-08T10:45:37.000Z</time>
      </trkpt>
      <trkpt lat="51.744758" lon="11.025343">
        <ele>175.860787</ele>
        <time>2026-08-08T10:45:43.999Z</time>
      </trkpt>
      <trkpt lat="51.744663" lon="11.025360">
        <ele>176.041145</ele>
        <time>2026-08-08T10:45:51.999Z</time>
      </trkpt>
      <trkpt lat="51.744572" lon="11.025412">
        <ele>176.223289</ele>
        <time>2026-08-08T10:46:00.999Z</time>
      </trkpt>
      <trkpt lat="51.744501" lon="11.025517">
        <ele>176.404944</ele>
        <time>2026-08-08T10:46:09.000Z</time>
      </trkpt>
      <trkpt lat="51.744467" lon="11.025661">
        <ele>176.585004</ele>
        <time>2026-08-08T10:46:17.000Z</time>
      </trkpt>
      <trkpt lat="51.744433" lon="11.025819">
        <ele>176.780434</ele>
        <time>2026-08-08T10:46:29.000Z</time>
      </trkpt>
      <trkpt lat="51.744315" lon="11.025832">
        <ele>177.003612</ele>
        <time>2026-08-08T10:46:39.000Z</time>
      </trkpt>
      <trkpt lat="51.744228" lon="11.025871">
        <ele>177.173984</ele>
        <time>2026-08-08T10:46:46.000Z</time>
      </trkpt>
      <trkpt lat="51.744136" lon="11.025934">
        <ele>177.362544</ele>
        <time>2026-08-08T10:46:53.000Z</time>
      </trkpt>
      <trkpt lat="51.744048" lon="11.025978">
        <ele>177.536372</ele>
        <time>2026-08-08T10:47:00.000Z</time>
      </trkpt>
      <trkpt lat="51.743953" lon="11.026018">
        <ele>177.721625</ele>
        <time>2026-08-08T10:47:07.000Z</time>
      </trkpt>
      <trkpt lat="51.743863" lon="11.026066">
        <ele>177.900472</ele>
        <time>2026-08-08T10:47:15.000Z</time>
      </trkpt>
      <trkpt lat="51.743772" lon="11.026110">
        <ele>178.079715</ele>
        <time>2026-08-08T10:47:27.000Z</time>
      </trkpt>
      <trkpt lat="51.743693" lon="11.026181">
        <ele>178.250312</ele>
        <time>2026-08-08T10:47:35.000Z</time>
      </trkpt>
      <trkpt lat="51.743603" lon="11.026261">
        <ele>178.444161</ele>
        <time>2026-08-08T10:47:42.001Z</time>
      </trkpt>
      <trkpt lat="51.743504" lon="11.026317">
        <ele>178.595465</ele>
        <time>2026-08-08T10:47:50.000Z</time>
      </trkpt>
      <trkpt lat="51.743411" lon="11.026352">
        <ele>178.715351</ele>
        <time>2026-08-08T10:47:57.000Z</time>
      </trkpt>
      <trkpt lat="51.743313" lon="11.026384">
        <ele>178.840876</ele>
        <time>2026-08-08T10:48:04.000Z</time>
      </trkpt>
      <trkpt lat="51.743221" lon="11.026380">
        <ele>178.956420</ele>
        <time>2026-08-08T10:48:12.000Z</time>
      </trkpt>
      <trkpt lat="51.743130" lon="11.026379">
        <ele>179.070669</ele>
        <time>2026-08-08T10:48:19.000Z</time>
      </trkpt>
      <trkpt lat="51.743030" lon="11.026375">
        <ele>179.196254</ele>
        <time>2026-08-08T10:48:27.000Z</time>
      </trkpt>
      <trkpt lat="51.742928" lon="11.026385">
        <ele>179.324546</ele>
        <time>2026-08-08T10:48:34.000Z</time>
      </trkpt>
      <trkpt lat="51.742826" lon="11.026362">
        <ele>179.453845</ele>
        <time>2026-08-08T10:48:42.000Z</time>
      </trkpt>
      <trkpt lat="51.742731" lon="11.026348">
        <ele>179.573609</ele>
        <time>2026-08-08T10:48:50.000Z</time>
      </trkpt>
      <trkpt lat="51.742636" lon="11.026356">
        <ele>179.693040</ele>
        <time>2026-08-08T10:48:57.000Z</time>
      </trkpt>
      <trkpt lat="51.742543" lon="11.026414">
        <ele>179.818201</ele>
        <time>2026-08-08T10:49:04.000Z</time>
      </trkpt>
      <trkpt lat="51.742442" lon="11.026439">
        <ele>179.946483</ele>
        <time>2026-08-08T10:49:12.000Z</time>
      </trkpt>
      <trkpt lat="51.742335" lon="11.026454">
        <ele>180.081322</ele>
        <time>2026-08-08T10:49:21.000Z</time>
      </trkpt>
      <trkpt lat="51.742243" lon="11.026457">
        <ele>180.196848</ele>
        <time>2026-08-08T10:49:36.001Z</time>
      </trkpt>
      <trkpt lat="51.742152" lon="11.026467">
        <ele>180.311359</ele>
        <time>2026-08-08T10:49:52.000Z</time>
      </trkpt>
      <trkpt lat="51.742058" lon="11.026480">
        <ele>180.429804</ele>
        <time>2026-08-08T10:50:00.000Z</time>
      </trkpt>
      <trkpt lat="51.741963" lon="11.026514">
        <ele>180.551966</ele>
        <time>2026-08-08T10:50:07.000Z</time>
      </trkpt>
      <trkpt lat="51.741872" lon="11.026544">
        <ele>180.668569</ele>
        <time>2026-08-08T10:50:14.000Z</time>
      </trkpt>
      <trkpt lat="51.741729" lon="11.026567">
        <ele>180.970665</ele>
        <time>2026-08-08T10:50:38.000Z</time>
      </trkpt>
      <trkpt lat="51.741672" lon="11.026689">
        <ele>181.253558</ele>
        <time>2026-08-08T10:50:51.000Z</time>
      </trkpt>
      <trkpt lat="51.741717" lon="11.026841">
        <ele>181.565413</ele>
        <time>2026-08-08T10:51:05.000Z</time>
      </trkpt>
      <trkpt lat="51.741732" lon="11.026990">
        <ele>181.844833</ele>
        <time>2026-08-08T10:51:12.000Z</time>
      </trkpt>
      <trkpt lat="51.741743" lon="11.027135">
        <ele>182.115234</ele>
        <time>2026-08-08T10:51:19.000Z</time>
      </trkpt>
      <trkpt lat="51.741729" lon="11.027297">
        <ele>182.418001</ele>
        <time>2026-08-08T10:51:28.000Z</time>
      </trkpt>
      <trkpt lat="51.741696" lon="11.027433">
        <ele>182.688375</ele>
        <time>2026-08-08T10:51:36.001Z</time>
      </trkpt>
      <trkpt lat="51.741663" lon="11.027569">
        <ele>182.958748</ele>
        <time>2026-08-08T10:51:44.001Z</time>
      </trkpt>
      <trkpt lat="51.741620" lon="11.027709">
        <ele>183.248016</ele>
        <time>2026-08-08T10:51:53.001Z</time>
      </trkpt>
      <trkpt lat="51.741580" lon="11.027842">
        <ele>183.521701</ele>
        <time>2026-08-08T10:52:00.000Z</time>
      </trkpt>
      <trkpt lat="51.741562" lon="11.027986">
        <ele>183.793622</ele>
        <time>2026-08-08T10:52:09.000Z</time>
      </trkpt>
      <trkpt lat="51.741534" lon="11.028128">
        <ele>184.069470</ele>
        <time>2026-08-08T10:52:27.000Z</time>
      </trkpt>
      <trkpt lat="51.741534" lon="11.028279">
        <ele>184.348971</ele>
        <time>2026-08-08T10:52:56.000Z</time>
      </trkpt>
      <trkpt lat="51.741458" lon="11.028382">
        <ele>184.645556</ele>
        <time>2026-08-08T10:53:11.000Z</time>
      </trkpt>
      <trkpt lat="51.741357" lon="11.028367">
        <ele>184.948749</ele>
        <time>2026-08-08T10:53:15.000Z</time>
      </trkpt>
      <trkpt lat="51.741262" lon="11.028336">
        <ele>185.238471</ele>
        <time>2026-08-08T10:53:23.000Z</time>
      </trkpt>
      <trkpt lat="51.741177" lon="11.028412">
        <ele>185.528905</ele>
        <time>2026-08-08T10:53:54.000Z</time>
      </trkpt>
      <trkpt lat="51.741270" lon="11.028424">
        <ele>185.807796</ele>
        <time>2026-08-08T10:54:26.000Z</time>
      </trkpt>
      <trkpt lat="51.741178" lon="11.028412">
        <ele>186.083707</ele>
        <time>2026-08-08T10:54:48.000Z</time>
      </trkpt>
      <trkpt lat="51.741084" lon="11.028402">
        <ele>187.149152</ele>
        <time>2026-08-08T10:54:59.000Z</time>
      </trkpt>
      <trkpt lat="51.741008" lon="11.028553">
        <ele>188.749008</ele>
        <time>2026-08-08T10:55:06.000Z</time>
      </trkpt>
      <trkpt lat="51.740918" lon="11.028544">
        <ele>189.946279</ele>
        <time>2026-08-08T10:55:21.000Z</time>
      </trkpt>
      <trkpt lat="51.740828" lon="11.028513">
        <ele>191.168139</ele>
        <time>2026-08-08T10:55:31.000Z</time>
      </trkpt>
      <trkpt lat="51.740739" lon="11.028482">
        <ele>192.377017</ele>
        <time>2026-08-08T10:55:44.000Z</time>
      </trkpt>
      <trkpt lat="51.740644" lon="11.028460">
        <ele>193.651290</ele>
        <time>2026-08-08T10:55:53.000Z</time>
      </trkpt>
      <trkpt lat="51.740559" lon="11.028398">
        <ele>194.889664</ele>
        <time>2026-08-08T10:56:02.000Z</time>
      </trkpt>
      <trkpt lat="51.740472" lon="11.028360">
        <ele>196.086319</ele>
        <time>2026-08-08T10:56:09.999Z</time>
      </trkpt>
      <trkpt lat="51.740382" lon="11.028325">
        <ele>197.315461</ele>
        <time>2026-08-08T10:56:18.999Z</time>
      </trkpt>
      <trkpt lat="51.740290" lon="11.028280">
        <ele>198.591799</ele>
        <time>2026-08-08T10:56:29.999Z</time>
      </trkpt>
      <trkpt lat="51.740197" lon="11.028333">
        <ele>199.901247</ele>
        <time>2026-08-08T10:56:42.000Z</time>
      </trkpt>
      <trkpt lat="51.740105" lon="11.028281">
        <ele>201.195442</ele>
        <time>2026-08-08T10:56:53.000Z</time>
      </trkpt>
      <trkpt lat="51.740051" lon="11.028161">
        <ele>202.415074</ele>
        <time>2026-08-08T10:57:02.000Z</time>
      </trkpt>
      <trkpt lat="51.739958" lon="11.028098">
        <ele>203.754130</ele>
        <time>2026-08-08T10:57:12.000Z</time>
      </trkpt>
      <trkpt lat="51.739868" lon="11.028078">
        <ele>204.960372</ele>
        <time>2026-08-08T10:57:32.000Z</time>
      </trkpt>
      <trkpt lat="51.739769" lon="11.028043">
        <ele>206.305983</ele>
        <time>2026-08-08T10:57:55.000Z</time>
      </trkpt>
      <trkpt lat="51.739689" lon="11.027948">
        <ele>207.624458</ele>
        <time>2026-08-08T10:58:05.000Z</time>
      </trkpt>
      <trkpt lat="51.739594" lon="11.027883">
        <ele>208.994373</ele>
        <time>2026-08-08T10:58:13.000Z</time>
      </trkpt>
      <trkpt lat="51.739513" lon="11.027807">
        <ele>210.187228</ele>
        <time>2026-08-08T10:58:22.000Z</time>
      </trkpt>
      <trkpt lat="51.739426" lon="11.027752">
        <ele>211.138990</ele>
        <time>2026-08-08T10:58:30.000Z</time>
      </trkpt>
      <trkpt lat="51.739344" lon="11.027681">
        <ele>212.086821</ele>
        <time>2026-08-08T10:58:38.000Z</time>
      </trkpt>
      <trkpt lat="51.739240" lon="11.027630">
        <ele>213.194041</ele>
        <time>2026-08-08T10:58:47.000Z</time>
      </trkpt>
      <trkpt lat="51.739164" lon="11.027543">
        <ele>214.143044</ele>
        <time>2026-08-08T10:58:55.000Z</time>
      </trkpt>
      <trkpt lat="51.739096" lon="11.027447">
        <ele>215.063151</ele>
        <time>2026-08-08T10:59:04.000Z</time>
      </trkpt>
      <trkpt lat="51.739001" lon="11.027427">
        <ele>216.039107</ele>
        <time>2026-08-08T10:59:17.000Z</time>
      </trkpt>
      <trkpt lat="51.738929" lon="11.027339">
        <ele>216.958964</ele>
        <time>2026-08-08T10:59:25.000Z</time>
      </trkpt>
      <trkpt lat="51.738862" lon="11.027211">
        <ele>218.016242</ele>
        <time>2026-08-08T10:59:34.000Z</time>
      </trkpt>
      <trkpt lat="51.738784" lon="11.027133">
        <ele>218.950843</ele>
        <time>2026-08-08T10:59:41.000Z</time>
      </trkpt>
      <trkpt lat="51.738697" lon="11.027043">
        <ele>220.003369</ele>
        <time>2026-08-08T10:59:49.000Z</time>
      </trkpt>
      <trkpt lat="51.738633" lon="11.026932">
        <ele>220.960121</ele>
        <time>2026-08-08T10:59:56.000Z</time>
      </trkpt>
      <trkpt lat="51.738563" lon="11.026834">
        <ele>221.903884</ele>
        <time>2026-08-08T11:00:05.000Z</time>
      </trkpt>
      <trkpt lat="51.738480" lon="11.026776">
        <ele>222.825175</ele>
        <time>2026-08-08T11:00:17.000Z</time>
      </trkpt>
      <trkpt lat="51.738395" lon="11.026717">
        <ele>223.767674</ele>
        <time>2026-08-08T11:00:25.000Z</time>
      </trkpt>
      <trkpt lat="51.738266" lon="11.026580">
        <ele>225.340519</ele>
        <time>2026-08-08T11:02:30.000Z</time>
      </trkpt>
      <trkpt lat="51.738180" lon="11.026518">
        <ele>226.299944</ele>
        <time>2026-08-08T11:02:41.000Z</time>
      </trkpt>
      <trkpt lat="51.738109" lon="11.026419">
        <ele>227.255542</ele>
        <time>2026-08-08T11:02:57.000Z</time>
      </trkpt>
      <trkpt lat="51.738040" lon="11.026298">
        <ele>228.293195</ele>
        <time>2026-08-08T11:03:24.000Z</time>
      </trkpt>
      <trkpt lat="51.737961" lon="11.026216">
        <ele>229.677978</ele>
        <time>2026-08-08T11:03:32.000Z</time>
      </trkpt>
      <trkpt lat="51.737876" lon="11.026134">
        <ele>231.162232</ele>
        <time>2026-08-08T11:03:43.000Z</time>
      </trkpt>
      <trkpt lat="51.737797" lon="11.026061">
        <ele>232.526665</ele>
        <time>2026-08-08T11:03:54.000Z</time>
      </trkpt>
      <trkpt lat="51.737710" lon="11.025993">
        <ele>233.975577</ele>
        <time>2026-08-08T11:04:02.000Z</time>
      </trkpt>
      <trkpt lat="51.737634" lon="11.025911">
        <ele>235.345761</ele>
        <time>2026-08-08T11:04:11.000Z</time>
      </trkpt>
      <trkpt lat="51.737664" lon="11.026048">
        <ele>236.694714</ele>
        <time>2026-08-08T11:04:37.999Z</time>
      </trkpt>
      <trkpt lat="51.737718" lon="11.026168">
        <ele>238.071738</ele>
        <time>2026-08-08T11:05:08.000Z</time>
      </trkpt>
      <trkpt lat="51.737768" lon="11.026291">
        <ele>239.437584</ele>
        <time>2026-08-08T11:05:20.000Z</time>
      </trkpt>
      <trkpt lat="51.737819" lon="11.026416">
        <ele>240.827178</ele>
        <time>2026-08-08T11:05:33.000Z</time>
      </trkpt>
      <trkpt lat="51.737864" lon="11.026547">
        <ele>242.217823</ele>
        <time>2026-08-08T11:05:45.000Z</time>
      </trkpt>
      <trkpt lat="51.737917" lon="11.026666">
        <ele>243.578539</ele>
        <time>2026-08-08T11:06:05.000Z</time>
      </trkpt>
      <trkpt lat="51.738003" lon="11.026826">
        <ele>245.545278</ele>
        <time>2026-08-08T11:07:13.000Z</time>
      </trkpt>
      <trkpt lat="51.738066" lon="11.026946">
        <ele>247.005690</ele>
        <time>2026-08-08T11:07:22.000Z</time>
      </trkpt>
      <trkpt lat="51.738126" lon="11.027072">
        <ele>248.481181</ele>
        <time>2026-08-08T11:07:31.000Z</time>
      </trkpt>
      <trkpt lat="51.738198" lon="11.027178">
        <ele>249.941720</ele>
        <time>2026-08-08T11:07:40.000Z</time>
      </trkpt>
      <trkpt lat="51.738248" lon="11.027300">
        <ele>251.299804</ele>
        <time>2026-08-08T11:07:50.000Z</time>
      </trkpt>
      <trkpt lat="51.738292" lon="11.027434">
        <ele>252.707773</ele>
        <time>2026-08-08T11:08:00.001Z</time>
      </trkpt>
      <trkpt lat="51.738303" lon="11.027582">
        <ele>254.091509</ele>
        <time>2026-08-08T11:08:10.001Z</time>
      </trkpt>
      <trkpt lat="51.738335" lon="11.027741">
        <ele>255.736178</ele>
        <time>2026-08-08T11:08:19.001Z</time>
      </trkpt>
      <trkpt lat="51.738250" lon="11.027661">
        <ele>257.614354</ele>
        <time>2026-08-08T11:08:39.001Z</time>
      </trkpt>
      <trkpt lat="51.738260" lon="11.027809">
        <ele>259.374370</ele>
        <time>2026-08-08T11:09:11.000Z</time>
      </trkpt>
      <trkpt lat="51.738308" lon="11.027938">
        <ele>261.153513</ele>
        <time>2026-08-08T11:09:19.000Z</time>
      </trkpt>
      <trkpt lat="51.738360" lon="11.028082">
        <ele>263.124154</ele>
        <time>2026-08-08T11:09:28.001Z</time>
      </trkpt>
      <trkpt lat="51.738390" lon="11.028226">
        <ele>264.920250</ele>
        <time>2026-08-08T11:09:37.001Z</time>
      </trkpt>
      <trkpt lat="51.738431" lon="11.028365">
        <ele>266.740369</ele>
        <time>2026-08-08T11:09:47.001Z</time>
      </trkpt>
      <trkpt lat="51.738451" lon="11.028508">
        <ele>268.473465</ele>
        <time>2026-08-08T11:09:55.001Z</time>
      </trkpt>
      <trkpt lat="51.738477" lon="11.028651">
        <ele>270.235340</ele>
        <time>2026-08-08T11:10:06.001Z</time>
      </trkpt>
      <trkpt lat="51.738506" lon="11.028789">
        <ele>271.958123</ele>
        <time>2026-08-08T11:10:15.001Z</time>
      </trkpt>
      <trkpt lat="51.738595" lon="11.028821">
        <ele>273.698775</ele>
        <time>2026-08-08T11:10:26.001Z</time>
      </trkpt>
      <trkpt lat="51.738510" lon="11.028883">
        <ele>275.479315</ele>
        <time>2026-08-08T11:10:36.001Z</time>
      </trkpt>
      <trkpt lat="51.738423" lon="11.028822">
        <ele>277.289979</ele>
        <time>2026-08-08T11:10:46.001Z</time>
      </trkpt>
      <trkpt lat="51.738343" lon="11.028746">
        <ele>279.061890</ele>
        <time>2026-08-08T11:10:55.001Z</time>
      </trkpt>
      <trkpt lat="51.738268" lon="11.028657">
        <ele>280.838685</ele>
        <time>2026-08-08T11:11:06.001Z</time>
      </trkpt>
      <trkpt lat="51.738221" lon="11.028515">
        <ele>282.742128</ele>
        <time>2026-08-08T11:11:19.001Z</time>
      </trkpt>
      <trkpt lat="51.738163" lon="11.028388">
        <ele>284.607636</ele>
        <time>2026-08-08T11:11:31.001Z</time>
      </trkpt>
      <trkpt lat="51.738096" lon="11.028271">
        <ele>286.491546</ele>
        <time>2026-08-08T11:11:41.001Z</time>
      </trkpt>
      <trkpt lat="51.738032" lon="11.028150">
        <ele>288.372755</ele>
        <time>2026-08-08T11:11:52.001Z</time>
      </trkpt>
      <trkpt lat="51.737959" lon="11.028061">
        <ele>290.097347</ele>
        <time>2026-08-08T11:12:02.001Z</time>
      </trkpt>
      <trkpt lat="51.737883" lon="11.027974">
        <ele>291.795388</ele>
        <time>2026-08-08T11:12:14.001Z</time>
      </trkpt>
      <trkpt lat="51.737887" lon="11.028130">
        <ele>293.557743</ele>
        <time>2026-08-08T11:12:40.001Z</time>
      </trkpt>
      <trkpt lat="51.737907" lon="11.028277">
        <ele>295.256575</ele>
        <time>2026-08-08T11:12:50.001Z</time>
      </trkpt>
      <trkpt lat="51.737941" lon="11.028419">
        <ele>296.975033</ele>
        <time>2026-08-08T11:13:01.001Z</time>
      </trkpt>
      <trkpt lat="51.737943" lon="11.028569">
        <ele>298.668545</ele>
        <time>2026-08-08T11:13:12.001Z</time>
      </trkpt>
      <trkpt lat="51.737979" lon="11.028719">
        <ele>300.484372</ele>
        <time>2026-08-08T11:13:22.001Z</time>
      </trkpt>
      <trkpt lat="51.738016" lon="11.028856">
        <ele>302.171418</ele>
        <time>2026-08-08T11:13:32.001Z</time>
      </trkpt>
      <trkpt lat="51.738084" lon="11.028985">
        <ele>304.083596</ele>
        <time>2026-08-08T11:13:41.001Z</time>
      </trkpt>
      <trkpt lat="51.738105" lon="11.029133">
        <ele>305.797427</ele>
        <time>2026-08-08T11:13:51.001Z</time>
      </trkpt>
      <trkpt lat="51.738147" lon="11.029261">
        <ele>307.432505</ele>
        <time>2026-08-08T11:14:00.001Z</time>
      </trkpt>
      <trkpt lat="51.738203" lon="11.029390">
        <ele>309.210720</ele>
        <time>2026-08-08T11:14:10.001Z</time>
      </trkpt>
      <trkpt lat="51.738263" lon="11.029512">
        <ele>310.969228</ele>
        <time>2026-08-08T11:14:20.001Z</time>
      </trkpt>
      <trkpt lat="51.738352" lon="11.029564">
        <ele>312.694379</ele>
        <time>2026-08-08T11:14:32.001Z</time>
      </trkpt>
      <trkpt lat="51.738445" lon="11.029644">
        <ele>314.615031</ele>
        <time>2026-08-08T11:14:38.001Z</time>
      </trkpt>
      <trkpt lat="51.738362" lon="11.029706">
        <ele>316.281920</ele>
        <time>2026-08-08T11:15:30.000Z</time>
      </trkpt>
      <trkpt lat="51.738272" lon="11.029683">
        <ele>317.942797</ele>
        <time>2026-08-08T11:15:47.000Z</time>
      </trkpt>
      <trkpt lat="51.738194" lon="11.029601">
        <ele>319.639264</ele>
        <time>2026-08-08T11:15:58.000Z</time>
      </trkpt>
      <trkpt lat="51.738106" lon="11.029550">
        <ele>321.343442</ele>
        <time>2026-08-08T11:16:14.001Z</time>
      </trkpt>
      <trkpt lat="51.738009" lon="11.029475">
        <ele>323.131953</ele>
        <time>2026-08-08T11:16:56.001Z</time>
      </trkpt>
      <trkpt lat="51.737917" lon="11.029455">
        <ele>324.492885</ele>
        <time>2026-08-08T11:17:06.001Z</time>
      </trkpt>
      <trkpt lat="51.737832" lon="11.029405">
        <ele>325.819130</ele>
        <time>2026-08-08T11:17:13.999Z</time>
      </trkpt>
      <trkpt lat="51.737766" lon="11.029293">
        <ele>327.222747</ele>
        <time>2026-08-08T11:17:49.000Z</time>
      </trkpt>
      <trkpt lat="51.737693" lon="11.029180">
        <ele>328.705250</ele>
        <time>2026-08-08T11:18:01.000Z</time>
      </trkpt>
      <trkpt lat="51.737627" lon="11.029068">
        <ele>330.108870</ele>
        <time>2026-08-08T11:18:12.000Z</time>
      </trkpt>
      <trkpt lat="51.737566" lon="11.028949">
        <ele>331.511349</ele>
        <time>2026-08-08T11:18:21.000Z</time>
      </trkpt>
      <trkpt lat="51.737501" lon="11.028830">
        <ele>332.951931</ele>
        <time>2026-08-08T11:18:32.000Z</time>
      </trkpt>
      <trkpt lat="51.737450" lon="11.028707">
        <ele>334.295813</ele>
        <time>2026-08-08T11:18:43.000Z</time>
      </trkpt>
      <trkpt lat="51.737374" lon="11.028537">
        <ele>336.199358</ele>
        <time>2026-08-08T11:19:34.000Z</time>
      </trkpt>
      <trkpt lat="51.737323" lon="11.028404">
        <ele>337.619580</ele>
        <time>2026-08-08T11:19:45.000Z</time>
      </trkpt>
      <trkpt lat="51.737295" lon="11.028264">
        <ele>338.955251</ele>
        <time>2026-08-08T11:19:55.000Z</time>
      </trkpt>
      <trkpt lat="51.737260" lon="11.028127">
        <ele>340.300729</ele>
        <time>2026-08-08T11:20:04.000Z</time>
      </trkpt>
      <trkpt lat="51.737354" lon="11.028108">
        <ele>341.689569</ele>
        <time>2026-08-08T11:20:20.000Z</time>
      </trkpt>
      <trkpt lat="51.737268" lon="11.028053">
        <ele>343.045650</ele>
        <time>2026-08-08T11:21:49.000Z</time>
      </trkpt>
      <trkpt lat="51.737232" lon="11.028188">
        <ele>344.380091</ele>
        <time>2026-08-08T11:22:41.000Z</time>
      </trkpt>
      <trkpt lat="51.737215" lon="11.028436">
        <ele>346.645383</ele>
        <time>2026-08-08T11:23:06.001Z</time>
      </trkpt>
      <trkpt lat="51.737229" lon="11.028594">
        <ele>348.094441</ele>
        <time>2026-08-08T11:23:17.001Z</time>
      </trkpt>
      <trkpt lat="51.737251" lon="11.028736">
        <ele>349.475354</ele>
        <time>2026-08-08T11:23:25.001Z</time>
      </trkpt>
      <trkpt lat="51.737277" lon="11.028882">
        <ele>350.968689</ele>
        <time>2026-08-08T11:23:34.000Z</time>
      </trkpt>
      <trkpt lat="51.737308" lon="11.029039">
        <ele>352.588540</ele>
        <time>2026-08-08T11:23:44.000Z</time>
      </trkpt>
      <trkpt lat="51.737338" lon="11.029189">
        <ele>354.138021</ele>
        <time>2026-08-08T11:23:55.000Z</time>
      </trkpt>
      <trkpt lat="51.737370" lon="11.029334">
        <ele>355.651166</ele>
        <time>2026-08-08T11:24:05.000Z</time>
      </trkpt>
      <trkpt lat="51.737381" lon="11.029484">
        <ele>357.135957</ele>
        <time>2026-08-08T11:24:15.000Z</time>
      </trkpt>
      <trkpt lat="51.737422" lon="11.029615">
        <ele>358.578794</ele>
        <time>2026-08-08T11:24:27.000Z</time>
      </trkpt>
      <trkpt lat="51.737465" lon="11.029760">
        <ele>360.159133</ele>
        <time>2026-08-08T11:24:38.001Z</time>
      </trkpt>
      <trkpt lat="51.737519" lon="11.029882">
        <ele>361.633219</ele>
        <time>2026-08-08T11:24:48.001Z</time>
      </trkpt>
      <trkpt lat="51.737532" lon="11.030037">
        <ele>363.170763</ele>
        <time>2026-08-08T11:24:58.001Z</time>
      </trkpt>
      <trkpt lat="51.737560" lon="11.030179">
        <ele>364.635659</ele>
        <time>2026-08-08T11:25:09.001Z</time>
      </trkpt>
      <trkpt lat="51.737636" lon="11.030290">
        <ele>366.262281</ele>
        <time>2026-08-08T11:25:24.001Z</time>
      </trkpt>
      <trkpt lat="51.737691" lon="11.030413">
        <ele>367.753609</ele>
        <time>2026-08-08T11:25:37.001Z</time>
      </trkpt>
      <trkpt lat="51.737578" lon="11.030361">
        <ele>369.618722</ele>
        <time>2026-08-08T11:26:18.001Z</time>
      </trkpt>
      <trkpt lat="51.737491" lon="11.030284">
        <ele>371.193537</ele>
        <time>2026-08-08T11:26:27.001Z</time>
      </trkpt>
      <trkpt lat="51.737408" lon="11.030199">
        <ele>372.753644</ele>
        <time>2026-08-08T11:26:39.001Z</time>
      </trkpt>
      <trkpt lat="51.737336" lon="11.030086">
        <ele>374.347392</ele>
        <time>2026-08-08T11:26:49.001Z</time>
      </trkpt>
      <trkpt lat="51.737280" lon="11.029968">
        <ele>375.808766</ele>
        <time>2026-08-08T11:26:58.001Z</time>
      </trkpt>
      <trkpt lat="51.737225" lon="11.029852">
        <ele>377.244881</ele>
        <time>2026-08-08T11:27:07.001Z</time>
      </trkpt>
      <trkpt lat="51.737171" lon="11.029722">
        <ele>378.846169</ele>
        <time>2026-08-08T11:27:18.001Z</time>
      </trkpt>
      <trkpt lat="51.737133" lon="11.029856">
        <ele>380.357935</ele>
        <time>2026-08-08T11:27:45.001Z</time>
      </trkpt>
      <trkpt lat="51.737150" lon="11.030013">
        <ele>381.992793</ele>
        <time>2026-08-08T11:27:56.001Z</time>
      </trkpt>
      <trkpt lat="51.737166" lon="11.030166">
        <ele>383.584408</ele>
        <time>2026-08-08T11:28:06.001Z</time>
      </trkpt>
      <trkpt lat="51.737152" lon="11.030314">
        <ele>385.120125</ele>
        <time>2026-08-08T11:28:22.001Z</time>
      </trkpt>
      <trkpt lat="51.737062" lon="11.030265">
        <ele>386.693322</ele>
        <time>2026-08-08T11:28:40.001Z</time>
      </trkpt>
      <trkpt lat="51.737007" lon="11.030143">
        <ele>388.241219</ele>
        <time>2026-08-08T11:28:50.001Z</time>
      </trkpt>
      <trkpt lat="51.736960" lon="11.029997">
        <ele>389.929077</ele>
        <time>2026-08-08T11:29:01.001Z</time>
      </trkpt>
      <trkpt lat="51.736929" lon="11.029836">
        <ele>391.658525</ele>
        <time>2026-08-08T11:29:12.001Z</time>
      </trkpt>
      <trkpt lat="51.736904" lon="11.029697">
        <ele>393.143239</ele>
        <time>2026-08-08T11:29:22.001Z</time>
      </trkpt>
      <trkpt lat="51.736898" lon="11.029544">
        <ele>394.715787</ele>
        <time>2026-08-08T11:29:35.001Z</time>
      </trkpt>
      <trkpt lat="51.736852" lon="11.029416">
        <ele>396.233822</ele>
        <time>2026-08-08T11:37:19.000Z</time>
      </trkpt>
      <trkpt lat="51.736791" lon="11.029301">
        <ele>397.787012</ele>
        <time>2026-08-08T11:37:30.000Z</time>
      </trkpt>
      <trkpt lat="51.736736" lon="11.029135">
        <ele>399.718158</ele>
        <time>2026-08-08T11:38:01.000Z</time>
      </trkpt>
      <trkpt lat="51.736709" lon="11.028991">
        <ele>401.261469</ele>
        <time>2026-08-08T11:38:11.999Z</time>
      </trkpt>
      <trkpt lat="51.736665" lon="11.028862">
        <ele>402.772131</ele>
        <time>2026-08-08T11:38:22.000Z</time>
      </trkpt>
      <trkpt lat="51.736636" lon="11.029000">
        <ele>404.266961</ele>
        <time>2026-08-08T11:38:49.000Z</time>
      </trkpt>
      <trkpt lat="51.736630" lon="11.029155">
        <ele>405.859993</ele>
        <time>2026-08-08T11:39:00.000Z</time>
      </trkpt>
      <trkpt lat="51.736633" lon="11.029302">
        <ele>407.239480</ele>
        <time>2026-08-08T11:39:09.000Z</time>
      </trkpt>
      <trkpt lat="51.736649" lon="11.029457">
        <ele>407.948045</ele>
        <time>2026-08-08T11:39:19.000Z</time>
      </trkpt>
      <trkpt lat="51.736655" lon="11.029604">
        <ele>408.612331</ele>
        <time>2026-08-08T11:39:29.000Z</time>
      </trkpt>
      <trkpt lat="51.736599" lon="11.029879">
        <ele>409.917674</ele>
        <time>2026-08-08T11:41:35.000Z</time>
      </trkpt>
      <trkpt lat="51.736554" lon="11.030025">
        <ele>410.653047</ele>
        <time>2026-08-08T11:41:44.000Z</time>
      </trkpt>
      <trkpt lat="51.736471" lon="11.030083">
        <ele>411.311560</ele>
        <time>2026-08-08T11:41:51.000Z</time>
      </trkpt>
      <trkpt lat="51.736369" lon="11.030076">
        <ele>412.054928</ele>
        <time>2026-08-08T11:42:01.000Z</time>
      </trkpt>
      <trkpt lat="51.736364" lon="11.029914">
        <ele>412.786325</ele>
        <time>2026-08-08T11:42:08.000Z</time>
      </trkpt>
      <trkpt lat="51.736373" lon="11.029765">
        <ele>413.461384</ele>
        <time>2026-08-08T11:42:15.000Z</time>
      </trkpt>
      <trkpt lat="51.736381" lon="11.029603">
        <ele>414.194193</ele>
        <time>2026-08-08T11:42:24.000Z</time>
      </trkpt>
      <trkpt lat="51.736368" lon="11.029445">
        <ele>414.912906</ele>
        <time>2026-08-08T11:42:36.000Z</time>
      </trkpt>
      <trkpt lat="51.736364" lon="11.029284">
        <ele>415.639471</ele>
        <time>2026-08-08T11:42:45.000Z</time>
      </trkpt>
      <trkpt lat="51.736416" lon="11.029161">
        <ele>416.311019</ele>
        <time>2026-08-08T11:43:02.000Z</time>
      </trkpt>
      <trkpt lat="51.736462" lon="11.029031">
        <ele>416.986157</ele>
        <time>2026-08-08T11:43:12.000Z</time>
      </trkpt>
      <trkpt lat="51.736514" lon="11.028909">
        <ele>417.653984</ele>
        <time>2026-08-08T11:43:35.000Z</time>
      </trkpt>
      <trkpt lat="51.736463" lon="11.029052">
        <ele>418.398084</ele>
        <time>2026-08-08T11:49:17.000Z</time>
      </trkpt>
      <trkpt lat="51.736412" lon="11.029180">
        <ele>419.084402</ele>
        <time>2026-08-08T11:49:27.000Z</time>
      </trkpt>
      <trkpt lat="51.736346" lon="11.029302">
        <ele>419.814868</ele>
        <time>2026-08-08T11:49:40.000Z</time>
      </trkpt>
      <trkpt lat="51.736253" lon="11.029353">
        <ele>420.417545</ele>
        <time>2026-08-08T11:49:47.000Z</time>
      </trkpt>
      <trkpt lat="51.736156" lon="11.029344">
        <ele>420.855584</ele>
        <time>2026-08-08T11:49:55.000Z</time>
      </trkpt>
      <trkpt lat="51.736063" lon="11.029363">
        <ele>421.278211</ele>
        <time>2026-08-08T11:50:08.000Z</time>
      </trkpt>
      <trkpt lat="51.735957" lon="11.029288">
        <ele>421.799968</ele>
        <time>2026-08-08T11:50:49.999Z</time>
      </trkpt>
      <trkpt lat="51.735881" lon="11.029190">
        <ele>422.238453</ele>
        <time>2026-08-08T11:51:03.999Z</time>
      </trkpt>
      <trkpt lat="51.735799" lon="11.029110">
        <ele>422.670381</ele>
        <time>2026-08-08T11:51:15.999Z</time>
      </trkpt>
      <trkpt lat="51.735718" lon="11.029028">
        <ele>423.101397</ele>
        <time>2026-08-08T11:51:23.999Z</time>
      </trkpt>
      <trkpt lat="51.735631" lon="11.028986">
        <ele>423.510785</ele>
        <time>2026-08-08T11:51:32.999Z</time>
      </trkpt>
      <trkpt lat="51.735563" lon="11.028887">
        <ele>423.923568</ele>
        <time>2026-08-08T11:51:41.999Z</time>
      </trkpt>
      <trkpt lat="51.735520" lon="11.028746">
        <ele>424.362390</ele>
        <time>2026-08-08T11:51:59.000Z</time>
      </trkpt>
      <trkpt lat="51.735495" lon="11.028597">
        <ele>424.793401</ele>
        <time>2026-08-08T11:52:15.000Z</time>
      </trkpt>
      <trkpt lat="51.735537" lon="11.028436">
        <ele>425.281173</ele>
        <time>2026-08-08T11:52:20.000Z</time>
      </trkpt>
      <trkpt lat="51.735424" lon="11.028584">
        <ele>425.937141</ele>
        <time>2026-08-08T11:53:05.999Z</time>
      </trkpt>
      <trkpt lat="51.735351" lon="11.028703">
        <ele>426.404805</ele>
        <time>2026-08-08T11:53:13.999Z</time>
      </trkpt>
      <trkpt lat="51.735275" lon="11.028797">
        <ele>426.836411</ele>
        <time>2026-08-08T11:53:21.999Z</time>
      </trkpt>
      <trkpt lat="51.735197" lon="11.028891">
        <ele>427.275210</ele>
        <time>2026-08-08T11:53:29.999Z</time>
      </trkpt>
      <trkpt lat="51.735113" lon="11.028944">
        <ele>427.681803</ele>
        <time>2026-08-08T11:53:37.000Z</time>
      </trkpt>
      <trkpt lat="51.735023" lon="11.028981">
        <ele>428.100506</ele>
        <time>2026-08-08T11:53:44.000Z</time>
      </trkpt>
      <trkpt lat="51.734923" lon="11.028985">
        <ele>428.663806</ele>
        <time>2026-08-08T11:53:53.000Z</time>
      </trkpt>
      <trkpt lat="51.734826" lon="11.028968">
        <ele>429.341511</ele>
        <time>2026-08-08T11:54:00.000Z</time>
      </trkpt>
      <trkpt lat="51.734725" lon="11.028984">
        <ele>430.046412</ele>
        <time>2026-08-08T11:54:09.000Z</time>
      </trkpt>
      <trkpt lat="51.734622" lon="11.028872">
        <ele>430.908933</ele>
        <time>2026-08-08T11:54:36.000Z</time>
      </trkpt>
      <trkpt lat="51.734542" lon="11.028766">
        <ele>431.627735</ele>
        <time>2026-08-08T11:54:45.000Z</time>
      </trkpt>
      <trkpt lat="51.734449" lon="11.028823">
        <ele>432.318670</ele>
        <time>2026-08-08T11:54:55.999Z</time>
      </trkpt>
      <trkpt lat="51.734375" lon="11.028916">
        <ele>432.970000</ele>
        <time>2026-08-08T11:55:03.999Z</time>
      </trkpt>
      <trkpt lat="51.734284" lon="11.028890">
        <ele>433.611892</ele>
        <time>2026-08-08T11:55:11.999Z</time>
      </trkpt>
      <trkpt lat="51.734195" lon="11.028804">
        <ele>434.332312</ele>
        <time>2026-08-08T11:55:21.000Z</time>
      </trkpt>
      <trkpt lat="51.734107" lon="11.028747">
        <ele>434.990894</ele>
        <time>2026-08-08T11:55:29.000Z</time>
      </trkpt>
      <trkpt lat="51.734033" lon="11.028654">
        <ele>435.642226</ele>
        <time>2026-08-08T11:55:38.000Z</time>
      </trkpt>
      <trkpt lat="51.733956" lon="11.028556">
        <ele>436.323225</ele>
        <time>2026-08-08T11:55:50.000Z</time>
      </trkpt>
      <trkpt lat="51.733912" lon="11.028407">
        <ele>437.033308</ele>
        <time>2026-08-08T11:55:59.000Z</time>
      </trkpt>
      <trkpt lat="51.733833" lon="11.028332">
        <ele>437.669849</ele>
        <time>2026-08-08T11:56:08.000Z</time>
      </trkpt>
      <trkpt lat="51.733778" lon="11.028196">
        <ele>438.368563</ele>
        <time>2026-08-08T11:56:16.000Z</time>
      </trkpt>
      <trkpt lat="51.733729" lon="11.028069">
        <ele>439.012221</ele>
        <time>2026-08-08T11:56:24.000Z</time>
      </trkpt>
      <trkpt lat="51.733665" lon="11.027951">
        <ele>439.686957</ele>
        <time>2026-08-08T11:56:35.000Z</time>
      </trkpt>
      <trkpt lat="51.733583" lon="11.027886">
        <ele>440.321450</ele>
        <time>2026-08-08T11:56:45.000Z</time>
      </trkpt>
      <trkpt lat="51.733536" lon="11.027752">
        <ele>440.970639</ele>
        <time>2026-08-08T11:56:53.000Z</time>
      </trkpt>
      <trkpt lat="51.733463" lon="11.027656">
        <ele>441.565591</ele>
        <time>2026-08-08T11:57:02.000Z</time>
      </trkpt>
      <trkpt lat="51.733411" lon="11.027525">
        <ele>442.174553</ele>
        <time>2026-08-08T11:57:10.000Z</time>
      </trkpt>
      <trkpt lat="51.733347" lon="11.027410">
        <ele>442.779645</ele>
        <time>2026-08-08T11:57:18.000Z</time>
      </trkpt>
      <trkpt lat="51.733294" lon="11.027289">
        <ele>443.359671</ele>
        <time>2026-08-08T11:57:29.000Z</time>
      </trkpt>
      <trkpt lat="51.733243" lon="11.027161">
        <ele>443.955340</ele>
        <time>2026-08-08T11:57:37.000Z</time>
      </trkpt>
      <trkpt lat="51.733179" lon="11.027055">
        <ele>444.534712</ele>
        <time>2026-08-08T11:57:46.000Z</time>
      </trkpt>
      <trkpt lat="51.733139" lon="11.026908">
        <ele>445.163108</ele>
        <time>2026-08-08T11:57:55.000Z</time>
      </trkpt>
      <trkpt lat="51.733104" lon="11.026764">
        <ele>445.768530</ele>
        <time>2026-08-08T11:58:03.000Z</time>
      </trkpt>
      <trkpt lat="51.733063" lon="11.026623">
        <ele>446.378160</ele>
        <time>2026-08-08T11:58:12.000Z</time>
      </trkpt>
      <trkpt lat="51.733043" lon="11.026477">
        <ele>446.963374</ele>
        <time>2026-08-08T11:58:20.000Z</time>
      </trkpt>
      <trkpt lat="51.732983" lon="11.026328">
        <ele>447.658945</ele>
        <time>2026-08-08T11:58:27.000Z</time>
      </trkpt>
      <trkpt lat="51.732927" lon="11.026209">
        <ele>448.243872</ele>
        <time>2026-08-08T11:58:35.000Z</time>
      </trkpt>
      <trkpt lat="51.732926" lon="11.026064">
        <ele>448.811398</ele>
        <time>2026-08-08T11:58:48.000Z</time>
      </trkpt>
      <trkpt lat="51.732939" lon="11.025888">
        <ele>449.505096</ele>
        <time>2026-08-08T11:58:54.000Z</time>
      </trkpt>
      <trkpt lat="51.732920" lon="11.025740">
        <ele>450.096641</ele>
        <time>2026-08-08T11:59:01.000Z</time>
      </trkpt>
      <trkpt lat="51.732862" lon="11.025621">
        <ele>450.689301</ele>
        <time>2026-08-08T11:59:10.000Z</time>
      </trkpt>
      <trkpt lat="51.732784" lon="11.025701">
        <ele>451.273243</ele>
        <time>2026-08-08T11:59:18.000Z</time>
      </trkpt>
      <trkpt lat="51.732685" lon="11.025672">
        <ele>451.909068</ele>
        <time>2026-08-08T11:59:26.000Z</time>
      </trkpt>
      <trkpt lat="51.732615" lon="11.025572">
        <ele>452.433037</ele>
        <time>2026-08-08T11:59:33.000Z</time>
      </trkpt>
      <trkpt lat="51.732531" lon="11.025507">
        <ele>452.889382</ele>
        <time>2026-08-08T11:59:42.000Z</time>
      </trkpt>
      <trkpt lat="51.732569" lon="11.025716">
        <ele>453.550291</ele>
        <time>2026-08-08T12:00:05.000Z</time>
      </trkpt>
      <trkpt lat="51.732538" lon="11.025857">
        <ele>454.004269</ele>
        <time>2026-08-08T12:00:11.000Z</time>
      </trkpt>
      <trkpt lat="51.732477" lon="11.025970">
        <ele>454.459094</ele>
        <time>2026-08-08T12:00:20.000Z</time>
      </trkpt>
      <trkpt lat="51.732438" lon="11.026102">
        <ele>454.902848</ele>
        <time>2026-08-08T12:00:27.000Z</time>
      </trkpt>
      <trkpt lat="51.732391" lon="11.026234">
        <ele>455.364834</ele>
        <time>2026-08-08T12:00:35.000Z</time>
      </trkpt>
      <trkpt lat="51.732294" lon="11.026218">
        <ele>455.842523</ele>
        <time>2026-08-08T12:00:45.000Z</time>
      </trkpt>
      <trkpt lat="51.732198" lon="11.026198">
        <ele>456.316739</ele>
        <time>2026-08-08T12:00:55.000Z</time>
      </trkpt>
      <trkpt lat="51.732104" lon="11.026152">
        <ele>456.797943</ele>
        <time>2026-08-08T12:01:03.000Z</time>
      </trkpt>
      <trkpt lat="51.732019" lon="11.026085">
        <ele>457.261342</ele>
        <time>2026-08-08T12:01:11.000Z</time>
      </trkpt>
      <trkpt lat="51.731928" lon="11.026014">
        <ele>457.756485</ele>
        <time>2026-08-08T12:01:19.000Z</time>
      </trkpt>
      <trkpt lat="51.731842" lon="11.025958">
        <ele>458.210783</ele>
        <time>2026-08-08T12:01:26.000Z</time>
      </trkpt>
      <trkpt lat="51.731767" lon="11.025863">
        <ele>458.677793</ele>
        <time>2026-08-08T12:01:34.000Z</time>
      </trkpt>
      <trkpt lat="51.731694" lon="11.025762">
        <ele>459.148772</ele>
        <time>2026-08-08T12:01:41.000Z</time>
      </trkpt>
      <trkpt lat="51.731628" lon="11.025644">
        <ele>459.631208</ele>
        <time>2026-08-08T12:01:51.000Z</time>
      </trkpt>
      <trkpt lat="51.731541" lon="11.025594">
        <ele>460.083628</ele>
        <time>2026-08-08T12:01:59.000Z</time>
      </trkpt>
      <trkpt lat="51.731474" lon="11.025486">
        <ele>460.547449</ele>
        <time>2026-08-08T12:02:07.000Z</time>
      </trkpt>
      <trkpt lat="51.731393" lon="11.025396">
        <ele>461.028033</ele>
        <time>2026-08-08T12:02:15.000Z</time>
      </trkpt>
      <trkpt lat="51.731287" lon="11.025274">
        <ele>461.615397</ele>
        <time>2026-08-08T12:03:36.000Z</time>
      </trkpt>
      <trkpt lat="51.731217" lon="11.025183">
        <ele>462.020900</ele>
        <time>2026-08-08T12:03:45.000Z</time>
      </trkpt>
      <trkpt lat="51.731138" lon="11.025106">
        <ele>462.437272</ele>
        <time>2026-08-08T12:03:54.000Z</time>
      </trkpt>
      <trkpt lat="51.731065" lon="11.024990">
        <ele>462.899423</ele>
        <time>2026-08-08T12:04:03.000Z</time>
      </trkpt>
      <trkpt lat="51.730995" lon="11.024882">
        <ele>463.336291</ele>
        <time>2026-08-08T12:04:10.000Z</time>
      </trkpt>
      <trkpt lat="51.730916" lon="11.024769">
        <ele>463.812511</ele>
        <time>2026-08-08T12:04:19.000Z</time>
      </trkpt>
      <trkpt lat="51.730850" lon="11.024654">
        <ele>464.250655</ele>
        <time>2026-08-08T12:04:27.000Z</time>
      </trkpt>
      <trkpt lat="51.730787" lon="11.024540">
        <ele>464.677625</ele>
        <time>2026-08-08T12:04:36.000Z</time>
      </trkpt>
      <trkpt lat="51.730699" lon="11.024493">
        <ele>465.095852</ele>
        <time>2026-08-08T12:04:45.000Z</time>
      </trkpt>
      <trkpt lat="51.730741" lon="11.024342">
        <ele>465.558440</ele>
        <time>2026-08-08T12:05:06.000Z</time>
      </trkpt>
      <trkpt lat="51.730764" lon="11.024194">
        <ele>465.984865</ele>
        <time>2026-08-08T12:05:11.000Z</time>
      </trkpt>
      <trkpt lat="51.730700" lon="11.024072">
        <ele>466.431669</ele>
        <time>2026-08-08T12:05:19.000Z</time>
      </trkpt>
      <trkpt lat="51.730631" lon="11.023955">
        <ele>466.883156</ele>
        <time>2026-08-08T12:05:27.000Z</time>
      </trkpt>
      <trkpt lat="51.730562" lon="11.023842">
        <ele>467.326615</ele>
        <time>2026-08-08T12:05:34.000Z</time>
      </trkpt>
      <trkpt lat="51.730504" lon="11.023712">
        <ele>467.774361</ele>
        <time>2026-08-08T12:05:41.000Z</time>
      </trkpt>
      <trkpt lat="51.730456" lon="11.023587">
        <ele>468.185383</ele>
        <time>2026-08-08T12:05:49.000Z</time>
      </trkpt>
      <trkpt lat="51.730421" lon="11.023435">
        <ele>468.638574</ele>
        <time>2026-08-08T12:05:57.000Z</time>
      </trkpt>
      <trkpt lat="51.730389" lon="11.023296">
        <ele>469.052996</ele>
        <time>2026-08-08T12:06:04.000Z</time>
      </trkpt>
      <trkpt lat="51.730366" lon="11.023143">
        <ele>469.375353</ele>
        <time>2026-08-08T12:06:11.000Z</time>
      </trkpt>
      <trkpt lat="51.730333" lon="11.023004">
        <ele>469.656341</ele>
        <time>2026-08-08T12:06:19.000Z</time>
      </trkpt>
      <trkpt lat="51.730303" lon="11.022855">
        <ele>469.952079</ele>
        <time>2026-08-08T12:06:27.000Z</time>
      </trkpt>
      <trkpt lat="51.730276" lon="11.022707">
        <ele>470.243308</ele>
        <time>2026-08-08T12:06:34.000Z</time>
      </trkpt>
      <trkpt lat="51.730239" lon="11.022562">
        <ele>470.539326</ele>
        <time>2026-08-08T12:06:42.000Z</time>
      </trkpt>
      <trkpt lat="51.730209" lon="11.022414">
        <ele>470.833269</ele>
        <time>2026-08-08T12:06:50.000Z</time>
      </trkpt>
      <trkpt lat="51.730160" lon="11.022285">
        <ele>471.118913</ele>
        <time>2026-08-08T12:06:58.000Z</time>
      </trkpt>
      <trkpt lat="51.730132" lon="11.022144">
        <ele>471.398408</ele>
        <time>2026-08-08T12:07:05.000Z</time>
      </trkpt>
      <trkpt lat="51.730084" lon="11.022011">
        <ele>471.688968</ele>
        <time>2026-08-08T12:07:12.000Z</time>
      </trkpt>
      <trkpt lat="51.730048" lon="11.021864">
        <ele>471.987348</ele>
        <time>2026-08-08T12:07:20.000Z</time>
      </trkpt>
      <trkpt lat="51.730010" lon="11.021729">
        <ele>472.267254</ele>
        <time>2026-08-08T12:07:27.000Z</time>
      </trkpt>
      <trkpt lat="51.729958" lon="11.021588">
        <ele>472.577014</ele>
        <time>2026-08-08T12:07:37.000Z</time>
      </trkpt>
      <trkpt lat="51.729909" lon="11.021451">
        <ele>472.875636</ele>
        <time>2026-08-08T12:07:45.000Z</time>
      </trkpt>
      <trkpt lat="51.729861" lon="11.021328">
        <ele>473.150053</ele>
        <time>2026-08-08T12:07:51.000Z</time>
      </trkpt>
      <trkpt lat="51.729802" lon="11.021195">
        <ele>473.458854</ele>
        <time>2026-08-08T12:07:58.000Z</time>
      </trkpt>
      <trkpt lat="51.729745" lon="11.021081">
        <ele>473.735407</ele>
        <time>2026-08-08T12:08:05.000Z</time>
      </trkpt>
      <trkpt lat="51.729705" lon="11.020934">
        <ele>474.038483</ele>
        <time>2026-08-08T12:08:12.000Z</time>
      </trkpt>
      <trkpt lat="51.729689" lon="11.020789">
        <ele>474.316496</ele>
        <time>2026-08-08T12:08:19.000Z</time>
      </trkpt>
      <trkpt lat="51.729716" lon="11.020628">
        <ele>474.611806</ele>
        <time>2026-08-08T12:08:26.000Z</time>
      </trkpt>
      <trkpt lat="51.729747" lon="11.020486">
        <ele>474.607091</ele>
        <time>2026-08-08T12:08:33.000Z</time>
      </trkpt>
      <trkpt lat="51.729778" lon="11.020327">
        <ele>474.601871</ele>
        <time>2026-08-08T12:08:41.000Z</time>
      </trkpt>
      <trkpt lat="51.729800" lon="11.020176">
        <ele>474.597013</ele>
        <time>2026-08-08T12:08:48.000Z</time>
      </trkpt>
      <trkpt lat="51.729826" lon="11.020029">
        <ele>474.592226</ele>
        <time>2026-08-08T12:08:58.000Z</time>
      </trkpt>
      <trkpt lat="51.729844" lon="11.019882">
        <ele>474.587533</ele>
        <time>2026-08-08T12:09:07.000Z</time>
      </trkpt>
      <trkpt lat="51.729862" lon="11.019732">
        <ele>474.582749</ele>
        <time>2026-08-08T12:09:14.000Z</time>
      </trkpt>
      <trkpt lat="51.729881" lon="11.019573">
        <ele>474.577678</ele>
        <time>2026-08-08T12:09:22.000Z</time>
      </trkpt>
      <trkpt lat="51.729877" lon="11.019425">
        <ele>474.573039</ele>
        <time>2026-08-08T12:09:29.000Z</time>
      </trkpt>
      <trkpt lat="51.729856" lon="11.019273">
        <ele>474.568162</ele>
        <time>2026-08-08T12:09:37.000Z</time>
      </trkpt>
      <trkpt lat="51.729830" lon="11.019134">
        <ele>474.563615</ele>
        <time>2026-08-08T12:09:44.000Z</time>
      </trkpt>
      <trkpt lat="51.729797" lon="11.018992">
        <ele>474.558865</ele>
        <time>2026-08-08T12:09:52.000Z</time>
      </trkpt>
      <trkpt lat="51.729780" lon="11.018845">
        <ele>474.554182</ele>
        <time>2026-08-08T12:09:58.000Z</time>
      </trkpt>
      <trkpt lat="51.729750" lon="11.018691">
        <ele>474.549127</ele>
        <time>2026-08-08T12:10:06.000Z</time>
      </trkpt>
      <trkpt lat="51.729734" lon="11.018543">
        <ele>474.544422</ele>
        <time>2026-08-08T12:10:14.000Z</time>
      </trkpt>
      <trkpt lat="51.729696" lon="11.018409">
        <ele>474.539807</ele>
        <time>2026-08-08T12:10:20.000Z</time>
      </trkpt>
      <trkpt lat="51.729672" lon="11.018257">
        <ele>474.534895</ele>
        <time>2026-08-08T12:10:28.000Z</time>
      </trkpt>
      <trkpt lat="51.729639" lon="11.018116">
        <ele>474.530174</ele>
        <time>2026-08-08T12:10:36.000Z</time>
      </trkpt>
      <trkpt lat="51.729659" lon="11.017959">
        <ele>474.525155</ele>
        <time>2026-08-08T12:10:44.000Z</time>
      </trkpt>
      <trkpt lat="51.729715" lon="11.017837">
        <ele>474.407004</ele>
        <time>2026-08-08T12:10:50.000Z</time>
      </trkpt>
      <trkpt lat="51.729764" lon="11.017710">
        <ele>473.725885</ele>
        <time>2026-08-08T12:10:57.000Z</time>
      </trkpt>
      <trkpt lat="51.729805" lon="11.017570">
        <ele>473.020935</ele>
        <time>2026-08-08T12:11:04.000Z</time>
      </trkpt>
      <trkpt lat="51.729846" lon="11.017419">
        <ele>472.270411</ele>
        <time>2026-08-08T12:11:13.000Z</time>
      </trkpt>
      <trkpt lat="51.729894" lon="11.017289">
        <ele>471.581457</ele>
        <time>2026-08-08T12:11:20.000Z</time>
      </trkpt>
      <trkpt lat="51.729966" lon="11.017178">
        <ele>470.849788</ele>
        <time>2026-08-08T12:11:27.000Z</time>
      </trkpt>
      <trkpt lat="51.730045" lon="11.017104">
        <ele>470.178525</ele>
        <time>2026-08-08T12:11:34.000Z</time>
      </trkpt>
      <trkpt lat="51.730146" lon="11.017113">
        <ele>469.435082</ele>
        <time>2026-08-08T12:11:42.000Z</time>
      </trkpt>
      <trkpt lat="51.730246" lon="11.017128">
        <ele>468.696954</ele>
        <time>2026-08-08T12:11:50.000Z</time>
      </trkpt>
      <trkpt lat="51.730342" lon="11.017144">
        <ele>467.987639</ele>
        <time>2026-08-08T12:11:58.000Z</time>
      </trkpt>
      <trkpt lat="51.730431" lon="11.017119">
        <ele>467.323696</ele>
        <time>2026-08-08T12:12:07.000Z</time>
      </trkpt>
      <trkpt lat="51.730465" lon="11.016975">
        <ele>466.622180</ele>
        <time>2026-08-08T12:12:20.000Z</time>
      </trkpt>
      <trkpt lat="51.730531" lon="11.016867">
        <ele>465.931533</ele>
        <time>2026-08-08T12:12:34.000Z</time>
      </trkpt>
      <trkpt lat="51.730585" lon="11.016749">
        <ele>465.263672</ele>
        <time>2026-08-08T12:12:53.000Z</time>
      </trkpt>
      <trkpt lat="51.730534" lon="11.016945">
        <ele>464.295927</ele>
        <time>2026-08-08T12:13:52.999Z</time>
      </trkpt>
      <trkpt lat="51.730452" lon="11.017012">
        <ele>463.620479</ele>
        <time>2026-08-08T12:14:04.999Z</time>
      </trkpt>
      <trkpt lat="51.730361" lon="11.016995">
        <ele>462.947201</ele>
        <time>2026-08-08T12:14:16.999Z</time>
      </trkpt>
      <trkpt lat="51.730188" lon="11.016910">
        <ele>461.618144</ele>
        <time>2026-08-08T12:14:57.999Z</time>
      </trkpt>
      <trkpt lat="51.730106" lon="11.016836">
        <ele>460.483058</ele>
        <time>2026-08-08T12:15:04.999Z</time>
      </trkpt>
      <trkpt lat="51.730017" lon="11.016782">
        <ele>458.953677</ele>
        <time>2026-08-08T12:15:13.000Z</time>
      </trkpt>
      <trkpt lat="51.729931" lon="11.016722">
        <ele>457.446674</ele>
        <time>2026-08-08T12:15:19.000Z</time>
      </trkpt>
      <trkpt lat="51.730021" lon="11.016693">
        <ele>455.970409</ele>
        <time>2026-08-08T12:15:36.000Z</time>
      </trkpt>
      <trkpt lat="51.729982" lon="11.016540">
        <ele>454.322028</ele>
        <time>2026-08-08T12:15:45.000Z</time>
      </trkpt>
      <trkpt lat="51.729962" lon="11.016386">
        <ele>452.754361</ele>
        <time>2026-08-08T12:15:53.000Z</time>
      </trkpt>
      <trkpt lat="51.729935" lon="11.016232">
        <ele>451.159774</ele>
        <time>2026-08-08T12:16:00.998Z</time>
      </trkpt>
      <trkpt lat="51.729949" lon="11.016082">
        <ele>449.648452</ele>
        <time>2026-08-08T12:16:07.998Z</time>
      </trkpt>
      <trkpt lat="51.729924" lon="11.015939">
        <ele>448.168076</ele>
        <time>2026-08-08T12:16:20.999Z</time>
      </trkpt>
      <trkpt lat="51.729937" lon="11.015773">
        <ele>446.501050</ele>
        <time>2026-08-08T12:16:29.999Z</time>
      </trkpt>
      <trkpt lat="51.729968" lon="11.015635">
        <ele>445.038521</ele>
        <time>2026-08-08T12:16:37.999Z</time>
      </trkpt>
      <trkpt lat="51.729982" lon="11.015488">
        <ele>443.556749</ele>
        <time>2026-08-08T12:16:44.999Z</time>
      </trkpt>
      <trkpt lat="51.729985" lon="11.015328">
        <ele>441.961941</ele>
        <time>2026-08-08T12:16:52.999Z</time>
      </trkpt>
      <trkpt lat="51.730057" lon="11.015439">
        <ele>440.360580</ele>
        <time>2026-08-08T12:17:14.999Z</time>
      </trkpt>
      <trkpt lat="51.730124" lon="11.015556">
        <ele>438.773031</ele>
        <time>2026-08-08T12:17:26.999Z</time>
      </trkpt>
      <trkpt lat="51.730132" lon="11.015411">
        <ele>437.322683</ele>
        <time>2026-08-08T12:17:35.999Z</time>
      </trkpt>
      <trkpt lat="51.730137" lon="11.015259">
        <ele>435.806179</ele>
        <time>2026-08-08T12:17:42.999Z</time>
      </trkpt>
      <trkpt lat="51.730159" lon="11.015113">
        <ele>434.309159</ele>
        <time>2026-08-08T12:17:48.999Z</time>
      </trkpt>
      <trkpt lat="51.730133" lon="11.014967">
        <ele>432.795637</ele>
        <time>2026-08-08T12:17:57.999Z</time>
      </trkpt>
      <trkpt lat="51.730126" lon="11.014810">
        <ele>430.812933</ele>
        <time>2026-08-08T12:18:04.999Z</time>
      </trkpt>
      <trkpt lat="51.730159" lon="11.014666">
        <ele>428.727989</ele>
        <time>2026-08-08T12:18:11.999Z</time>
      </trkpt>
      <trkpt lat="51.730224" lon="11.014553">
        <ele>426.633874</ele>
        <time>2026-08-08T12:18:18.999Z</time>
      </trkpt>
      <trkpt lat="51.730216" lon="11.014405">
        <ele>424.616534</ele>
        <time>2026-08-08T12:18:28.999Z</time>
      </trkpt>
      <trkpt lat="51.730306" lon="11.014363">
        <ele>422.562590</ele>
        <time>2026-08-08T12:18:52.999Z</time>
      </trkpt>
      <trkpt lat="51.730246" lon="11.014253">
        <ele>420.572230</ele>
        <time>2026-08-08T12:18:58.999Z</time>
      </trkpt>
      <trkpt lat="51.730195" lon="11.014106">
        <ele>418.284278</ele>
        <time>2026-08-08T12:19:06.999Z</time>
      </trkpt>
      <trkpt lat="51.730269" lon="11.014207">
        <ele>416.159869</ele>
        <time>2026-08-08T12:19:19.000Z</time>
      </trkpt>
      <trkpt lat="51.730348" lon="11.014281">
        <ele>414.157476</ele>
        <time>2026-08-08T12:19:25.000Z</time>
      </trkpt>
      <trkpt lat="51.730434" lon="11.014354">
        <ele>412.027303</ele>
        <time>2026-08-08T12:19:32.000Z</time>
      </trkpt>
      <trkpt lat="51.730386" lon="11.014218">
        <ele>409.901761</ele>
        <time>2026-08-08T12:19:46.000Z</time>
      </trkpt>
      <trkpt lat="51.730463" lon="11.014126">
        <ele>407.801629</ele>
        <time>2026-08-08T12:20:11.999Z</time>
      </trkpt>
      <trkpt lat="51.730559" lon="11.014109">
        <ele>405.684287</ele>
        <time>2026-08-08T12:20:19.999Z</time>
      </trkpt>
      <trkpt lat="51.730649" lon="11.014074">
        <ele>403.654683</ele>
        <time>2026-08-08T12:20:28.999Z</time>
      </trkpt>
      <trkpt lat="51.730740" lon="11.014035">
        <ele>401.590495</ele>
        <time>2026-08-08T12:20:34.999Z</time>
      </trkpt>
      <trkpt lat="51.730825" lon="11.013986">
        <ele>399.611721</ele>
        <time>2026-08-08T12:20:44.000Z</time>
      </trkpt>
      <trkpt lat="51.730920" lon="11.013966">
        <ele>397.511294</ele>
        <time>2026-08-08T12:21:08.000Z</time>
      </trkpt>
      <trkpt lat="51.731013" lon="11.013964">
        <ele>395.472166</ele>
        <time>2026-08-08T12:21:21.000Z</time>
      </trkpt>
      <trkpt lat="51.731107" lon="11.013908">
        <ele>393.275482</ele>
        <time>2026-08-08T12:21:36.000Z</time>
      </trkpt>
      <trkpt lat="51.731017" lon="11.013965">
        <ele>391.367339</ele>
        <time>2026-08-08T12:22:12.999Z</time>
      </trkpt>
      <trkpt lat="51.730922" lon="11.014007">
        <ele>389.464397</ele>
        <time>2026-08-08T12:22:27.999Z</time>
      </trkpt>
      <trkpt lat="51.731010" lon="11.014051">
        <ele>387.684600</ele>
        <time>2026-08-08T12:23:11.999Z</time>
      </trkpt>
      <trkpt lat="51.731108" lon="11.014032">
        <ele>385.777660</ele>
        <time>2026-08-08T12:23:24.000Z</time>
      </trkpt>
      <trkpt lat="51.731204" lon="11.014038">
        <ele>383.921572</ele>
        <time>2026-08-08T12:23:31.000Z</time>
      </trkpt>
      <trkpt lat="51.731276" lon="11.014124">
        <ele>382.191283</ele>
        <time>2026-08-08T12:23:39.000Z</time>
      </trkpt>
      <trkpt lat="51.731196" lon="11.014208">
        <ele>380.347620</ele>
        <time>2026-08-08T12:24:15.000Z</time>
      </trkpt>
      <trkpt lat="51.731104" lon="11.014248">
        <ele>378.506884</ele>
        <time>2026-08-08T12:24:26.998Z</time>
      </trkpt>
      <trkpt lat="51.731019" lon="11.014307">
        <ele>376.719380</ele>
        <time>2026-08-08T12:24:43.999Z</time>
      </trkpt>
      <trkpt lat="51.730995" lon="11.014455">
        <ele>374.888748</ele>
        <time>2026-08-08T12:24:58.999Z</time>
      </trkpt>
      <trkpt lat="51.730961" lon="11.014594">
        <ele>373.100490</ele>
        <time>2026-08-08T12:25:12.999Z</time>
      </trkpt>
      <trkpt lat="51.730991" lon="11.014443">
        <ele>371.202969</ele>
        <time>2026-08-08T12:25:35.999Z</time>
      </trkpt>
      <trkpt lat="51.731075" lon="11.014386">
        <ele>369.442608</ele>
        <time>2026-08-08T12:26:07.000Z</time>
      </trkpt>
      <trkpt lat="51.731171" lon="11.014399">
        <ele>367.581396</ele>
        <time>2026-08-08T12:26:21.000Z</time>
      </trkpt>
      <trkpt lat="51.731265" lon="11.014407">
        <ele>365.762816</ele>
        <time>2026-08-08T12:26:31.999Z</time>
      </trkpt>
      <trkpt lat="51.731357" lon="11.014424">
        <ele>363.973793</ele>
        <time>2026-08-08T12:26:37.999Z</time>
      </trkpt>
      <trkpt lat="51.731449" lon="11.014444">
        <ele>362.180335</ele>
        <time>2026-08-08T12:26:45.999Z</time>
      </trkpt>
      <trkpt lat="51.731549" lon="11.014438">
        <ele>360.247022</ele>
        <time>2026-08-08T12:26:56.999Z</time>
      </trkpt>
      <trkpt lat="51.731650" lon="11.014481">
        <ele>358.229029</ele>
        <time>2026-08-08T12:27:09.000Z</time>
      </trkpt>
      <trkpt lat="51.731742" lon="11.014468">
        <ele>356.735199</ele>
        <time>2026-08-08T12:27:19.000Z</time>
      </trkpt>
      <trkpt lat="51.731829" lon="11.014516">
        <ele>355.255157</ele>
        <time>2026-08-08T12:27:30.000Z</time>
      </trkpt>
      <trkpt lat="51.731722" lon="11.014573">
        <ele>353.441333</ele>
        <time>2026-08-08T12:34:05.001Z</time>
      </trkpt>
      <trkpt lat="51.731627" lon="11.014611">
        <ele>351.865783</ele>
        <time>2026-08-08T12:34:14.001Z</time>
      </trkpt>
      <trkpt lat="51.731536" lon="11.014652">
        <ele>350.344892</ele>
        <time>2026-08-08T12:34:20.001Z</time>
      </trkpt>
      <trkpt lat="51.731455" lon="11.014729">
        <ele>348.831731</ele>
        <time>2026-08-08T12:34:27.001Z</time>
      </trkpt>
      <trkpt lat="51.731364" lon="11.014733">
        <ele>347.366262</ele>
        <time>2026-08-08T12:34:35.001Z</time>
      </trkpt>
      <trkpt lat="51.731280" lon="11.014800">
        <ele>345.858021</ele>
        <time>2026-08-08T12:34:43.001Z</time>
      </trkpt>
      <trkpt lat="51.731224" lon="11.014927">
        <ele>344.303658</ele>
        <time>2026-08-08T12:34:54.001Z</time>
      </trkpt>
      <trkpt lat="51.731310" lon="11.014875">
        <ele>342.825328</ele>
        <time>2026-08-08T12:36:18.001Z</time>
      </trkpt>
      <trkpt lat="51.731387" lon="11.014785">
        <ele>341.295069</ele>
        <time>2026-08-08T12:36:28.001Z</time>
      </trkpt>
      <trkpt lat="51.731485" lon="11.014814">
        <ele>339.691179</ele>
        <time>2026-08-08T12:36:36.001Z</time>
      </trkpt>
      <trkpt lat="51.731554" lon="11.014926">
        <ele>338.116134</ele>
        <time>2026-08-08T12:36:40.001Z</time>
      </trkpt>
      <trkpt lat="51.731664" lon="11.014923">
        <ele>336.345092</ele>
        <time>2026-08-08T12:36:53.001Z</time>
      </trkpt>
      <trkpt lat="51.731753" lon="11.014887">
        <ele>334.868087</ele>
        <time>2026-08-08T12:37:00.001Z</time>
      </trkpt>
      <trkpt lat="51.731853" lon="11.014897">
        <ele>333.255194</ele>
        <time>2026-08-08T12:37:08.001Z</time>
      </trkpt>
      <trkpt lat="51.731768" lon="11.014953">
        <ele>331.777330</ele>
        <time>2026-08-08T12:40:48.001Z</time>
      </trkpt>
      <trkpt lat="51.731681" lon="11.015008">
        <ele>330.273270</ele>
        <time>2026-08-08T12:40:57.001Z</time>
      </trkpt>
      <trkpt lat="51.731602" lon="11.015081">
        <ele>328.513991</ele>
        <time>2026-08-08T12:41:02.001Z</time>
      </trkpt>
      <trkpt lat="51.731517" lon="11.015162">
        <ele>325.822116</ele>
        <time>2026-08-08T12:41:09.000Z</time>
      </trkpt>
      <trkpt lat="51.731432" lon="11.015240">
        <ele>323.155639</ele>
        <time>2026-08-08T12:41:17.000Z</time>
      </trkpt>
      <trkpt lat="51.731490" lon="11.015418">
        <ele>319.758206</ele>
        <time>2026-08-08T12:41:58.000Z</time>
      </trkpt>
      <trkpt lat="51.731530" lon="11.015558">
        <ele>317.153878</ele>
        <time>2026-08-08T12:42:08.000Z</time>
      </trkpt>
      <trkpt lat="51.731570" lon="11.015418">
        <ele>314.549552</ele>
        <time>2026-08-08T12:42:33.001Z</time>
      </trkpt>
      <trkpt lat="51.731649" lon="11.015347">
        <ele>312.083671</ele>
        <time>2026-08-08T12:42:48.001Z</time>
      </trkpt>
      <trkpt lat="51.731759" lon="11.015351">
        <ele>309.082854</ele>
        <time>2026-08-08T12:42:55.001Z</time>
      </trkpt>
      <trkpt lat="51.731848" lon="11.015321">
        <ele>306.603204</ele>
        <time>2026-08-08T12:43:03.001Z</time>
      </trkpt>
      <trkpt lat="51.731911" lon="11.015440">
        <ele>303.958832</ele>
        <time>2026-08-08T12:43:56.000Z</time>
      </trkpt>
      <trkpt lat="51.731874" lon="11.015582">
        <ele>301.356616</ele>
        <time>2026-08-08T12:44:22.001Z</time>
      </trkpt>
      <trkpt lat="51.731878" lon="11.015728">
        <ele>298.888049</ele>
        <time>2026-08-08T12:44:31.001Z</time>
      </trkpt>
      <trkpt lat="51.731939" lon="11.015835">
        <ele>296.431541</ele>
        <time>2026-08-08T12:44:42.001Z</time>
      </trkpt>
      <trkpt lat="51.732003" lon="11.015729">
        <ele>293.931023</ele>
        <time>2026-08-08T12:45:13.001Z</time>
      </trkpt>
      <trkpt lat="51.732034" lon="11.015872">
        <ele>291.371857</ele>
        <time>2026-08-08T12:45:27.000Z</time>
      </trkpt>
      <trkpt lat="51.732092" lon="11.015985">
        <ele>288.892847</ele>
        <time>2026-08-08T12:45:49.000Z</time>
      </trkpt>
      <trkpt lat="51.732127" lon="11.016128">
        <ele>286.295603</ele>
        <time>2026-08-08T12:45:58.000Z</time>
      </trkpt>
      <trkpt lat="51.732108" lon="11.015985">
        <ele>283.825177</ele>
        <time>2026-08-08T12:46:24.001Z</time>
      </trkpt>
      <trkpt lat="51.732109" lon="11.015834">
        <ele>281.274432</ele>
        <time>2026-08-08T12:46:35.001Z</time>
      </trkpt>
      <trkpt lat="51.732200" lon="11.015738">
        <ele>278.705580</ele>
        <time>2026-08-08T12:46:41.001Z</time>
      </trkpt>
      <trkpt lat="51.732196" lon="11.015902">
        <ele>276.521021</ele>
        <time>2026-08-08T12:48:55.001Z</time>
      </trkpt>
      <trkpt lat="51.732182" lon="11.016050">
        <ele>274.528271</ele>
        <time>2026-08-08T12:49:12.001Z</time>
      </trkpt>
      <trkpt lat="51.732272" lon="11.016091">
        <ele>272.518573</ele>
        <time>2026-08-08T12:50:00.000Z</time>
      </trkpt>
      <trkpt lat="51.732325" lon="11.015969">
        <ele>270.535087</ele>
        <time>2026-08-08T12:50:24.000Z</time>
      </trkpt>
      <trkpt lat="51.732405" lon="11.015883">
        <ele>268.469613</ele>
        <time>2026-08-08T12:50:36.000Z</time>
      </trkpt>
      <trkpt lat="51.732371" lon="11.016020">
        <ele>266.505176</ele>
        <time>2026-08-08T12:51:07.000Z</time>
      </trkpt>
      <trkpt lat="51.732366" lon="11.016168">
        <ele>264.532350</ele>
        <time>2026-08-08T12:51:17.001Z</time>
      </trkpt>
      <trkpt lat="51.732446" lon="11.016243">
        <ele>262.544277</ele>
        <time>2026-08-08T12:51:25.001Z</time>
      </trkpt>
      <trkpt lat="51.732569" lon="11.016386">
        <ele>259.286945</ele>
        <time>2026-08-08T12:52:14.000Z</time>
      </trkpt>
      <trkpt lat="51.732517" lon="11.016255">
        <ele>257.215935</ele>
        <time>2026-08-08T12:52:40.000Z</time>
      </trkpt>
      <trkpt lat="51.732554" lon="11.016070">
        <ele>254.628365</ele>
        <time>2026-08-08T12:53:21.001Z</time>
      </trkpt>
      <trkpt lat="51.732659" lon="11.016048">
        <ele>252.352894</ele>
        <time>2026-08-08T12:54:00.999Z</time>
      </trkpt>
      <trkpt lat="51.732577" lon="11.016129">
        <ele>250.287008</ele>
        <time>2026-08-08T12:54:09.000Z</time>
      </trkpt>
      <trkpt lat="51.732580" lon="11.016275">
        <ele>248.342670</ele>
        <time>2026-08-08T12:54:16.000Z</time>
      </trkpt>
      <trkpt lat="51.732641" lon="11.016407">
        <ele>246.150553</ele>
        <time>2026-08-08T12:54:25.000Z</time>
      </trkpt>
      <trkpt lat="51.732709" lon="11.016518">
        <ele>244.072478</ele>
        <time>2026-08-08T12:54:33.000Z</time>
      </trkpt>
      <trkpt lat="51.732642" lon="11.016387">
        <ele>241.811176</ele>
        <time>2026-08-08T12:54:54.000Z</time>
      </trkpt>
      <trkpt lat="51.732566" lon="11.016305">
        <ele>240.377759</ele>
        <time>2026-08-08T12:55:07.000Z</time>
      </trkpt>
      <trkpt lat="51.732677" lon="11.016324">
        <ele>238.739229</ele>
        <time>2026-08-08T12:55:20.000Z</time>
      </trkpt>
      <trkpt lat="51.732757" lon="11.016254">
        <ele>237.403536</ele>
        <time>2026-08-08T12:55:24.000Z</time>
      </trkpt>
      <trkpt lat="51.732849" lon="11.016250">
        <ele>236.052553</ele>
        <time>2026-08-08T12:55:29.000Z</time>
      </trkpt>
      <trkpt lat="51.732778" lon="11.016353">
        <ele>234.651448</ele>
        <time>2026-08-08T12:55:47.000Z</time>
      </trkpt>
      <trkpt lat="51.732762" lon="11.016497">
        <ele>233.321396</ele>
        <time>2026-08-08T12:55:58.000Z</time>
      </trkpt>
      <trkpt lat="51.732817" lon="11.016613">
        <ele>231.993241</ele>
        <time>2026-08-08T12:56:10.000Z</time>
      </trkpt>
      <trkpt lat="51.732842" lon="11.016763">
        <ele>230.581029</ele>
        <time>2026-08-08T12:56:25.000Z</time>
      </trkpt>
      <trkpt lat="51.732904" lon="11.016896">
        <ele>229.067644</ele>
        <time>2026-08-08T12:56:37.000Z</time>
      </trkpt>
      <trkpt lat="51.732964" lon="11.017008">
        <ele>227.721348</ele>
        <time>2026-08-08T12:56:47.000Z</time>
      </trkpt>
      <trkpt lat="51.732974" lon="11.017157">
        <ele>226.358817</ele>
        <time>2026-08-08T12:57:00.000Z</time>
      </trkpt>
      <trkpt lat="51.733024" lon="11.017281">
        <ele>225.013622</ele>
        <time>2026-08-08T12:57:18.001Z</time>
      </trkpt>
      <trkpt lat="51.732986" lon="11.017448">
        <ele>223.396151</ele>
        <time>2026-08-08T12:58:19.000Z</time>
      </trkpt>
      <trkpt lat="51.733026" lon="11.017580">
        <ele>222.060155</ele>
        <time>2026-08-08T12:58:31.000Z</time>
      </trkpt>
      <trkpt lat="51.733086" lon="11.017696">
        <ele>220.686152</ele>
        <time>2026-08-08T12:58:41.001Z</time>
      </trkpt>
      <trkpt lat="51.733196" lon="11.017798">
        <ele>218.824104</ele>
        <time>2026-08-08T13:00:05.000Z</time>
      </trkpt>
      <trkpt lat="51.733260" lon="11.017940">
        <ele>217.227491</ele>
        <time>2026-08-08T13:02:12.999Z</time>
      </trkpt>
      <trkpt lat="51.733319" lon="11.018054">
        <ele>215.876857</ele>
        <time>2026-08-08T13:02:22.000Z</time>
      </trkpt>
      <trkpt lat="51.733402" lon="11.018111">
        <ele>214.866930</ele>
        <time>2026-08-08T13:02:31.000Z</time>
      </trkpt>
      <trkpt lat="51.733500" lon="11.018163">
        <ele>214.192309</ele>
        <time>2026-08-08T13:03:09.000Z</time>
      </trkpt>
      <trkpt lat="51.733407" lon="11.018060">
        <ele>213.454781</ele>
        <time>2026-08-08T13:04:06.001Z</time>
      </trkpt>
      <trkpt lat="51.733522" lon="11.017839">
        <ele>212.285664</ele>
        <time>2026-08-08T13:05:52.001Z</time>
      </trkpt>
      <trkpt lat="51.733616" lon="11.017841">
        <ele>211.670867</ele>
        <time>2026-08-08T13:06:07.001Z</time>
      </trkpt>
      <trkpt lat="51.733663" lon="11.017985">
        <ele>211.011596</ele>
        <time>2026-08-08T13:06:25.000Z</time>
      </trkpt>
      <trkpt lat="51.733678" lon="11.018132">
        <ele>210.408185</ele>
        <time>2026-08-08T13:06:35.000Z</time>
      </trkpt>
      <trkpt lat="51.733725" lon="11.018273">
        <ele>209.759640</ele>
        <time>2026-08-08T13:06:51.000Z</time>
      </trkpt>
      <trkpt lat="51.733753" lon="11.018427">
        <ele>209.109582</ele>
        <time>2026-08-08T13:06:59.000Z</time>
      </trkpt>
      <trkpt lat="51.733780" lon="11.018572">
        <ele>208.496329</ele>
        <time>2026-08-08T13:07:06.000Z</time>
      </trkpt>
      <trkpt lat="51.733793" lon="11.018729">
        <ele>207.854787</ele>
        <time>2026-08-08T13:07:13.000Z</time>
      </trkpt>
      <trkpt lat="51.733796" lon="11.018883">
        <ele>207.230745</ele>
        <time>2026-08-08T13:07:21.000Z</time>
      </trkpt>
      <trkpt lat="51.733803" lon="11.019030">
        <ele>206.633606</ele>
        <time>2026-08-08T13:07:27.000Z</time>
      </trkpt>
      <trkpt lat="51.733819" lon="11.019180">
        <ele>206.017128</ele>
        <time>2026-08-08T13:07:35.000Z</time>
      </trkpt>
      <trkpt lat="51.733804" lon="11.019331">
        <ele>205.397729</ele>
        <time>2026-08-08T13:07:42.001Z</time>
      </trkpt>
      <trkpt lat="51.733795" lon="11.019480">
        <ele>204.791383</ele>
        <time>2026-08-08T13:07:50.001Z</time>
      </trkpt>
      <trkpt lat="51.733813" lon="11.019624">
        <ele>204.196391</ele>
        <time>2026-08-08T13:07:57.001Z</time>
      </trkpt>
      <trkpt lat="51.733809" lon="11.019783">
        <ele>203.551875</ele>
        <time>2026-08-08T13:08:05.001Z</time>
      </trkpt>
      <trkpt lat="51.733846" lon="11.019921">
        <ele>203.186274</ele>
        <time>2026-08-08T13:08:12.001Z</time>
      </trkpt>
      <trkpt lat="51.733860" lon="11.020068">
        <ele>202.938424</ele>
        <time>2026-08-08T13:08:19.001Z</time>
      </trkpt>
      <trkpt lat="51.733877" lon="11.020227">
        <ele>202.669537</ele>
        <time>2026-08-08T13:08:27.000Z</time>
      </trkpt>
      <trkpt lat="51.733895" lon="11.020387">
        <ele>202.398539</ele>
        <time>2026-08-08T13:08:35.000Z</time>
      </trkpt>
      <trkpt lat="51.733930" lon="11.020528">
        <ele>202.145397</ele>
        <time>2026-08-08T13:08:42.000Z</time>
      </trkpt>
      <trkpt lat="51.733965" lon="11.020662">
        <ele>201.903044</ele>
        <time>2026-08-08T13:08:50.000Z</time>
      </trkpt>
      <trkpt lat="51.734004" lon="11.020796">
        <ele>201.656309</ele>
        <time>2026-08-08T13:08:56.000Z</time>
      </trkpt>
      <trkpt lat="51.734052" lon="11.020943">
        <ele>201.379376</ele>
        <time>2026-08-08T13:09:05.000Z</time>
      </trkpt>
      <trkpt lat="51.734119" lon="11.021056">
        <ele>201.118678</ele>
        <time>2026-08-08T13:09:14.000Z</time>
      </trkpt>
      <trkpt lat="51.734202" lon="11.021138">
        <ele>200.856853</ele>
        <time>2026-08-08T13:09:22.000Z</time>
      </trkpt>
      <trkpt lat="51.734285" lon="11.021217">
        <ele>200.597601</ele>
        <time>2026-08-08T13:09:29.000Z</time>
      </trkpt>
      <trkpt lat="51.734372" lon="11.021292">
        <ele>200.332226</ele>
        <time>2026-08-08T13:09:36.001Z</time>
      </trkpt>
      <trkpt lat="51.734449" lon="11.021392">
        <ele>200.066332</ele>
        <time>2026-08-08T13:09:44.001Z</time>
      </trkpt>
      <trkpt lat="51.734527" lon="11.021471">
        <ele>199.818577</ele>
        <time>2026-08-08T13:09:54.001Z</time>
      </trkpt>
      <trkpt lat="51.734671" lon="11.021639">
        <ele>199.340543</ele>
        <time>2026-08-08T13:11:31.001Z</time>
      </trkpt>
      <trkpt lat="51.734748" lon="11.021739">
        <ele>199.074650</ele>
        <time>2026-08-08T13:11:40.001Z</time>
      </trkpt>
      <trkpt lat="51.734826" lon="11.021825">
        <ele>198.820505</ele>
        <time>2026-08-08T13:11:46.001Z</time>
      </trkpt>
      <trkpt lat="51.734907" lon="11.021929">
        <ele>198.542044</ele>
        <time>2026-08-08T13:11:54.001Z</time>
      </trkpt>
      <trkpt lat="51.734982" lon="11.022038">
        <ele>198.311379</ele>
        <time>2026-08-08T13:12:03.001Z</time>
      </trkpt>
      <trkpt lat="51.735056" lon="11.022146">
        <ele>198.087527</ele>
        <time>2026-08-08T13:12:11.001Z</time>
      </trkpt>
      <trkpt lat="51.735126" lon="11.022260">
        <ele>197.864408</ele>
        <time>2026-08-08T13:12:20.001Z</time>
      </trkpt>
      <trkpt lat="51.735185" lon="11.022375">
        <ele>197.656857</ele>
        <time>2026-08-08T13:12:28.001Z</time>
      </trkpt>
      <trkpt lat="51.735257" lon="11.022483">
        <ele>197.436315</ele>
        <time>2026-08-08T13:12:35.000Z</time>
      </trkpt>
      <trkpt lat="51.735320" lon="11.022600">
        <ele>197.220835</ele>
        <time>2026-08-08T13:12:42.000Z</time>
      </trkpt>
      <trkpt lat="51.735361" lon="11.022760">
        <ele>196.980180</ele>
        <time>2026-08-08T13:12:51.000Z</time>
      </trkpt>
      <trkpt lat="51.735403" lon="11.022894">
        <ele>196.771450</ele>
        <time>2026-08-08T13:12:57.000Z</time>
      </trkpt>
      <trkpt lat="51.735424" lon="11.023039">
        <ele>196.564489</ele>
        <time>2026-08-08T13:13:05.000Z</time>
      </trkpt>
      <trkpt lat="51.735474" lon="11.023171">
        <ele>196.349438</ele>
        <time>2026-08-08T13:13:14.000Z</time>
      </trkpt>
      <trkpt lat="51.735582" lon="11.023205">
        <ele>196.102501</ele>
        <time>2026-08-08T13:13:21.000Z</time>
      </trkpt>
      <trkpt lat="51.735679" lon="11.023244">
        <ele>195.878167</ele>
        <time>2026-08-08T13:13:29.000Z</time>
      </trkpt>
      <trkpt lat="51.735775" lon="11.023274">
        <ele>195.658727</ele>
        <time>2026-08-08T13:13:35.000Z</time>
      </trkpt>
      <trkpt lat="51.735862" lon="11.023311">
        <ele>195.456823</ele>
        <time>2026-08-08T13:13:41.000Z</time>
      </trkpt>
      <trkpt lat="51.735955" lon="11.023309">
        <ele>195.248094</ele>
        <time>2026-08-08T13:13:48.000Z</time>
      </trkpt>
      <trkpt lat="51.736055" lon="11.023313">
        <ele>195.023606</ele>
        <time>2026-08-08T13:13:56.000Z</time>
      </trkpt>
      <trkpt lat="51.736152" lon="11.023314">
        <ele>194.805914</ele>
        <time>2026-08-08T13:14:04.000Z</time>
      </trkpt>
      <trkpt lat="51.736247" lon="11.023318">
        <ele>194.592643</ele>
        <time>2026-08-08T13:14:11.000Z</time>
      </trkpt>
      <trkpt lat="51.736351" lon="11.023314">
        <ele>194.339957</ele>
        <time>2026-08-08T13:14:19.001Z</time>
      </trkpt>
      <trkpt lat="51.736449" lon="11.023322">
        <ele>194.084748</ele>
        <time>2026-08-08T13:14:27.001Z</time>
      </trkpt>
      <trkpt lat="51.736552" lon="11.023325">
        <ele>193.816818</ele>
        <time>2026-08-08T13:14:35.001Z</time>
      </trkpt>
      <trkpt lat="51.736653" lon="11.023329">
        <ele>193.554053</ele>
        <time>2026-08-08T13:14:43.000Z</time>
      </trkpt>
      <trkpt lat="51.736742" lon="11.023347">
        <ele>193.320770</ele>
        <time>2026-08-08T13:14:50.000Z</time>
      </trkpt>
      <trkpt lat="51.736840" lon="11.023375">
        <ele>193.061928</ele>
        <time>2026-08-08T13:15:00.000Z</time>
      </trkpt>
      <trkpt lat="51.736936" lon="11.023403">
        <ele>192.808207</ele>
        <time>2026-08-08T13:15:09.000Z</time>
      </trkpt>
      <trkpt lat="51.737036" lon="11.023434">
        <ele>192.543373</ele>
        <time>2026-08-08T13:15:16.000Z</time>
      </trkpt>
      <trkpt lat="51.737125" lon="11.023462">
        <ele>192.307545</ele>
        <time>2026-08-08T13:15:22.000Z</time>
      </trkpt>
      <trkpt lat="51.737220" lon="11.023502">
        <ele>192.052204</ele>
        <time>2026-08-08T13:15:30.000Z</time>
      </trkpt>
      <trkpt lat="51.737308" lon="11.023579">
        <ele>191.791889</ele>
        <time>2026-08-08T13:15:39.000Z</time>
      </trkpt>
      <trkpt lat="51.737398" lon="11.023617">
        <ele>191.549944</ele>
        <time>2026-08-08T13:15:47.000Z</time>
      </trkpt>
      <trkpt lat="51.737486" lon="11.023667">
        <ele>191.307315</ele>
        <time>2026-08-08T13:15:55.000Z</time>
      </trkpt>
      <trkpt lat="51.737567" lon="11.023745">
        <ele>191.062033</ele>
        <time>2026-08-08T13:16:03.000Z</time>
      </trkpt>
      <trkpt lat="51.737657" lon="11.023813">
        <ele>190.803602</ele>
        <time>2026-08-08T13:16:10.000Z</time>
      </trkpt>
      <trkpt lat="51.737738" lon="11.023888">
        <ele>190.560759</ele>
        <time>2026-08-08T13:16:16.001Z</time>
      </trkpt>
      <trkpt lat="51.737831" lon="11.023948">
        <ele>190.300290</ele>
        <time>2026-08-08T13:16:23.001Z</time>
      </trkpt>
      <trkpt lat="51.737911" lon="11.024022">
        <ele>190.060505</ele>
        <time>2026-08-08T13:16:30.001Z</time>
      </trkpt>
      <trkpt lat="51.737990" lon="11.024116">
        <ele>189.805285</ele>
        <time>2026-08-08T13:16:38.001Z</time>
      </trkpt>
      <trkpt lat="51.738068" lon="11.024208">
        <ele>189.680877</ele>
        <time>2026-08-08T13:16:45.001Z</time>
      </trkpt>
      <trkpt lat="51.738152" lon="11.024289">
        <ele>189.556487</ele>
        <time>2026-08-08T13:16:52.000Z</time>
      </trkpt>
      <trkpt lat="51.738232" lon="11.024367">
        <ele>189.437674</ele>
        <time>2026-08-08T13:17:00.000Z</time>
      </trkpt>
      <trkpt lat="51.738322" lon="11.024434">
        <ele>189.311674</ele>
        <time>2026-08-08T13:17:08.000Z</time>
      </trkpt>
      <trkpt lat="51.738380" lon="11.024548">
        <ele>189.195512</ele>
        <time>2026-08-08T13:17:15.000Z</time>
      </trkpt>
      <trkpt lat="51.738437" lon="11.024669">
        <ele>189.075815</ele>
        <time>2026-08-08T13:17:24.000Z</time>
      </trkpt>
      <trkpt lat="51.738508" lon="11.024759">
        <ele>188.961056</ele>
        <time>2026-08-08T13:17:32.000Z</time>
      </trkpt>
      <trkpt lat="51.738573" lon="11.024880">
        <ele>188.834941</ele>
        <time>2026-08-08T13:17:41.000Z</time>
      </trkpt>
      <trkpt lat="51.738726" lon="11.025051">
        <ele>188.598372</ele>
        <time>2026-08-08T13:18:42.001Z</time>
      </trkpt>
      <trkpt lat="51.738792" lon="11.025172">
        <ele>188.471420</ele>
        <time>2026-08-08T13:18:52.000Z</time>
      </trkpt>
      <trkpt lat="51.738851" lon="11.025296">
        <ele>188.348303</ele>
        <time>2026-08-08T13:19:01.000Z</time>
      </trkpt>
      <trkpt lat="51.738892" lon="11.025444">
        <ele>188.220653</ele>
        <time>2026-08-08T13:19:09.000Z</time>
      </trkpt>
      <trkpt lat="51.738953" lon="11.025558">
        <ele>188.102033</ele>
        <time>2026-08-08T13:19:17.000Z</time>
      </trkpt>
      <trkpt lat="51.739046" lon="11.025719">
        <ele>187.928690</ele>
        <time>2026-08-08T13:20:12.000Z</time>
      </trkpt>
      <trkpt lat="51.739125" lon="11.025823">
        <ele>187.799103</ele>
        <time>2026-08-08T13:20:21.000Z</time>
      </trkpt>
      <trkpt lat="51.739194" lon="11.025916">
        <ele>187.684836</ele>
        <time>2026-08-08T13:20:29.000Z</time>
      </trkpt>
      <trkpt lat="51.739287" lon="11.025988">
        <ele>187.553710</ele>
        <time>2026-08-08T13:20:37.000Z</time>
      </trkpt>
      <trkpt lat="51.739368" lon="11.026053">
        <ele>187.466912</ele>
        <time>2026-08-08T13:20:45.000Z</time>
      </trkpt>
      <trkpt lat="51.739451" lon="11.026143">
        <ele>187.386573</ele>
        <time>2026-08-08T13:20:51.000Z</time>
      </trkpt>
      <trkpt lat="51.739534" lon="11.026242">
        <ele>187.303654</ele>
        <time>2026-08-08T13:20:59.000Z</time>
      </trkpt>
      <trkpt lat="51.739610" lon="11.026348">
        <ele>187.222955</ele>
        <time>2026-08-08T13:21:05.000Z</time>
      </trkpt>
      <trkpt lat="51.739670" lon="11.026462">
        <ele>187.148505</ele>
        <time>2026-08-08T13:21:11.000Z</time>
      </trkpt>
      <trkpt lat="51.739753" lon="11.026550">
        <ele>187.068717</ele>
        <time>2026-08-08T13:21:18.000Z</time>
      </trkpt>
      <trkpt lat="51.739827" lon="11.026642">
        <ele>186.993670</ele>
        <time>2026-08-08T13:21:25.000Z</time>
      </trkpt>
      <trkpt lat="51.739923" lon="11.026697">
        <ele>186.911814</ele>
        <time>2026-08-08T13:21:34.000Z</time>
      </trkpt>
      <trkpt lat="51.740015" lon="11.026675">
        <ele>186.837077</ele>
        <time>2026-08-08T13:21:41.000Z</time>
      </trkpt>
      <trkpt lat="51.740107" lon="11.026630">
        <ele>186.759829</ele>
        <time>2026-08-08T13:21:48.000Z</time>
      </trkpt>
      <trkpt lat="51.740192" lon="11.026581">
        <ele>186.687302</ele>
        <time>2026-08-08T13:21:55.000Z</time>
      </trkpt>
      <trkpt lat="51.740284" lon="11.026523">
        <ele>186.607938</ele>
        <time>2026-08-08T13:22:03.000Z</time>
      </trkpt>
      <trkpt lat="51.740363" lon="11.026431">
        <ele>186.529669</ele>
        <time>2026-08-08T13:22:10.000Z</time>
      </trkpt>
      <trkpt lat="51.740446" lon="11.026353">
        <ele>186.452500</ele>
        <time>2026-08-08T13:22:17.000Z</time>
      </trkpt>
      <trkpt lat="51.740538" lon="11.026294">
        <ele>186.372953</ele>
        <time>2026-08-08T13:22:25.000Z</time>
      </trkpt>
      <trkpt lat="51.740635" lon="11.026340">
        <ele>186.291713</ele>
        <time>2026-08-08T13:22:34.000Z</time>
      </trkpt>
      <trkpt lat="51.740722" lon="11.026389">
        <ele>186.217670</ele>
        <time>2026-08-08T13:22:41.000Z</time>
      </trkpt>
      <trkpt lat="51.740811" lon="11.026448">
        <ele>186.140359</ele>
        <time>2026-08-08T13:22:48.000Z</time>
      </trkpt>
      <trkpt lat="51.740896" lon="11.026498">
        <ele>186.067244</ele>
        <time>2026-08-08T13:22:56.000Z</time>
      </trkpt>
      <trkpt lat="51.740978" lon="11.026587">
        <ele>185.973432</ele>
        <time>2026-08-08T13:23:06.000Z</time>
      </trkpt>
      <trkpt lat="51.741073" lon="11.026540">
        <ele>185.879089</ele>
        <time>2026-08-08T13:23:15.000Z</time>
      </trkpt>
      <trkpt lat="51.741158" lon="11.026619">
        <ele>185.785968</ele>
        <time>2026-08-08T13:23:23.000Z</time>
      </trkpt>
      <trkpt lat="51.741259" lon="11.026630">
        <ele>185.689849</ele>
        <time>2026-08-08T13:23:31.000Z</time>
      </trkpt>
      <trkpt lat="51.741358" lon="11.026624">
        <ele>185.595780</ele>
        <time>2026-08-08T13:23:39.000Z</time>
      </trkpt>
      <trkpt lat="51.741452" lon="11.026639">
        <ele>185.506090</ele>
        <time>2026-08-08T13:23:46.000Z</time>
      </trkpt>
      <trkpt lat="51.741543" lon="11.026601">
        <ele>185.416841</ele>
        <time>2026-08-08T13:23:54.000Z</time>
      </trkpt>
      <trkpt lat="51.741638" lon="11.026597">
        <ele>185.326606</ele>
        <time>2026-08-08T13:24:03.000Z</time>
      </trkpt>
      <trkpt lat="51.741726" lon="11.026558">
        <ele>185.239958</ele>
        <time>2026-08-08T13:24:11.000Z</time>
      </trkpt>
      <trkpt lat="51.741824" lon="11.026563">
        <ele>185.146859</ele>
        <time>2026-08-08T13:24:19.000Z</time>
      </trkpt>
      <trkpt lat="51.741919" lon="11.026536">
        <ele>185.055268</ele>
        <time>2026-08-08T13:24:27.000Z</time>
      </trkpt>
      <trkpt lat="51.742016" lon="11.026531">
        <ele>184.963117</ele>
        <time>2026-08-08T13:24:35.000Z</time>
      </trkpt>
      <trkpt lat="51.742108" lon="11.026545">
        <ele>184.875374</ele>
        <time>2026-08-08T13:24:42.000Z</time>
      </trkpt>
      <trkpt lat="51.742197" lon="11.026518">
        <ele>184.789388</ele>
        <time>2026-08-08T13:24:51.000Z</time>
      </trkpt>
      <trkpt lat="51.742286" lon="11.026477">
        <ele>184.701510</ele>
        <time>2026-08-08T13:24:59.000Z</time>
      </trkpt>
      <trkpt lat="51.742377" lon="11.026453">
        <ele>184.613958</ele>
        <time>2026-08-08T13:25:07.001Z</time>
      </trkpt>
      <trkpt lat="51.742469" lon="11.026436">
        <ele>184.526032</ele>
        <time>2026-08-08T13:25:14.000Z</time>
      </trkpt>
      <trkpt lat="51.742570" lon="11.026437">
        <ele>184.430128</ele>
        <time>2026-08-08T13:25:22.000Z</time>
      </trkpt>
      <trkpt lat="51.742666" lon="11.026417">
        <ele>184.320483</ele>
        <time>2026-08-08T13:25:30.000Z</time>
      </trkpt>
      <trkpt lat="51.742756" lon="11.026403">
        <ele>184.170922</ele>
        <time>2026-08-08T13:25:37.000Z</time>
      </trkpt>
      <trkpt lat="51.742847" lon="11.026381">
        <ele>184.018719</ele>
        <time>2026-08-08T13:25:44.000Z</time>
      </trkpt>
      <trkpt lat="51.742937" lon="11.026383">
        <ele>183.869833</ele>
        <time>2026-08-08T13:25:51.000Z</time>
      </trkpt>
      <trkpt lat="51.743033" lon="11.026391">
        <ele>183.710825</ele>
        <time>2026-08-08T13:25:59.000Z</time>
      </trkpt>
      <trkpt lat="51.743126" lon="11.026387">
        <ele>183.556936</ele>
        <time>2026-08-08T13:26:06.000Z</time>
      </trkpt>
      <trkpt lat="51.743222" lon="11.026382">
        <ele>183.398057</ele>
        <time>2026-08-08T13:26:14.000Z</time>
      </trkpt>
      <trkpt lat="51.743320" lon="11.026359">
        <ele>183.234249</ele>
        <time>2026-08-08T13:26:22.000Z</time>
      </trkpt>
      <trkpt lat="51.743418" lon="11.026340">
        <ele>183.070980</ele>
        <time>2026-08-08T13:26:30.000Z</time>
      </trkpt>
      <trkpt lat="51.743507" lon="11.026301">
        <ele>182.918440</ele>
        <time>2026-08-08T13:26:37.000Z</time>
      </trkpt>
      <trkpt lat="51.743602" lon="11.026256">
        <ele>182.754678</ele>
        <time>2026-08-08T13:26:45.000Z</time>
      </trkpt>
      <trkpt lat="51.743693" lon="11.026214">
        <ele>182.598126</ele>
        <time>2026-08-08T13:26:53.000Z</time>
      </trkpt>
      <trkpt lat="51.743785" lon="11.026152">
        <ele>182.433228</ele>
        <time>2026-08-08T13:27:01.000Z</time>
      </trkpt>
      <trkpt lat="51.743868" lon="11.026069">
        <ele>182.271748</ele>
        <time>2026-08-08T13:27:09.000Z</time>
      </trkpt>
      <trkpt lat="51.743955" lon="11.026028">
        <ele>182.121837</ele>
        <time>2026-08-08T13:27:16.000Z</time>
      </trkpt>
      <trkpt lat="51.744045" lon="11.025956">
        <ele>181.955702</ele>
        <time>2026-08-08T13:27:24.000Z</time>
      </trkpt>
      <trkpt lat="51.744138" lon="11.025898">
        <ele>181.790797</ele>
        <time>2026-08-08T13:27:32.000Z</time>
      </trkpt>
      <trkpt lat="51.744232" lon="11.025855">
        <ele>181.629192</ele>
        <time>2026-08-08T13:27:41.000Z</time>
      </trkpt>
      <trkpt lat="51.744327" lon="11.025818">
        <ele>181.467545</ele>
        <time>2026-08-08T13:27:50.000Z</time>
      </trkpt>
      <trkpt lat="51.744417" lon="11.025792">
        <ele>181.322901</ele>
        <time>2026-08-08T13:27:57.000Z</time>
      </trkpt>
      <trkpt lat="51.744478" lon="11.025675">
        <ele>181.180870</ele>
        <time>2026-08-08T13:28:12.000Z</time>
      </trkpt>
      <trkpt lat="51.744506" lon="11.025521">
        <ele>181.031829</ele>
        <time>2026-08-08T13:28:19.000Z</time>
      </trkpt>
      <trkpt lat="51.744571" lon="11.025416">
        <ele>180.893955</ele>
        <time>2026-08-08T13:28:27.000Z</time>
      </trkpt>
      <trkpt lat="51.744659" lon="11.025342">
        <ele>180.745162</ele>
        <time>2026-08-08T13:28:34.000Z</time>
      </trkpt>
      <trkpt lat="51.744750" lon="11.025301">
        <ele>180.603475</ele>
        <time>2026-08-08T13:28:41.000Z</time>
      </trkpt>
      <trkpt lat="51.744849" lon="11.025282">
        <ele>180.453957</ele>
        <time>2026-08-08T13:28:49.000Z</time>
      </trkpt>
      <trkpt lat="51.744946" lon="11.025271">
        <ele>180.308125</ele>
        <time>2026-08-08T13:28:59.000Z</time>
      </trkpt>
      <trkpt lat="51.745032" lon="11.025331">
        <ele>180.167629</ele>
        <time>2026-08-08T13:29:07.000Z</time>
      </trkpt>
      <trkpt lat="51.745132" lon="11.025325">
        <ele>180.017553</ele>
        <time>2026-08-08T13:29:15.000Z</time>
      </trkpt>
      <trkpt lat="51.745226" lon="11.025303">
        <ele>179.875106</ele>
        <time>2026-08-08T13:29:22.000Z</time>
      </trkpt>
      <trkpt lat="51.745321" lon="11.025253">
        <ele>179.725258</ele>
        <time>2026-08-08T13:29:30.000Z</time>
      </trkpt>
      <trkpt lat="51.745416" lon="11.025224">
        <ele>179.580261</ele>
        <time>2026-08-08T13:29:38.000Z</time>
      </trkpt>
      <trkpt lat="51.745499" lon="11.025165">
        <ele>179.444260</ele>
        <time>2026-08-08T13:29:45.000Z</time>
      </trkpt>
      <trkpt lat="51.745597" lon="11.025122">
        <ele>179.291960</ele>
        <time>2026-08-08T13:29:53.000Z</time>
      </trkpt>
      <trkpt lat="51.745696" lon="11.025125">
        <ele>179.143460</ele>
        <time>2026-08-08T13:30:00.000Z</time>
      </trkpt>
      <trkpt lat="51.745795" lon="11.025145">
        <ele>178.993830</ele>
        <time>2026-08-08T13:30:08.000Z</time>
      </trkpt>
      <trkpt lat="51.745885" lon="11.025135">
        <ele>178.858535</ele>
        <time>2026-08-08T13:30:14.000Z</time>
      </trkpt>
      <trkpt lat="51.745983" lon="11.025122">
        <ele>178.711067</ele>
        <time>2026-08-08T13:30:21.000Z</time>
      </trkpt>
      <trkpt lat="51.746048" lon="11.025251">
        <ele>178.689447</ele>
        <time>2026-08-08T13:30:33.000Z</time>
      </trkpt>
      <trkpt lat="51.746060" lon="11.025418">
        <ele>178.689447</ele>
        <time>2026-08-08T13:30:37.000Z</time>
      </trkpt>
      <trkpt lat="51.746066" lon="11.025570">
        <ele>178.689447</ele>
        <time>2026-08-08T13:30:45.000Z</time>
      </trkpt>
      <trkpt lat="51.746137" lon="11.025671">
        <ele>178.689447</ele>
        <time>2026-08-08T13:30:55.000Z</time>
      </trkpt>
      <trkpt lat="51.746179" lon="11.025808">
        <ele>178.689447</ele>
        <time>2026-08-08T13:31:05.000Z</time>
      </trkpt>
      <trkpt lat="51.746168" lon="11.025957">
        <ele>178.689447</ele>
        <time>2026-08-08T13:31:14.000Z</time>
      </trkpt>
      <trkpt lat="51.746155" lon="11.026119">
        <ele>178.689447</ele>
        <time>2026-08-08T13:31:28.000Z</time>
      </trkpt>
      <trkpt lat="51.746160" lon="11.026284">
        <ele>178.689447</ele>
        <time>2026-08-08T13:31:39.000Z</time>
      </trkpt>
      <trkpt lat="51.746235" lon="11.026399">
        <ele>178.689447</ele>
        <time>2026-08-08T13:31:47.000Z</time>
      </trkpt>
      <trkpt lat="51.746331" lon="11.026390">
        <ele>178.689447</ele>
        <time>2026-08-08T13:31:57.000Z</time>
      </trkpt>
    </trkseg>
  </trk>
  <trk>
    <name>HWN (187/71) Rosstreppe Thale</name>
    <type>hike</type>
    <trkseg>
      <trkpt lat="51.746161" lon="11.026138">
        <ele>173.800730</ele>
        <time>2026-08-15T10:18:54.963Z</time>
      </trkpt>
      <trkpt lat="51.746148" lon="11.025982">
        <ele>173.800730</ele>
        <time>2026-08-15T10:19:02.962Z</time>
      </trkpt>
      <trkpt lat="51.746143" lon="11.025828">
        <ele>173.800730</ele>
        <time>2026-08-15T10:19:16.000Z</time>
      </trkpt>
      <trkpt lat="51.746134" lon="11.025677">
        <ele>173.800730</ele>
        <time>2026-08-15T10:19:23.000Z</time>
      </trkpt>
      <trkpt lat="51.746106" lon="11.025512">
        <ele>173.800730</ele>
        <time>2026-08-15T10:19:37.000Z</time>
      </trkpt>
      <trkpt lat="51.746077" lon="11.025365">
        <ele>173.800730</ele>
        <time>2026-08-15T10:19:41.000Z</time>
      </trkpt>
      <trkpt lat="51.746053" lon="11.025219">
        <ele>173.800730</ele>
        <time>2026-08-15T10:19:48.000Z</time>
      </trkpt>
      <trkpt lat="51.745999" lon="11.025096">
        <ele>173.800730</ele>
        <time>2026-08-15T10:19:56.000Z</time>
      </trkpt>
      <trkpt lat="51.745912" lon="11.025059">
        <ele>173.800730</ele>
        <time>2026-08-15T10:20:03.000Z</time>
      </trkpt>
      <trkpt lat="51.745809" lon="11.025061">
        <ele>173.800730</ele>
        <time>2026-08-15T10:20:11.000Z</time>
      </trkpt>
      <trkpt lat="51.745718" lon="11.025081">
        <ele>173.913619</ele>
        <time>2026-08-15T10:20:19.000Z</time>
      </trkpt>
      <trkpt lat="51.745617" lon="11.025109">
        <ele>174.104249</ele>
        <time>2026-08-15T10:20:26.000Z</time>
      </trkpt>
      <trkpt lat="51.745525" lon="11.025108">
        <ele>174.275394</ele>
        <time>2026-08-15T10:20:34.000Z</time>
      </trkpt>
      <trkpt lat="51.745432" lon="11.025090">
        <ele>174.449633</ele>
        <time>2026-08-15T10:20:41.000Z</time>
      </trkpt>
      <trkpt lat="51.745330" lon="11.025122">
        <ele>174.642922</ele>
        <time>2026-08-15T10:20:49.000Z</time>
      </trkpt>
      <trkpt lat="51.745237" lon="11.025154">
        <ele>174.819806</ele>
        <time>2026-08-15T10:20:56.000Z</time>
      </trkpt>
      <trkpt lat="51.745143" lon="11.025187">
        <ele>174.998750</ele>
        <time>2026-08-15T10:21:03.999Z</time>
      </trkpt>
      <trkpt lat="51.745051" lon="11.025222">
        <ele>175.174575</ele>
        <time>2026-08-15T10:21:11.999Z</time>
      </trkpt>
      <trkpt lat="51.744959" lon="11.025248">
        <ele>175.348316</ele>
        <time>2026-08-15T10:21:18.999Z</time>
      </trkpt>
      <trkpt lat="51.744862" lon="11.025272">
        <ele>175.530862</ele>
        <time>2026-08-15T10:21:26.999Z</time>
      </trkpt>
      <trkpt lat="51.744773" lon="11.025300">
        <ele>175.699534</ele>
        <time>2026-08-15T10:21:33.999Z</time>
      </trkpt>
      <trkpt lat="51.744674" lon="11.025326">
        <ele>175.886116</ele>
        <time>2026-08-15T10:21:41.999Z</time>
      </trkpt>
      <trkpt lat="51.744586" lon="11.025377">
        <ele>176.060036</ele>
        <time>2026-08-15T10:21:48.999Z</time>
      </trkpt>
      <trkpt lat="51.744512" lon="11.025466">
        <ele>176.231668</ele>
        <time>2026-08-15T10:21:55.999Z</time>
      </trkpt>
      <trkpt lat="51.744467" lon="11.025591">
        <ele>176.398209</ele>
        <time>2026-08-15T10:22:03.000Z</time>
      </trkpt>
      <trkpt lat="51.744457" lon="11.025737">
        <ele>176.567397</ele>
        <time>2026-08-15T10:22:10.000Z</time>
      </trkpt>
      <trkpt lat="51.744374" lon="11.025823">
        <ele>176.750838</ele>
        <time>2026-08-15T10:22:21.000Z</time>
      </trkpt>
      <trkpt lat="51.744279" lon="11.025822">
        <ele>176.927564</ele>
        <time>2026-08-15T10:22:25.000Z</time>
      </trkpt>
      <trkpt lat="51.744188" lon="11.025865">
        <ele>177.103941</ele>
        <time>2026-08-15T10:22:32.000Z</time>
      </trkpt>
      <trkpt lat="51.744098" lon="11.025904">
        <ele>177.269533</ele>
        <time>2026-08-15T10:22:40.000Z</time>
      </trkpt>
      <trkpt lat="51.744004" lon="11.025946">
        <ele>177.440202</ele>
        <time>2026-08-15T10:22:47.000Z</time>
      </trkpt>
      <trkpt lat="51.743914" lon="11.026022">
        <ele>177.617922</ele>
        <time>2026-08-15T10:22:55.000Z</time>
      </trkpt>
      <trkpt lat="51.743820" lon="11.026080">
        <ele>177.794009</ele>
        <time>2026-08-15T10:23:03.000Z</time>
      </trkpt>
      <trkpt lat="51.743730" lon="11.026098">
        <ele>177.952703</ele>
        <time>2026-08-15T10:23:11.999Z</time>
      </trkpt>
      <trkpt lat="51.743652" lon="11.026191">
        <ele>178.122361</ele>
        <time>2026-08-15T10:23:19.999Z</time>
      </trkpt>
      <trkpt lat="51.743557" lon="11.026237">
        <ele>178.295912</ele>
        <time>2026-08-15T10:23:26.999Z</time>
      </trkpt>
      <trkpt lat="51.743464" lon="11.026261">
        <ele>178.460718</ele>
        <time>2026-08-15T10:23:34.999Z</time>
      </trkpt>
      <trkpt lat="51.743370" lon="11.026267">
        <ele>178.625337</ele>
        <time>2026-08-15T10:23:42.999Z</time>
      </trkpt>
      <trkpt lat="51.743271" lon="11.026300">
        <ele>178.802229</ele>
        <time>2026-08-15T10:23:49.999Z</time>
      </trkpt>
      <trkpt lat="51.743172" lon="11.026327">
        <ele>178.977922</ele>
        <time>2026-08-15T10:23:57.999Z</time>
      </trkpt>
      <trkpt lat="51.743078" lon="11.026341">
        <ele>179.143110</ele>
        <time>2026-08-15T10:24:05.999Z</time>
      </trkpt>
      <trkpt lat="51.742977" lon="11.026343">
        <ele>179.319864</ele>
        <time>2026-08-15T10:24:13.999Z</time>
      </trkpt>
      <trkpt lat="51.742880" lon="11.026347">
        <ele>179.489660</ele>
        <time>2026-08-15T10:24:21.999Z</time>
      </trkpt>
      <trkpt lat="51.742784" lon="11.026359">
        <ele>179.658152</ele>
        <time>2026-08-15T10:24:28.999Z</time>
      </trkpt>
      <trkpt lat="51.742683" lon="11.026378">
        <ele>179.836088</ele>
        <time>2026-08-15T10:24:37.000Z</time>
      </trkpt>
      <trkpt lat="51.742582" lon="11.026412">
        <ele>180.016626</ele>
        <time>2026-08-15T10:24:46.000Z</time>
      </trkpt>
      <trkpt lat="51.742492" lon="11.026426">
        <ele>180.174846</ele>
        <time>2026-08-15T10:24:53.000Z</time>
      </trkpt>
      <trkpt lat="51.742393" lon="11.026455">
        <ele>180.313334</ele>
        <time>2026-08-15T10:25:02.000Z</time>
      </trkpt>
      <trkpt lat="51.742303" lon="11.026483">
        <ele>180.367708</ele>
        <time>2026-08-15T10:25:10.000Z</time>
      </trkpt>
      <trkpt lat="51.742210" lon="11.026477">
        <ele>180.422924</ele>
        <time>2026-08-15T10:25:16.999Z</time>
      </trkpt>
      <trkpt lat="51.742106" lon="11.026484">
        <ele>180.484676</ele>
        <time>2026-08-15T10:25:24.999Z</time>
      </trkpt>
      <trkpt lat="51.742008" lon="11.026499">
        <ele>180.543074</ele>
        <time>2026-08-15T10:25:32.999Z</time>
      </trkpt>
      <trkpt lat="51.741908" lon="11.026519">
        <ele>180.602852</ele>
        <time>2026-08-15T10:25:40.999Z</time>
      </trkpt>
      <trkpt lat="51.741814" lon="11.026542">
        <ele>180.659254</ele>
        <time>2026-08-15T10:25:47.999Z</time>
      </trkpt>
      <trkpt lat="51.741723" lon="11.026559">
        <ele>180.713600</ele>
        <time>2026-08-15T10:25:54.999Z</time>
      </trkpt>
      <trkpt lat="51.741689" lon="11.026698">
        <ele>180.768500</ele>
        <time>2026-08-15T10:26:12.999Z</time>
      </trkpt>
      <trkpt lat="51.741713" lon="11.026851">
        <ele>180.826479</ele>
        <time>2026-08-15T10:26:21.000Z</time>
      </trkpt>
      <trkpt lat="51.741690" lon="11.026705">
        <ele>180.881819</ele>
        <time>2026-08-15T10:26:50.000Z</time>
      </trkpt>
      <trkpt lat="51.741656" lon="11.026566">
        <ele>180.936720</ele>
        <time>2026-08-15T10:27:05.000Z</time>
      </trkpt>
      <trkpt lat="51.741641" lon="11.026190">
        <ele>181.075127</ele>
        <time>2026-08-15T10:28:59.067Z</time>
      </trkpt>
      <trkpt lat="51.741554" lon="11.026436">
        <ele>181.179195</ele>
        <time>2026-08-15T10:31:28.018Z</time>
      </trkpt>
      <trkpt lat="51.741666" lon="11.026438">
        <ele>181.245642</ele>
        <time>2026-08-15T10:31:33.001Z</time>
      </trkpt>
      <trkpt lat="51.741604" lon="11.026572">
        <ele>181.307091</ele>
        <time>2026-08-15T10:31:45.000Z</time>
      </trkpt>
      <trkpt lat="51.741509" lon="11.026590">
        <ele>181.364656</ele>
        <time>2026-08-15T10:31:53.000Z</time>
      </trkpt>
      <trkpt lat="51.741415" lon="11.026617">
        <ele>181.438294</ele>
        <time>2026-08-15T10:32:01.000Z</time>
      </trkpt>
      <trkpt lat="51.741317" lon="11.026642">
        <ele>181.514815</ele>
        <time>2026-08-15T10:32:09.000Z</time>
      </trkpt>
      <trkpt lat="51.741226" lon="11.026644">
        <ele>181.585008</ele>
        <time>2026-08-15T10:32:16.000Z</time>
      </trkpt>
      <trkpt lat="51.741137" lon="11.026615">
        <ele>181.655034</ele>
        <time>2026-08-15T10:32:23.000Z</time>
      </trkpt>
      <trkpt lat="51.741039" lon="11.026585">
        <ele>181.731965</ele>
        <time>2026-08-15T10:32:31.000Z</time>
      </trkpt>
      <trkpt lat="51.740951" lon="11.026560">
        <ele>181.800879</ele>
        <time>2026-08-15T10:32:39.000Z</time>
      </trkpt>
      <trkpt lat="51.740862" lon="11.026514">
        <ele>181.872952</ele>
        <time>2026-08-15T10:32:47.000Z</time>
      </trkpt>
      <trkpt lat="51.740776" lon="11.026449">
        <ele>181.946186</ele>
        <time>2026-08-15T10:32:56.000Z</time>
      </trkpt>
      <trkpt lat="51.740704" lon="11.026359">
        <ele>182.016409</ele>
        <time>2026-08-15T10:33:03.000Z</time>
      </trkpt>
      <trkpt lat="51.740616" lon="11.026320">
        <ele>182.086790</ele>
        <time>2026-08-15T10:33:10.000Z</time>
      </trkpt>
      <trkpt lat="51.740511" lon="11.026288">
        <ele>182.169203</ele>
        <time>2026-08-15T10:33:20.000Z</time>
      </trkpt>
      <trkpt lat="51.740423" lon="11.026348">
        <ele>182.242876</ele>
        <time>2026-08-15T10:33:30.000Z</time>
      </trkpt>
      <trkpt lat="51.740342" lon="11.026414">
        <ele>182.312851</ele>
        <time>2026-08-15T10:33:38.000Z</time>
      </trkpt>
      <trkpt lat="51.740265" lon="11.026494">
        <ele>182.383468</ele>
        <time>2026-08-15T10:33:45.000Z</time>
      </trkpt>
      <trkpt lat="51.740181" lon="11.026578">
        <ele>182.459670</ele>
        <time>2026-08-15T10:33:53.000Z</time>
      </trkpt>
      <trkpt lat="51.740075" lon="11.026600">
        <ele>182.542097</ele>
        <time>2026-08-15T10:34:01.000Z</time>
      </trkpt>
      <trkpt lat="51.739982" lon="11.026665">
        <ele>182.620255</ele>
        <time>2026-08-15T10:34:09.000Z</time>
      </trkpt>
      <trkpt lat="51.739891" lon="11.026660">
        <ele>182.690481</ele>
        <time>2026-08-15T10:34:17.000Z</time>
      </trkpt>
      <trkpt lat="51.739798" lon="11.026626">
        <ele>182.780986</ele>
        <time>2026-08-15T10:34:24.000Z</time>
      </trkpt>
      <trkpt lat="51.739732" lon="11.026521">
        <ele>182.929728</ele>
        <time>2026-08-15T10:34:32.000Z</time>
      </trkpt>
      <trkpt lat="51.739657" lon="11.026429">
        <ele>183.080936</ele>
        <time>2026-08-15T10:34:39.000Z</time>
      </trkpt>
      <trkpt lat="51.739598" lon="11.026307">
        <ele>183.234829</ele>
        <time>2026-08-15T10:34:48.000Z</time>
      </trkpt>
      <trkpt lat="51.739525" lon="11.026200">
        <ele>183.393105</ele>
        <time>2026-08-15T10:34:57.000Z</time>
      </trkpt>
      <trkpt lat="51.739434" lon="11.026116">
        <ele>183.561386</ele>
        <time>2026-08-15T10:35:05.000Z</time>
      </trkpt>
      <trkpt lat="51.739347" lon="11.026038">
        <ele>183.721143</ele>
        <time>2026-08-15T10:35:14.000Z</time>
      </trkpt>
      <trkpt lat="51.739262" lon="11.025964">
        <ele>183.876175</ele>
        <time>2026-08-15T10:35:23.000Z</time>
      </trkpt>
      <trkpt lat="51.739174" lon="11.025899">
        <ele>184.031533</ele>
        <time>2026-08-15T10:35:31.000Z</time>
      </trkpt>
      <trkpt lat="51.739104" lon="11.025790">
        <ele>184.187651</ele>
        <time>2026-08-15T10:35:40.000Z</time>
      </trkpt>
      <trkpt lat="51.739028" lon="11.025691">
        <ele>184.344415</ele>
        <time>2026-08-15T10:35:48.000Z</time>
      </trkpt>
      <trkpt lat="51.738972" lon="11.025569">
        <ele>184.495392</ele>
        <time>2026-08-15T10:35:55.999Z</time>
      </trkpt>
      <trkpt lat="51.738909" lon="11.025459">
        <ele>184.644354</ele>
        <time>2026-08-15T10:36:03.999Z</time>
      </trkpt>
      <trkpt lat="51.738847" lon="11.025338">
        <ele>184.800492</ele>
        <time>2026-08-15T10:36:11.999Z</time>
      </trkpt>
      <trkpt lat="51.738789" lon="11.025209">
        <ele>184.958981</ele>
        <time>2026-08-15T10:36:19.999Z</time>
      </trkpt>
      <trkpt lat="51.738714" lon="11.025060">
        <ele>185.149878</ele>
        <time>2026-08-15T10:37:02.000Z</time>
      </trkpt>
      <trkpt lat="51.738639" lon="11.024946">
        <ele>185.315238</ele>
        <time>2026-08-15T10:37:11.000Z</time>
      </trkpt>
      <trkpt lat="51.738559" lon="11.024871">
        <ele>185.463750</ele>
        <time>2026-08-15T10:37:20.000Z</time>
      </trkpt>
      <trkpt lat="51.738494" lon="11.024763">
        <ele>185.613479</ele>
        <time>2026-08-15T10:37:28.000Z</time>
      </trkpt>
      <trkpt lat="51.738426" lon="11.024662">
        <ele>185.929619</ele>
        <time>2026-08-15T10:37:35.000Z</time>
      </trkpt>
      <trkpt lat="51.738366" lon="11.024543">
        <ele>186.285689</ele>
        <time>2026-08-15T10:37:44.000Z</time>
      </trkpt>
      <trkpt lat="51.738303" lon="11.024427">
        <ele>186.643698</ele>
        <time>2026-08-15T10:37:51.000Z</time>
      </trkpt>
      <trkpt lat="51.738220" lon="11.024345">
        <ele>187.008284</ele>
        <time>2026-08-15T10:37:58.999Z</time>
      </trkpt>
      <trkpt lat="51.738137" lon="11.024277">
        <ele>187.357020</ele>
        <time>2026-08-15T10:38:06.999Z</time>
      </trkpt>
      <trkpt lat="51.738059" lon="11.024200">
        <ele>187.699571</ele>
        <time>2026-08-15T10:38:13.999Z</time>
      </trkpt>
      <trkpt lat="51.737982" lon="11.024120">
        <ele>188.042646</ele>
        <time>2026-08-15T10:38:20.999Z</time>
      </trkpt>
      <trkpt lat="51.737900" lon="11.024034">
        <ele>188.409013</ele>
        <time>2026-08-15T10:38:29.999Z</time>
      </trkpt>
      <trkpt lat="51.737814" lon="11.023958">
        <ele>188.776352</ele>
        <time>2026-08-15T10:38:46.999Z</time>
      </trkpt>
      <trkpt lat="51.737737" lon="11.023875">
        <ele>189.123243</ele>
        <time>2026-08-15T10:38:55.999Z</time>
      </trkpt>
      <trkpt lat="51.737664" lon="11.023780">
        <ele>189.474541</ele>
        <time>2026-08-15T10:39:04.999Z</time>
      </trkpt>
      <trkpt lat="51.737576" lon="11.023697">
        <ele>189.856401</ele>
        <time>2026-08-15T10:39:14.999Z</time>
      </trkpt>
      <trkpt lat="51.737486" lon="11.023630">
        <ele>190.227740</ele>
        <time>2026-08-15T10:39:22.999Z</time>
      </trkpt>
      <trkpt lat="51.737389" lon="11.023618">
        <ele>190.592263</ele>
        <time>2026-08-15T10:39:29.999Z</time>
      </trkpt>
      <trkpt lat="51.737287" lon="11.023598">
        <ele>190.977263</ele>
        <time>2026-08-15T10:39:38.000Z</time>
      </trkpt>
      <trkpt lat="51.737212" lon="11.023507">
        <ele>191.328776</ele>
        <time>2026-08-15T10:39:46.000Z</time>
      </trkpt>
      <trkpt lat="51.737126" lon="11.023463">
        <ele>191.666804</ele>
        <time>2026-08-15T10:39:53.000Z</time>
      </trkpt>
      <trkpt lat="51.737031" lon="11.023433">
        <ele>192.029511</ele>
        <time>2026-08-15T10:40:01.999Z</time>
      </trkpt>
      <trkpt lat="51.736927" lon="11.023402">
        <ele>192.395052</ele>
        <time>2026-08-15T10:40:10.999Z</time>
      </trkpt>
      <trkpt lat="51.736823" lon="11.023369">
        <ele>192.549496</ele>
        <time>2026-08-15T10:40:19.999Z</time>
      </trkpt>
      <trkpt lat="51.736732" lon="11.023343">
        <ele>192.684158</ele>
        <time>2026-08-15T10:40:27.999Z</time>
      </trkpt>
      <trkpt lat="51.736640" lon="11.023337">
        <ele>192.818327</ele>
        <time>2026-08-15T10:40:34.999Z</time>
      </trkpt>
      <trkpt lat="51.736534" lon="11.023316">
        <ele>192.973945</ele>
        <time>2026-08-15T10:40:42.999Z</time>
      </trkpt>
      <trkpt lat="51.736440" lon="11.023333">
        <ele>193.111776</ele>
        <time>2026-08-15T10:40:51.999Z</time>
      </trkpt>
      <trkpt lat="51.736339" lon="11.023303">
        <ele>193.261419</ele>
        <time>2026-08-15T10:41:00.999Z</time>
      </trkpt>
      <trkpt lat="51.736241" lon="11.023322">
        <ele>193.405248</ele>
        <time>2026-08-15T10:41:08.000Z</time>
      </trkpt>
      <trkpt lat="51.736145" lon="11.023302">
        <ele>193.546295</ele>
        <time>2026-08-15T10:41:17.000Z</time>
      </trkpt>
      <trkpt lat="51.736054" lon="11.023316">
        <ele>193.679498</ele>
        <time>2026-08-15T10:41:26.000Z</time>
      </trkpt>
      <trkpt lat="51.735959" lon="11.023320">
        <ele>193.817977</ele>
        <time>2026-08-15T10:41:33.000Z</time>
      </trkpt>
      <trkpt lat="51.735864" lon="11.023302">
        <ele>193.957358</ele>
        <time>2026-08-15T10:41:41.000Z</time>
      </trkpt>
      <trkpt lat="51.735762" lon="11.023268">
        <ele>194.109123</ele>
        <time>2026-08-15T10:41:49.000Z</time>
      </trkpt>
      <trkpt lat="51.735669" lon="11.023244">
        <ele>194.246360</ele>
        <time>2026-08-15T10:41:58.000Z</time>
      </trkpt>
      <trkpt lat="51.735580" lon="11.023202">
        <ele>194.381473</ele>
        <time>2026-08-15T10:42:06.999Z</time>
      </trkpt>
      <trkpt lat="51.735485" lon="11.023159">
        <ele>194.525240</ele>
        <time>2026-08-15T10:42:12.999Z</time>
      </trkpt>
      <trkpt lat="51.735411" lon="11.023057">
        <ele>194.667014</ele>
        <time>2026-08-15T10:42:21.999Z</time>
      </trkpt>
      <trkpt lat="51.735396" lon="11.022902">
        <ele>194.808586</ele>
        <time>2026-08-15T10:42:29.999Z</time>
      </trkpt>
      <trkpt lat="51.735380" lon="11.022746">
        <ele>194.951281</ele>
        <time>2026-08-15T10:42:36.999Z</time>
      </trkpt>
      <trkpt lat="51.735320" lon="11.022615">
        <ele>195.082691</ele>
        <time>2026-08-15T10:42:44.999Z</time>
      </trkpt>
      <trkpt lat="51.735276" lon="11.022487">
        <ele>195.194542</ele>
        <time>2026-08-15T10:42:52.000Z</time>
      </trkpt>
      <trkpt lat="51.735212" lon="11.022371">
        <ele>195.313239</ele>
        <time>2026-08-15T10:43:10.000Z</time>
      </trkpt>
      <trkpt lat="51.735141" lon="11.022270">
        <ele>195.429975</ele>
        <time>2026-08-15T10:43:18.000Z</time>
      </trkpt>
      <trkpt lat="51.735065" lon="11.022165">
        <ele>195.553372</ele>
        <time>2026-08-15T10:43:26.000Z</time>
      </trkpt>
      <trkpt lat="51.734983" lon="11.022054">
        <ele>195.685381</ele>
        <time>2026-08-15T10:43:35.000Z</time>
      </trkpt>
      <trkpt lat="51.734914" lon="11.021942">
        <ele>195.806083</ele>
        <time>2026-08-15T10:43:44.000Z</time>
      </trkpt>
      <trkpt lat="51.734837" lon="11.021846">
        <ele>195.926099</ele>
        <time>2026-08-15T10:43:51.000Z</time>
      </trkpt>
      <trkpt lat="51.734762" lon="11.021756">
        <ele>196.041381</ele>
        <time>2026-08-15T10:43:58.000Z</time>
      </trkpt>
      <trkpt lat="51.734683" lon="11.021657">
        <ele>196.164751</ele>
        <time>2026-08-15T10:44:07.000Z</time>
      </trkpt>
      <trkpt lat="51.734608" lon="11.021569">
        <ele>196.279128</ele>
        <time>2026-08-15T10:44:14.000Z</time>
      </trkpt>
      <trkpt lat="51.734536" lon="11.021481">
        <ele>196.390532</ele>
        <time>2026-08-15T10:44:22.999Z</time>
      </trkpt>
      <trkpt lat="51.734461" lon="11.021398">
        <ele>196.502705</ele>
        <time>2026-08-15T10:44:29.999Z</time>
      </trkpt>
      <trkpt lat="51.734385" lon="11.021308">
        <ele>196.618979</ele>
        <time>2026-08-15T10:44:37.999Z</time>
      </trkpt>
      <trkpt lat="51.734300" lon="11.021234">
        <ele>196.738115</ele>
        <time>2026-08-15T10:44:46.000Z</time>
      </trkpt>
      <trkpt lat="51.734220" lon="11.021154">
        <ele>196.854206</ele>
        <time>2026-08-15T10:44:54.000Z</time>
      </trkpt>
      <trkpt lat="51.734137" lon="11.021072">
        <ele>196.974250</ele>
        <time>2026-08-15T10:45:01.000Z</time>
      </trkpt>
      <trkpt lat="51.734062" lon="11.020958">
        <ele>197.101325</ele>
        <time>2026-08-15T10:45:10.000Z</time>
      </trkpt>
      <trkpt lat="51.733998" lon="11.020849">
        <ele>197.217569</ele>
        <time>2026-08-15T10:45:18.000Z</time>
      </trkpt>
      <trkpt lat="51.733968" lon="11.020705">
        <ele>197.593080</ele>
        <time>2026-08-15T10:45:25.000Z</time>
      </trkpt>
      <trkpt lat="51.733935" lon="11.020567">
        <ele>197.958706</ele>
        <time>2026-08-15T10:45:33.000Z</time>
      </trkpt>
      <trkpt lat="51.733907" lon="11.020412">
        <ele>198.357772</ele>
        <time>2026-08-15T10:45:41.000Z</time>
      </trkpt>
      <trkpt lat="51.733884" lon="11.020264">
        <ele>198.734913</ele>
        <time>2026-08-15T10:45:48.000Z</time>
      </trkpt>
      <trkpt lat="51.733864" lon="11.020108">
        <ele>199.128661</ele>
        <time>2026-08-15T10:45:55.000Z</time>
      </trkpt>
      <trkpt lat="51.733854" lon="11.019962">
        <ele>199.491719</ele>
        <time>2026-08-15T10:46:02.000Z</time>
      </trkpt>
      <trkpt lat="51.733813" lon="11.019814">
        <ele>199.892448</ele>
        <time>2026-08-15T10:46:12.000Z</time>
      </trkpt>
      <trkpt lat="51.733811" lon="11.019660">
        <ele>200.273162</ele>
        <time>2026-08-15T10:46:20.000Z</time>
      </trkpt>
      <trkpt lat="51.733799" lon="11.019507">
        <ele>200.654341</ele>
        <time>2026-08-15T10:46:28.000Z</time>
      </trkpt>
      <trkpt lat="51.733813" lon="11.019341">
        <ele>201.068418</ele>
        <time>2026-08-15T10:46:37.000Z</time>
      </trkpt>
      <trkpt lat="51.733796" lon="11.019184">
        <ele>201.462350</ele>
        <time>2026-08-15T10:46:45.000Z</time>
      </trkpt>
      <trkpt lat="51.733794" lon="11.019031">
        <ele>201.840593</ele>
        <time>2026-08-15T10:46:53.000Z</time>
      </trkpt>
      <trkpt lat="51.733801" lon="11.018872">
        <ele>202.234574</ele>
        <time>2026-08-15T10:47:02.000Z</time>
      </trkpt>
      <trkpt lat="51.733790" lon="11.018701">
        <ele>202.659496</ele>
        <time>2026-08-15T10:47:10.000Z</time>
      </trkpt>
      <trkpt lat="51.733781" lon="11.018541">
        <ele>203.056584</ele>
        <time>2026-08-15T10:47:19.000Z</time>
      </trkpt>
      <trkpt lat="51.733764" lon="11.018394">
        <ele>203.426194</ele>
        <time>2026-08-15T10:47:27.000Z</time>
      </trkpt>
      <trkpt lat="51.733746" lon="11.018250">
        <ele>203.789286</ele>
        <time>2026-08-15T10:47:34.000Z</time>
      </trkpt>
      <trkpt lat="51.733698" lon="11.018126">
        <ele>204.150711</ele>
        <time>2026-08-15T10:47:42.000Z</time>
      </trkpt>
      <trkpt lat="51.733676" lon="11.017973">
        <ele>204.662585</ele>
        <time>2026-08-15T10:47:50.000Z</time>
      </trkpt>
      <trkpt lat="51.733632" lon="11.017829">
        <ele>205.397206</ele>
        <time>2026-08-15T10:47:59.000Z</time>
      </trkpt>
      <trkpt lat="51.733574" lon="11.017705">
        <ele>206.108126</ele>
        <time>2026-08-15T10:48:27.999Z</time>
      </trkpt>
      <trkpt lat="51.733566" lon="11.017552">
        <ele>206.810596</ele>
        <time>2026-08-15T10:48:37.999Z</time>
      </trkpt>
      <trkpt lat="51.733545" lon="11.017405">
        <ele>207.500784</ele>
        <time>2026-08-15T10:48:45.999Z</time>
      </trkpt>
      <trkpt lat="51.733524" lon="11.017259">
        <ele>208.186516</ele>
        <time>2026-08-15T10:48:56.999Z</time>
      </trkpt>
      <trkpt lat="51.733472" lon="11.017133">
        <ele>208.879234</ele>
        <time>2026-08-15T10:49:15.999Z</time>
      </trkpt>
      <trkpt lat="51.733421" lon="11.017000">
        <ele>209.594906</ele>
        <time>2026-08-15T10:49:32.999Z</time>
      </trkpt>
      <trkpt lat="51.733496" lon="11.016891">
        <ele>210.340318</ele>
        <time>2026-08-15T10:49:44.000Z</time>
      </trkpt>
      <trkpt lat="51.733569" lon="11.016802">
        <ele>211.016040</ele>
        <time>2026-08-15T10:49:55.000Z</time>
      </trkpt>
      <trkpt lat="51.733615" lon="11.016670">
        <ele>211.708983</ele>
        <time>2026-08-15T10:50:08.000Z</time>
      </trkpt>
      <trkpt lat="51.733668" lon="11.016534">
        <ele>212.444119</ele>
        <time>2026-08-15T10:50:15.000Z</time>
      </trkpt>
      <trkpt lat="51.733723" lon="11.016398">
        <ele>213.187227</ele>
        <time>2026-08-15T10:50:24.000Z</time>
      </trkpt>
      <trkpt lat="51.733778" lon="11.016269">
        <ele>213.903735</ele>
        <time>2026-08-15T10:50:31.999Z</time>
      </trkpt>
      <trkpt lat="51.733829" lon="11.016133">
        <ele>214.631108</ele>
        <time>2026-08-15T10:50:39.999Z</time>
      </trkpt>
      <trkpt lat="51.733882" lon="11.016012">
        <ele>215.309144</ele>
        <time>2026-08-15T10:50:47.999Z</time>
      </trkpt>
      <trkpt lat="51.733963" lon="11.015939">
        <ele>215.994400</ele>
        <time>2026-08-15T10:50:54.999Z</time>
      </trkpt>
      <trkpt lat="51.734041" lon="11.015853">
        <ele>216.692117</ele>
        <time>2026-08-15T10:51:04.999Z</time>
      </trkpt>
      <trkpt lat="51.734125" lon="11.015796">
        <ele>217.365209</ele>
        <time>2026-08-15T10:51:13.999Z</time>
      </trkpt>
      <trkpt lat="51.734215" lon="11.015730">
        <ele>218.306322</ele>
        <time>2026-08-15T10:51:21.999Z</time>
      </trkpt>
      <trkpt lat="51.734302" lon="11.015658">
        <ele>219.395644</ele>
        <time>2026-08-15T10:51:32.999Z</time>
      </trkpt>
      <trkpt lat="51.734397" lon="11.015632">
        <ele>220.469295</ele>
        <time>2026-08-15T10:51:41.999Z</time>
      </trkpt>
      <trkpt lat="51.734494" lon="11.015640">
        <ele>221.551542</ele>
        <time>2026-08-15T10:51:50.999Z</time>
      </trkpt>
      <trkpt lat="51.734577" lon="11.015701">
        <ele>222.567674</ele>
        <time>2026-08-15T10:52:01.999Z</time>
      </trkpt>
      <trkpt lat="51.734673" lon="11.015736">
        <ele>223.664297</ele>
        <time>2026-08-15T10:52:12.999Z</time>
      </trkpt>
      <trkpt lat="51.734756" lon="11.015793">
        <ele>224.669307</ele>
        <time>2026-08-15T10:52:26.999Z</time>
      </trkpt>
      <trkpt lat="51.734849" lon="11.015848">
        <ele>225.772892</ele>
        <time>2026-08-15T10:52:39.999Z</time>
      </trkpt>
      <trkpt lat="51.734913" lon="11.015957">
        <ele>226.809385</ele>
        <time>2026-08-15T10:52:52.999Z</time>
      </trkpt>
      <trkpt lat="51.734995" lon="11.016052">
        <ele>227.933932</ele>
        <time>2026-08-15T10:53:06.999Z</time>
      </trkpt>
      <trkpt lat="51.735091" lon="11.016089">
        <ele>229.033676</ele>
        <time>2026-08-15T10:53:16.999Z</time>
      </trkpt>
      <trkpt lat="51.735187" lon="11.016094">
        <ele>230.103928</ele>
        <time>2026-08-15T10:53:28.999Z</time>
      </trkpt>
      <trkpt lat="51.735278" lon="11.016130">
        <ele>231.147898</ele>
        <time>2026-08-15T10:53:39.999Z</time>
      </trkpt>
      <trkpt lat="51.735369" lon="11.016159">
        <ele>232.181439</ele>
        <time>2026-08-15T10:53:48.999Z</time>
      </trkpt>
      <trkpt lat="51.735459" lon="11.016210">
        <ele>233.244238</ele>
        <time>2026-08-15T10:53:55.999Z</time>
      </trkpt>
      <trkpt lat="51.735554" lon="11.016277">
        <ele>234.399352</ele>
        <time>2026-08-15T10:54:05.999Z</time>
      </trkpt>
      <trkpt lat="51.735624" lon="11.016378">
        <ele>235.445357</ele>
        <time>2026-08-15T10:54:14.999Z</time>
      </trkpt>
      <trkpt lat="51.735703" lon="11.016454">
        <ele>236.470010</ele>
        <time>2026-08-15T10:54:39.000Z</time>
      </trkpt>
      <trkpt lat="51.735787" lon="11.016522">
        <ele>237.517029</ele>
        <time>2026-08-15T10:54:57.999Z</time>
      </trkpt>
      <trkpt lat="51.735734" lon="11.016739">
        <ele>239.933615</ele>
        <time>2026-08-15T10:58:12.999Z</time>
      </trkpt>
      <trkpt lat="51.735740" lon="11.016573">
        <ele>241.740294</ele>
        <time>2026-08-15T10:59:38.999Z</time>
      </trkpt>
      <trkpt lat="51.735840" lon="11.016571">
        <ele>243.494877</ele>
        <time>2026-08-15T11:00:15.000Z</time>
      </trkpt>
      <trkpt lat="51.735855" lon="11.016722">
        <ele>245.156479</ele>
        <time>2026-08-15T11:00:31.000Z</time>
      </trkpt>
      <trkpt lat="51.735764" lon="11.016787">
        <ele>246.902253</ele>
        <time>2026-08-15T11:00:40.000Z</time>
      </trkpt>
      <trkpt lat="51.735860" lon="11.016755">
        <ele>248.622036</ele>
        <time>2026-08-15T11:01:20.999Z</time>
      </trkpt>
      <trkpt lat="51.735944" lon="11.016700">
        <ele>250.212320</ele>
        <time>2026-08-15T11:01:34.999Z</time>
      </trkpt>
      <trkpt lat="51.736032" lon="11.016784">
        <ele>252.005816</ele>
        <time>2026-08-15T11:01:48.999Z</time>
      </trkpt>
      <trkpt lat="51.736120" lon="11.016857">
        <ele>253.741546</ele>
        <time>2026-08-15T11:03:00.000Z</time>
      </trkpt>
      <trkpt lat="51.736204" lon="11.016789">
        <ele>255.390108</ele>
        <time>2026-08-15T11:03:35.999Z</time>
      </trkpt>
      <trkpt lat="51.736287" lon="11.016734">
        <ele>256.964145</ele>
        <time>2026-08-15T11:03:46.999Z</time>
      </trkpt>
      <trkpt lat="51.736373" lon="11.016684">
        <ele>258.567789</ele>
        <time>2026-08-15T11:03:56.999Z</time>
      </trkpt>
      <trkpt lat="51.736465" lon="11.016654">
        <ele>260.214464</ele>
        <time>2026-08-15T11:04:10.999Z</time>
      </trkpt>
      <trkpt lat="51.736553" lon="11.016604">
        <ele>261.851165</ele>
        <time>2026-08-15T11:04:35.000Z</time>
      </trkpt>
      <trkpt lat="51.736632" lon="11.016530">
        <ele>263.453494</ele>
        <time>2026-08-15T11:04:50.000Z</time>
      </trkpt>
      <trkpt lat="51.736709" lon="11.016432">
        <ele>265.173585</ele>
        <time>2026-08-15T11:05:33.999Z</time>
      </trkpt>
      <trkpt lat="51.736763" lon="11.016315">
        <ele>266.758986</ele>
        <time>2026-08-15T11:05:43.999Z</time>
      </trkpt>
      <trkpt lat="51.736817" lon="11.016196">
        <ele>268.361862</ele>
        <time>2026-08-15T11:05:55.999Z</time>
      </trkpt>
      <trkpt lat="51.736885" lon="11.016100">
        <ele>270.095454</ele>
        <time>2026-08-15T11:06:07.999Z</time>
      </trkpt>
      <trkpt lat="51.736887" lon="11.016253">
        <ele>272.128761</ele>
        <time>2026-08-15T11:06:24.999Z</time>
      </trkpt>
      <trkpt lat="51.736889" lon="11.016412">
        <ele>274.241771</ele>
        <time>2026-08-15T11:06:36.999Z</time>
      </trkpt>
      <trkpt lat="51.736867" lon="11.016673">
        <ele>277.741558</ele>
        <time>2026-08-15T11:07:19.999Z</time>
      </trkpt>
      <trkpt lat="51.736957" lon="11.016633">
        <ele>279.744327</ele>
        <time>2026-08-15T11:07:51.999Z</time>
      </trkpt>
      <trkpt lat="51.737023" lon="11.016404">
        <ele>283.100334</ele>
        <time>2026-08-15T11:09:56.999Z</time>
      </trkpt>
      <trkpt lat="51.737075" lon="11.016282">
        <ele>285.068135</ele>
        <time>2026-08-15T11:10:07.999Z</time>
      </trkpt>
      <trkpt lat="51.737138" lon="11.016164">
        <ele>287.138176</ele>
        <time>2026-08-15T11:10:20.999Z</time>
      </trkpt>
      <trkpt lat="51.737167" lon="11.016307">
        <ele>289.137437</ele>
        <time>2026-08-15T11:11:05.999Z</time>
      </trkpt>
      <trkpt lat="51.737170" lon="11.016455">
        <ele>291.104899</ele>
        <time>2026-08-15T11:11:22.999Z</time>
      </trkpt>
      <trkpt lat="51.737166" lon="11.016609">
        <ele>293.152826</ele>
        <time>2026-08-15T11:11:44.999Z</time>
      </trkpt>
      <trkpt lat="51.737156" lon="11.016754">
        <ele>295.091286</ele>
        <time>2026-08-15T11:11:57.999Z</time>
      </trkpt>
      <trkpt lat="51.737210" lon="11.016627">
        <ele>297.138136</ele>
        <time>2026-08-15T11:12:14.999Z</time>
      </trkpt>
      <trkpt lat="51.737265" lon="11.016499">
        <ele>299.208107</ele>
        <time>2026-08-15T11:12:27.999Z</time>
      </trkpt>
      <trkpt lat="51.737315" lon="11.016290">
        <ele>302.184997</ele>
        <time>2026-08-15T11:13:29.999Z</time>
      </trkpt>
      <trkpt lat="51.737359" lon="11.016154">
        <ele>304.223700</ele>
        <time>2026-08-15T11:13:41.999Z</time>
      </trkpt>
      <trkpt lat="51.737405" lon="11.016020">
        <ele>306.259340</ele>
        <time>2026-08-15T11:13:53.999Z</time>
      </trkpt>
      <trkpt lat="51.737447" lon="11.015882">
        <ele>308.235551</ele>
        <time>2026-08-15T11:14:10.999Z</time>
      </trkpt>
      <trkpt lat="51.737474" lon="11.016045">
        <ele>310.132089</ele>
        <time>2026-08-15T11:14:35.999Z</time>
      </trkpt>
      <trkpt lat="51.737492" lon="11.016201">
        <ele>311.915714</ele>
        <time>2026-08-15T11:14:46.999Z</time>
      </trkpt>
      <trkpt lat="51.737478" lon="11.016354">
        <ele>313.654113</ele>
        <time>2026-08-15T11:15:01.999Z</time>
      </trkpt>
      <trkpt lat="51.737476" lon="11.016500">
        <ele>315.295561</ele>
        <time>2026-08-15T11:15:16.999Z</time>
      </trkpt>
      <trkpt lat="51.737488" lon="11.016649">
        <ele>316.984431</ele>
        <time>2026-08-15T11:15:30.999Z</time>
      </trkpt>
      <trkpt lat="51.737553" lon="11.016531">
        <ele>318.759548</ele>
        <time>2026-08-15T11:21:56.000Z</time>
      </trkpt>
      <trkpt lat="51.737590" lon="11.016388">
        <ele>320.501529</ele>
        <time>2026-08-15T11:22:07.000Z</time>
      </trkpt>
      <trkpt lat="51.737606" lon="11.016238">
        <ele>322.212359</ele>
        <time>2026-08-15T11:22:21.000Z</time>
      </trkpt>
      <trkpt lat="51.737661" lon="11.016120">
        <ele>323.872389</ele>
        <time>2026-08-15T11:22:41.000Z</time>
      </trkpt>
      <trkpt lat="51.737692" lon="11.015984">
        <ele>325.501295</ele>
        <time>2026-08-15T11:22:59.000Z</time>
      </trkpt>
      <trkpt lat="51.737725" lon="11.015846">
        <ele>327.164043</ele>
        <time>2026-08-15T11:23:12.000Z</time>
      </trkpt>
      <trkpt lat="51.737737" lon="11.015699">
        <ele>328.830615</ele>
        <time>2026-08-15T11:23:25.000Z</time>
      </trkpt>
      <trkpt lat="51.737809" lon="11.015787">
        <ele>330.469576</ele>
        <time>2026-08-15T11:23:51.000Z</time>
      </trkpt>
      <trkpt lat="51.737819" lon="11.015933">
        <ele>332.120618</ele>
        <time>2026-08-15T11:24:05.000Z</time>
      </trkpt>
      <trkpt lat="51.737826" lon="11.016082">
        <ele>333.800184</ele>
        <time>2026-08-15T11:24:20.000Z</time>
      </trkpt>
      <trkpt lat="51.737819" lon="11.016235">
        <ele>335.524585</ele>
        <time>2026-08-15T11:24:34.000Z</time>
      </trkpt>
      <trkpt lat="51.737806" lon="11.016379">
        <ele>337.160249</ele>
        <time>2026-08-15T11:24:46.000Z</time>
      </trkpt>
      <trkpt lat="51.737803" lon="11.016526">
        <ele>338.813420</ele>
        <time>2026-08-15T11:24:57.000Z</time>
      </trkpt>
      <trkpt lat="51.737789" lon="11.016684">
        <ele>340.620772</ele>
        <time>2026-08-15T11:25:10.000Z</time>
      </trkpt>
      <trkpt lat="51.737741" lon="11.016820">
        <ele>342.634842</ele>
        <time>2026-08-15T11:25:24.000Z</time>
      </trkpt>
      <trkpt lat="51.737673" lon="11.016923">
        <ele>344.571938</ele>
        <time>2026-08-15T11:25:39.000Z</time>
      </trkpt>
      <trkpt lat="51.737604" lon="11.017025">
        <ele>346.515531</ele>
        <time>2026-08-15T11:25:51.000Z</time>
      </trkpt>
      <trkpt lat="51.737531" lon="11.017112">
        <ele>348.400586</ele>
        <time>2026-08-15T11:26:08.000Z</time>
      </trkpt>
      <trkpt lat="51.737627" lon="11.017151">
        <ele>350.457322</ele>
        <time>2026-08-15T11:26:29.000Z</time>
      </trkpt>
      <trkpt lat="51.737719" lon="11.017119">
        <ele>352.412638</ele>
        <time>2026-08-15T11:26:44.000Z</time>
      </trkpt>
      <trkpt lat="51.737662" lon="11.017366">
        <ele>355.804124</ele>
        <time>2026-08-15T11:28:02.000Z</time>
      </trkpt>
      <trkpt lat="51.737579" lon="11.017445">
        <ele>357.805876</ele>
        <time>2026-08-15T11:28:14.000Z</time>
      </trkpt>
      <trkpt lat="51.737490" lon="11.017504">
        <ele>359.804777</ele>
        <time>2026-08-15T11:28:24.999Z</time>
      </trkpt>
      <trkpt lat="51.737406" lon="11.017449">
        <ele>361.688049</ele>
        <time>2026-08-15T11:37:26.000Z</time>
      </trkpt>
      <trkpt lat="51.737494" lon="11.017529">
        <ele>363.786245</ele>
        <time>2026-08-15T11:46:07.000Z</time>
      </trkpt>
      <trkpt lat="51.737592" lon="11.017546">
        <ele>365.834098</ele>
        <time>2026-08-15T11:46:18.000Z</time>
      </trkpt>
      <trkpt lat="51.737680" lon="11.017493">
        <ele>367.785495</ele>
        <time>2026-08-15T11:46:32.000Z</time>
      </trkpt>
      <trkpt lat="51.737774" lon="11.017473">
        <ele>369.755405</ele>
        <time>2026-08-15T11:46:47.000Z</time>
      </trkpt>
      <trkpt lat="51.737863" lon="11.017422">
        <ele>371.717526</ele>
        <time>2026-08-15T11:47:00.000Z</time>
      </trkpt>
      <trkpt lat="51.737816" lon="11.017566">
        <ele>373.811869</ele>
        <time>2026-08-15T11:47:19.000Z</time>
      </trkpt>
      <trkpt lat="51.737750" lon="11.017671">
        <ele>375.736840</ele>
        <time>2026-08-15T11:47:31.000Z</time>
      </trkpt>
      <trkpt lat="51.737671" lon="11.017754">
        <ele>377.695040</ele>
        <time>2026-08-15T11:47:45.000Z</time>
      </trkpt>
      <trkpt lat="51.737590" lon="11.017848">
        <ele>378.755956</ele>
        <time>2026-08-15T11:47:55.000Z</time>
      </trkpt>
      <trkpt lat="51.737518" lon="11.017937">
        <ele>379.627336</ele>
        <time>2026-08-15T11:48:05.000Z</time>
      </trkpt>
      <trkpt lat="51.737614" lon="11.017988">
        <ele>380.598551</ele>
        <time>2026-08-15T11:48:41.000Z</time>
      </trkpt>
      <trkpt lat="51.737693" lon="11.017918">
        <ele>381.464534</ele>
        <time>2026-08-15T11:48:54.001Z</time>
      </trkpt>
      <trkpt lat="51.737643" lon="11.018042">
        <ele>382.345132</ele>
        <time>2026-08-15T11:49:17.000Z</time>
      </trkpt>
      <trkpt lat="51.737555" lon="11.018102">
        <ele>383.263116</ele>
        <time>2026-08-15T11:49:34.000Z</time>
      </trkpt>
      <trkpt lat="51.737466" lon="11.018174">
        <ele>384.219746</ele>
        <time>2026-08-15T11:49:42.000Z</time>
      </trkpt>
      <trkpt lat="51.737559" lon="11.018207">
        <ele>385.134811</ele>
        <time>2026-08-15T11:50:07.000Z</time>
      </trkpt>
      <trkpt lat="51.737652" lon="11.018195">
        <ele>386.031401</ele>
        <time>2026-08-15T11:50:18.000Z</time>
      </trkpt>
      <trkpt lat="51.737570" lon="11.018258">
        <ele>386.904075</ele>
        <time>2026-08-15T11:50:31.000Z</time>
      </trkpt>
      <trkpt lat="51.737474" lon="11.018278">
        <ele>387.834294</ele>
        <time>2026-08-15T11:50:42.000Z</time>
      </trkpt>
      <trkpt lat="51.737404" lon="11.018392">
        <ele>388.789708</ele>
        <time>2026-08-15T11:50:48.000Z</time>
      </trkpt>
      <trkpt lat="51.737306" lon="11.018431">
        <ele>389.759679</ele>
        <time>2026-08-15T11:50:59.000Z</time>
      </trkpt>
      <trkpt lat="51.737216" lon="11.018407">
        <ele>390.636304</ele>
        <time>2026-08-15T11:51:20.001Z</time>
      </trkpt>
      <trkpt lat="51.737120" lon="11.018327">
        <ele>391.674481</ele>
        <time>2026-08-15T11:51:37.000Z</time>
      </trkpt>
      <trkpt lat="51.737065" lon="11.018210">
        <ele>392.548668</ele>
        <time>2026-08-15T11:51:49.000Z</time>
      </trkpt>
      <trkpt lat="51.737000" lon="11.018335">
        <ele>393.520059</ele>
        <time>2026-08-15T11:53:27.000Z</time>
      </trkpt>
      <trkpt lat="51.736941" lon="11.018451">
        <ele>394.413405</ele>
        <time>2026-08-15T11:53:36.000Z</time>
      </trkpt>
      <trkpt lat="51.736886" lon="11.018573">
        <ele>395.215815</ele>
        <time>2026-08-15T11:53:51.000Z</time>
      </trkpt>
      <trkpt lat="51.736741" lon="11.018583">
        <ele>395.663275</ele>
        <time>2026-08-15T11:54:06.000Z</time>
      </trkpt>
      <trkpt lat="51.736649" lon="11.018553">
        <ele>395.952649</ele>
        <time>2026-08-15T11:54:18.000Z</time>
      </trkpt>
      <trkpt lat="51.736562" lon="11.018598">
        <ele>396.234305</ele>
        <time>2026-08-15T11:54:31.000Z</time>
      </trkpt>
      <trkpt lat="51.736471" lon="11.018637">
        <ele>396.524583</ele>
        <time>2026-08-15T11:54:45.000Z</time>
      </trkpt>
      <trkpt lat="51.736384" lon="11.018681">
        <ele>396.805663</ele>
        <time>2026-08-15T11:54:54.000Z</time>
      </trkpt>
      <trkpt lat="51.736312" lon="11.018769">
        <ele>397.084066</ele>
        <time>2026-08-15T11:55:03.000Z</time>
      </trkpt>
      <trkpt lat="51.736240" lon="11.018871">
        <ele>397.379371</ele>
        <time>2026-08-15T11:55:19.000Z</time>
      </trkpt>
      <trkpt lat="51.736148" lon="11.018883">
        <ele>397.663943</ele>
        <time>2026-08-15T11:55:36.000Z</time>
      </trkpt>
      <trkpt lat="51.736064" lon="11.018825">
        <ele>397.945609</ele>
        <time>2026-08-15T11:55:53.000Z</time>
      </trkpt>
      <trkpt lat="51.735972" lon="11.018772">
        <ele>398.246767</ele>
        <time>2026-08-15T11:56:05.000Z</time>
      </trkpt>
      <trkpt lat="51.735885" lon="11.018715">
        <ele>398.536237</ele>
        <time>2026-08-15T11:56:15.000Z</time>
      </trkpt>
      <trkpt lat="51.735796" lon="11.018647">
        <ele>398.839802</ele>
        <time>2026-08-15T11:56:25.000Z</time>
      </trkpt>
      <trkpt lat="51.735702" lon="11.018616">
        <ele>399.135598</ele>
        <time>2026-08-15T11:57:20.000Z</time>
      </trkpt>
      <trkpt lat="51.735606" lon="11.018645">
        <ele>399.436713</ele>
        <time>2026-08-15T11:57:29.000Z</time>
      </trkpt>
      <trkpt lat="51.735527" lon="11.018573">
        <ele>399.716398</ele>
        <time>2026-08-15T11:57:38.000Z</time>
      </trkpt>
      <trkpt lat="51.735458" lon="11.018477">
        <ele>399.997209</ele>
        <time>2026-08-15T11:57:50.000Z</time>
      </trkpt>
      <trkpt lat="51.735491" lon="11.018330">
        <ele>400.295756</ele>
        <time>2026-08-15T11:57:59.000Z</time>
      </trkpt>
      <trkpt lat="51.735476" lon="11.018485">
        <ele>400.595298</ele>
        <time>2026-08-15T12:00:45.999Z</time>
      </trkpt>
      <trkpt lat="51.735401" lon="11.018388">
        <ele>400.623642</ele>
        <time>2026-08-15T12:00:58.000Z</time>
      </trkpt>
      <trkpt lat="51.735321" lon="11.018287">
        <ele>400.458742</ele>
        <time>2026-08-15T12:01:09.000Z</time>
      </trkpt>
      <trkpt lat="51.735234" lon="11.018250">
        <ele>400.312651</ele>
        <time>2026-08-15T12:01:24.000Z</time>
      </trkpt>
      <trkpt lat="51.735146" lon="11.018195">
        <ele>400.159423</ele>
        <time>2026-08-15T12:01:46.000Z</time>
      </trkpt>
      <trkpt lat="51.735065" lon="11.018115">
        <ele>400.005239</ele>
        <time>2026-08-15T12:03:56.000Z</time>
      </trkpt>
      <trkpt lat="51.735036" lon="11.017971">
        <ele>399.852963</ele>
        <time>2026-08-15T12:04:11.999Z</time>
      </trkpt>
      <trkpt lat="51.735056" lon="11.018115">
        <ele>399.704554</ele>
        <time>2026-08-15T12:07:31.000Z</time>
      </trkpt>
      <trkpt lat="51.735142" lon="11.018192">
        <ele>399.544873</ele>
        <time>2026-08-15T12:07:43.000Z</time>
      </trkpt>
      <trkpt lat="51.735230" lon="11.018250">
        <ele>399.390530</ele>
        <time>2026-08-15T12:07:57.000Z</time>
      </trkpt>
      <trkpt lat="51.735318" lon="11.018282">
        <ele>399.244054</ele>
        <time>2026-08-15T12:08:12.999Z</time>
      </trkpt>
      <trkpt lat="51.735399" lon="11.018385">
        <ele>399.076635</ele>
        <time>2026-08-15T12:10:00.000Z</time>
      </trkpt>
      <trkpt lat="51.735468" lon="11.018491">
        <ele>398.921985</ele>
        <time>2026-08-15T12:10:10.000Z</time>
      </trkpt>
      <trkpt lat="51.735540" lon="11.018583">
        <ele>398.772891</ele>
        <time>2026-08-15T12:10:18.999Z</time>
      </trkpt>
      <trkpt lat="51.735624" lon="11.018649">
        <ele>398.621198</ele>
        <time>2026-08-15T12:10:26.999Z</time>
      </trkpt>
      <trkpt lat="51.735717" lon="11.018611">
        <ele>398.465422</ele>
        <time>2026-08-15T12:10:36.999Z</time>
      </trkpt>
      <trkpt lat="51.735815" lon="11.018662">
        <ele>398.298226</ele>
        <time>2026-08-15T12:10:50.999Z</time>
      </trkpt>
      <trkpt lat="51.735902" lon="11.018727">
        <ele>398.142564</ele>
        <time>2026-08-15T12:11:01.999Z</time>
      </trkpt>
      <trkpt lat="51.735992" lon="11.018785">
        <ele>397.985210</ele>
        <time>2026-08-15T12:11:12.999Z</time>
      </trkpt>
      <trkpt lat="51.736079" lon="11.018832">
        <ele>397.836240</ele>
        <time>2026-08-15T12:11:24.999Z</time>
      </trkpt>
      <trkpt lat="51.736164" lon="11.018892">
        <ele>398.184217</ele>
        <time>2026-08-15T12:11:44.000Z</time>
      </trkpt>
      <trkpt lat="51.736257" lon="11.018853">
        <ele>398.736909</ele>
        <time>2026-08-15T12:11:57.000Z</time>
      </trkpt>
      <trkpt lat="51.736331" lon="11.018742">
        <ele>399.317879</ele>
        <time>2026-08-15T12:12:10.000Z</time>
      </trkpt>
      <trkpt lat="51.736407" lon="11.018662">
        <ele>399.839721</ele>
        <time>2026-08-15T12:12:19.000Z</time>
      </trkpt>
      <trkpt lat="51.736505" lon="11.018624">
        <ele>400.419453</ele>
        <time>2026-08-15T12:12:29.999Z</time>
      </trkpt>
      <trkpt lat="51.736596" lon="11.018580">
        <ele>400.965857</ele>
        <time>2026-08-15T12:12:41.999Z</time>
      </trkpt>
      <trkpt lat="51.736692" lon="11.018561">
        <ele>401.522193</ele>
        <time>2026-08-15T12:12:56.999Z</time>
      </trkpt>
      <trkpt lat="51.736792" lon="11.018603">
        <ele>402.116542</ele>
        <time>2026-08-15T12:13:06.999Z</time>
      </trkpt>
      <trkpt lat="51.736882" lon="11.018577">
        <ele>402.642452</ele>
        <time>2026-08-15T12:13:17.000Z</time>
      </trkpt>
      <trkpt lat="51.736976" lon="11.018552">
        <ele>403.190435</ele>
        <time>2026-08-15T12:13:28.000Z</time>
      </trkpt>
      <trkpt lat="51.737065" lon="11.018583">
        <ele>403.714147</ele>
        <time>2026-08-15T12:13:37.000Z</time>
      </trkpt>
      <trkpt lat="51.737155" lon="11.018632">
        <ele>404.260470</ele>
        <time>2026-08-15T12:13:48.000Z</time>
      </trkpt>
      <trkpt lat="51.737348" lon="11.018628">
        <ele>405.370720</ele>
        <time>2026-08-15T12:21:13.000Z</time>
      </trkpt>
      <trkpt lat="51.737449" lon="11.018644">
        <ele>405.954472</ele>
        <time>2026-08-15T12:21:39.000Z</time>
      </trkpt>
      <trkpt lat="51.737535" lon="11.018724">
        <ele>406.525363</ele>
        <time>2026-08-15T12:21:48.000Z</time>
      </trkpt>
      <trkpt lat="51.737622" lon="11.018800">
        <ele>407.094329</ele>
        <time>2026-08-15T12:21:59.000Z</time>
      </trkpt>
      <trkpt lat="51.737784" lon="11.018973">
        <ele>408.207631</ele>
        <time>2026-08-15T12:23:40.999Z</time>
      </trkpt>
      <trkpt lat="51.737891" lon="11.019056">
        <ele>408.852727</ele>
        <time>2026-08-15T12:24:25.999Z</time>
      </trkpt>
      <trkpt lat="51.737978" lon="11.019134">
        <ele>409.393505</ele>
        <time>2026-08-15T12:24:35.999Z</time>
      </trkpt>
      <trkpt lat="51.738062" lon="11.019208">
        <ele>409.913510</ele>
        <time>2026-08-15T12:24:46.000Z</time>
      </trkpt>
      <trkpt lat="51.738146" lon="11.019286">
        <ele>410.440094</ele>
        <time>2026-08-15T12:24:57.999Z</time>
      </trkpt>
      <trkpt lat="51.738230" lon="11.019371">
        <ele>410.978808</ele>
        <time>2026-08-15T12:25:08.999Z</time>
      </trkpt>
      <trkpt lat="51.738316" lon="11.019421">
        <ele>411.475539</ele>
        <time>2026-08-15T12:25:17.999Z</time>
      </trkpt>
      <trkpt lat="51.738376" lon="11.019543">
        <ele>411.999834</ele>
        <time>2026-08-15T12:25:27.999Z</time>
      </trkpt>
      <trkpt lat="51.738431" lon="11.019677">
        <ele>412.540847</ele>
        <time>2026-08-15T12:25:36.999Z</time>
      </trkpt>
      <trkpt lat="51.738456" lon="11.019824">
        <ele>413.053863</ele>
        <time>2026-08-15T12:25:49.999Z</time>
      </trkpt>
      <trkpt lat="51.738538" lon="11.019914">
        <ele>413.592672</ele>
        <time>2026-08-15T12:26:27.999Z</time>
      </trkpt>
      <trkpt lat="51.738638" lon="11.019932">
        <ele>414.139483</ele>
        <time>2026-08-15T12:26:35.999Z</time>
      </trkpt>
      <trkpt lat="51.738724" lon="11.020005">
        <ele>414.667479</ele>
        <time>2026-08-15T12:26:43.999Z</time>
      </trkpt>
      <trkpt lat="51.738780" lon="11.020134">
        <ele>415.197646</ele>
        <time>2026-08-15T12:26:52.999Z</time>
      </trkpt>
      <trkpt lat="51.738836" lon="11.020263">
        <ele>415.727813</ele>
        <time>2026-08-15T12:27:01.999Z</time>
      </trkpt>
      <trkpt lat="51.738917" lon="11.020346">
        <ele>416.249144</ele>
        <time>2026-08-15T12:27:11.999Z</time>
      </trkpt>
      <trkpt lat="51.739015" lon="11.020332">
        <ele>416.783800</ele>
        <time>2026-08-15T12:27:21.999Z</time>
      </trkpt>
      <trkpt lat="51.739106" lon="11.020349">
        <ele>417.281634</ele>
        <time>2026-08-15T12:27:29.999Z</time>
      </trkpt>
      <trkpt lat="51.739200" lon="11.020324">
        <ele>417.799354</ele>
        <time>2026-08-15T12:27:37.999Z</time>
      </trkpt>
      <trkpt lat="51.739298" lon="11.020304">
        <ele>417.271762</ele>
        <time>2026-08-15T12:27:46.999Z</time>
      </trkpt>
      <trkpt lat="51.739392" lon="11.020248">
        <ele>416.436834</ele>
        <time>2026-08-15T12:27:55.999Z</time>
      </trkpt>
      <trkpt lat="51.739476" lon="11.020169">
        <ele>415.626786</ele>
        <time>2026-08-15T12:28:03.999Z</time>
      </trkpt>
      <trkpt lat="51.739552" lon="11.020064">
        <ele>414.793312</ele>
        <time>2026-08-15T12:28:13.999Z</time>
      </trkpt>
      <trkpt lat="51.739626" lon="11.019954">
        <ele>413.955177</ele>
        <time>2026-08-15T12:28:22.999Z</time>
      </trkpt>
      <trkpt lat="51.739699" lon="11.019857">
        <ele>413.167391</ele>
        <time>2026-08-15T12:28:31.999Z</time>
      </trkpt>
      <trkpt lat="51.739733" lon="11.020007">
        <ele>412.343130</ele>
        <time>2026-08-15T12:28:46.999Z</time>
      </trkpt>
      <trkpt lat="51.739795" lon="11.020120">
        <ele>411.564059</ele>
        <time>2026-08-15T12:28:49.999Z</time>
      </trkpt>
      <trkpt lat="51.739847" lon="11.020254">
        <ele>410.748029</ele>
        <time>2026-08-15T12:28:57.999Z</time>
      </trkpt>
      <trkpt lat="51.739776" lon="11.020345">
        <ele>409.992670</ele>
        <time>2026-08-15T12:29:13.999Z</time>
      </trkpt>
      <trkpt lat="51.739870" lon="11.020315">
        <ele>409.194194</ele>
        <time>2026-08-15T12:31:10.000Z</time>
      </trkpt>
      <trkpt lat="51.739931" lon="11.020471">
        <ele>408.242138</ele>
        <time>2026-08-15T12:31:29.999Z</time>
      </trkpt>
      <trkpt lat="51.740016" lon="11.020417">
        <ele>407.480973</ele>
        <time>2026-08-15T12:31:37.999Z</time>
      </trkpt>
      <trkpt lat="51.740099" lon="11.020342">
        <ele>406.688399</ele>
        <time>2026-08-15T12:31:45.999Z</time>
      </trkpt>
      <trkpt lat="51.740178" lon="11.020239">
        <ele>405.842299</ele>
        <time>2026-08-15T12:31:54.999Z</time>
      </trkpt>
      <trkpt lat="51.740259" lon="11.020145">
        <ele>405.011098</ele>
        <time>2026-08-15T12:32:02.999Z</time>
      </trkpt>
      <trkpt lat="51.740230" lon="11.020293">
        <ele>404.210068</ele>
        <time>2026-08-15T12:32:15.999Z</time>
      </trkpt>
      <trkpt lat="51.740178" lon="11.020426">
        <ele>403.398411</ele>
        <time>2026-08-15T12:32:24.999Z</time>
      </trkpt>
      <trkpt lat="51.740119" lon="11.020550">
        <ele>402.507908</ele>
        <time>2026-08-15T12:32:33.999Z</time>
      </trkpt>
      <trkpt lat="51.740069" lon="11.020675">
        <ele>401.549051</ele>
        <time>2026-08-15T12:32:43.999Z</time>
      </trkpt>
      <trkpt lat="51.740156" lon="11.020629">
        <ele>400.596480</ele>
        <time>2026-08-15T12:33:04.999Z</time>
      </trkpt>
      <trkpt lat="51.740227" lon="11.020538">
        <ele>399.653279</ele>
        <time>2026-08-15T12:33:11.999Z</time>
      </trkpt>
      <trkpt lat="51.740303" lon="11.020453">
        <ele>398.691320</ele>
        <time>2026-08-15T12:33:23.999Z</time>
      </trkpt>
      <trkpt lat="51.740266" lon="11.020613">
        <ele>397.590830</ele>
        <time>2026-08-15T12:33:37.999Z</time>
      </trkpt>
      <trkpt lat="51.740211" lon="11.020742">
        <ele>396.581657</ele>
        <time>2026-08-15T12:33:47.999Z</time>
      </trkpt>
      <trkpt lat="51.740155" lon="11.020864">
        <ele>395.603136</ele>
        <time>2026-08-15T12:33:55.999Z</time>
      </trkpt>
      <trkpt lat="51.740110" lon="11.020999">
        <ele>394.615249</ele>
        <time>2026-08-15T12:34:05.999Z</time>
      </trkpt>
      <trkpt lat="51.740066" lon="11.021150">
        <ele>393.539948</ele>
        <time>2026-08-15T12:34:21.999Z</time>
      </trkpt>
      <trkpt lat="51.740038" lon="11.021302">
        <ele>392.518127</ele>
        <time>2026-08-15T12:34:27.999Z</time>
      </trkpt>
      <trkpt lat="51.739992" lon="11.021436">
        <ele>391.530904</ele>
        <time>2026-08-15T12:34:46.999Z</time>
      </trkpt>
      <trkpt lat="51.740046" lon="11.021275">
        <ele>390.351106</ele>
        <time>2026-08-15T12:38:35.999Z</time>
      </trkpt>
      <trkpt lat="51.740067" lon="11.021117">
        <ele>389.309855</ele>
        <time>2026-08-15T12:38:47.999Z</time>
      </trkpt>
      <trkpt lat="51.740131" lon="11.021007">
        <ele>388.337300</ele>
        <time>2026-08-15T12:38:59.999Z</time>
      </trkpt>
      <trkpt lat="51.740206" lon="11.020911">
        <ele>387.341468</ele>
        <time>2026-08-15T12:39:08.999Z</time>
      </trkpt>
      <trkpt lat="51.740284" lon="11.020830">
        <ele>386.376509</ele>
        <time>2026-08-15T12:39:19.000Z</time>
      </trkpt>
      <trkpt lat="51.740365" lon="11.020753">
        <ele>385.398472</ele>
        <time>2026-08-15T12:39:26.000Z</time>
      </trkpt>
      <trkpt lat="51.740436" lon="11.020652">
        <ele>384.413923</ele>
        <time>2026-08-15T12:39:35.000Z</time>
      </trkpt>
      <trkpt lat="51.740430" lon="11.020807">
        <ele>383.234939</ele>
        <time>2026-08-15T12:39:48.999Z</time>
      </trkpt>
      <trkpt lat="51.740372" lon="11.020936">
        <ele>381.978317</ele>
        <time>2026-08-15T12:39:56.999Z</time>
      </trkpt>
      <trkpt lat="51.740303" lon="11.021038">
        <ele>380.787543</ele>
        <time>2026-08-15T12:40:05.999Z</time>
      </trkpt>
      <trkpt lat="51.740385" lon="11.020961">
        <ele>379.580072</ele>
        <time>2026-08-15T12:40:23.999Z</time>
      </trkpt>
      <trkpt lat="51.740438" lon="11.020844">
        <ele>378.437381</ele>
        <time>2026-08-15T12:40:33.999Z</time>
      </trkpt>
      <trkpt lat="51.740482" lon="11.020711">
        <ele>377.248763</ele>
        <time>2026-08-15T12:40:44.999Z</time>
      </trkpt>
      <trkpt lat="51.740585" lon="11.020645">
        <ele>375.838165</ele>
        <time>2026-08-15T12:40:50.999Z</time>
      </trkpt>
      <trkpt lat="51.740668" lon="11.020588">
        <ele>374.690036</ele>
        <time>2026-08-15T12:40:55.999Z</time>
      </trkpt>
      <trkpt lat="51.740740" lon="11.020490">
        <ele>373.491382</ele>
        <time>2026-08-15T12:41:04.999Z</time>
      </trkpt>
      <trkpt lat="51.740812" lon="11.020403">
        <ele>372.346686</ele>
        <time>2026-08-15T12:41:11.999Z</time>
      </trkpt>
      <trkpt lat="51.740888" lon="11.020320">
        <ele>371.178779</ele>
        <time>2026-08-15T12:41:19.999Z</time>
      </trkpt>
      <trkpt lat="51.740984" lon="11.020249">
        <ele>369.834675</ele>
        <time>2026-08-15T12:41:29.999Z</time>
      </trkpt>
      <trkpt lat="51.741077" lon="11.020297">
        <ele>368.591824</ele>
        <time>2026-08-15T12:41:37.000Z</time>
      </trkpt>
      <trkpt lat="51.741160" lon="11.020359">
        <ele>367.427709</ele>
        <time>2026-08-15T12:41:44.999Z</time>
      </trkpt>
      <trkpt lat="51.741224" lon="11.020469">
        <ele>366.237946</ele>
        <time>2026-08-15T12:41:52.999Z</time>
      </trkpt>
      <trkpt lat="51.741278" lon="11.020601">
        <ele>364.990904</ele>
        <time>2026-08-15T12:42:01.999Z</time>
      </trkpt>
      <trkpt lat="51.741325" lon="11.020740">
        <ele>363.742541</ele>
        <time>2026-08-15T12:42:10.999Z</time>
      </trkpt>
      <trkpt lat="51.741342" lon="11.020882">
        <ele>362.602515</ele>
        <time>2026-08-15T12:42:23.999Z</time>
      </trkpt>
      <trkpt lat="51.741362" lon="11.021030">
        <ele>361.408466</ele>
        <time>2026-08-15T12:42:53.999Z</time>
      </trkpt>
      <trkpt lat="51.741387" lon="11.021170">
        <ele>359.906841</ele>
        <time>2026-08-15T12:43:11.999Z</time>
      </trkpt>
      <trkpt lat="51.741412" lon="11.021319">
        <ele>358.282908</ele>
        <time>2026-08-15T12:43:21.999Z</time>
      </trkpt>
      <trkpt lat="51.741436" lon="11.021465">
        <ele>356.693858</ele>
        <time>2026-08-15T12:43:31.999Z</time>
      </trkpt>
      <trkpt lat="51.741475" lon="11.021608">
        <ele>355.050121</ele>
        <time>2026-08-15T12:43:42.999Z</time>
      </trkpt>
      <trkpt lat="51.741516" lon="11.021746">
        <ele>353.439976</ele>
        <time>2026-08-15T12:43:51.999Z</time>
      </trkpt>
      <trkpt lat="51.741571" lon="11.021872">
        <ele>351.818283</ele>
        <time>2026-08-15T12:44:02.999Z</time>
      </trkpt>
      <trkpt lat="51.741639" lon="11.021996">
        <ele>350.075858</ele>
        <time>2026-08-15T12:44:14.999Z</time>
      </trkpt>
      <trkpt lat="51.741734" lon="11.022006">
        <ele>348.458518</ele>
        <time>2026-08-15T12:44:28.000Z</time>
      </trkpt>
      <trkpt lat="51.741830" lon="11.022020">
        <ele>346.820978</ele>
        <time>2026-08-15T12:44:39.000Z</time>
      </trkpt>
      <trkpt lat="51.741918" lon="11.021978">
        <ele>345.262064</ele>
        <time>2026-08-15T12:44:51.000Z</time>
      </trkpt>
      <trkpt lat="51.741974" lon="11.021859">
        <ele>343.689768</ele>
        <time>2026-08-15T12:45:02.000Z</time>
      </trkpt>
      <trkpt lat="51.742058" lon="11.021785">
        <ele>342.064220</ele>
        <time>2026-08-15T12:45:14.000Z</time>
      </trkpt>
      <trkpt lat="51.742139" lon="11.021694">
        <ele>340.387934</ele>
        <time>2026-08-15T12:45:25.000Z</time>
      </trkpt>
      <trkpt lat="51.742207" lon="11.021590">
        <ele>338.796894</ele>
        <time>2026-08-15T12:45:36.000Z</time>
      </trkpt>
      <trkpt lat="51.742285" lon="11.021503">
        <ele>337.186468</ele>
        <time>2026-08-15T12:45:44.000Z</time>
      </trkpt>
      <trkpt lat="51.742362" lon="11.021407">
        <ele>335.533898</ele>
        <time>2026-08-15T12:45:52.000Z</time>
      </trkpt>
      <trkpt lat="51.742436" lon="11.021325">
        <ele>334.009270</ele>
        <time>2026-08-15T12:45:59.000Z</time>
      </trkpt>
      <trkpt lat="51.742518" lon="11.021224">
        <ele>332.257294</ele>
        <time>2026-08-15T12:46:08.000Z</time>
      </trkpt>
      <trkpt lat="51.742601" lon="11.021143">
        <ele>330.629851</ele>
        <time>2026-08-15T12:46:17.000Z</time>
      </trkpt>
      <trkpt lat="51.742684" lon="11.021058">
        <ele>329.184613</ele>
        <time>2026-08-15T12:46:25.000Z</time>
      </trkpt>
      <trkpt lat="51.742767" lon="11.020963">
        <ele>327.688637</ele>
        <time>2026-08-15T12:46:33.000Z</time>
      </trkpt>
      <trkpt lat="51.742846" lon="11.020891">
        <ele>326.354708</ele>
        <time>2026-08-15T12:46:41.000Z</time>
      </trkpt>
      <trkpt lat="51.742918" lon="11.020793">
        <ele>324.970061</ele>
        <time>2026-08-15T12:46:50.000Z</time>
      </trkpt>
      <trkpt lat="51.743003" lon="11.020720">
        <ele>323.554374</ele>
        <time>2026-08-15T12:46:59.000Z</time>
      </trkpt>
      <trkpt lat="51.743084" lon="11.020637">
        <ele>322.143729</ele>
        <time>2026-08-15T12:47:07.000Z</time>
      </trkpt>
      <trkpt lat="51.743161" lon="11.020539">
        <ele>320.702084</ele>
        <time>2026-08-15T12:47:16.000Z</time>
      </trkpt>
      <trkpt lat="51.743234" lon="11.020430">
        <ele>319.240110</ele>
        <time>2026-08-15T12:47:25.000Z</time>
      </trkpt>
      <trkpt lat="51.743318" lon="11.020361">
        <ele>317.854279</ele>
        <time>2026-08-15T12:47:36.000Z</time>
      </trkpt>
      <trkpt lat="51.743406" lon="11.020304">
        <ele>316.460023</ele>
        <time>2026-08-15T12:47:44.000Z</time>
      </trkpt>
      <trkpt lat="51.743353" lon="11.020431">
        <ele>315.065531</ele>
        <time>2026-08-15T12:48:09.000Z</time>
      </trkpt>
      <trkpt lat="51.743269" lon="11.020499">
        <ele>313.683804</ele>
        <time>2026-08-15T12:48:22.000Z</time>
      </trkpt>
      <trkpt lat="51.743351" lon="11.020432">
        <ele>312.332440</ele>
        <time>2026-08-15T12:48:32.000Z</time>
      </trkpt>
      <trkpt lat="51.743451" lon="11.020373">
        <ele>310.766864</ele>
        <time>2026-08-15T12:48:41.000Z</time>
      </trkpt>
      <trkpt lat="51.743545" lon="11.020344">
        <ele>309.359580</ele>
        <time>2026-08-15T12:48:49.000Z</time>
      </trkpt>
      <trkpt lat="51.743636" lon="11.020346">
        <ele>308.021281</ele>
        <time>2026-08-15T12:48:56.000Z</time>
      </trkpt>
      <trkpt lat="51.743732" lon="11.020374">
        <ele>306.586744</ele>
        <time>2026-08-15T12:49:03.000Z</time>
      </trkpt>
      <trkpt lat="51.743836" lon="11.020412">
        <ele>305.018751</ele>
        <time>2026-08-15T12:49:12.000Z</time>
      </trkpt>
      <trkpt lat="51.743926" lon="11.020447">
        <ele>303.659477</ele>
        <time>2026-08-15T12:49:19.000Z</time>
      </trkpt>
      <trkpt lat="51.744009" lon="11.020522">
        <ele>302.265230</ele>
        <time>2026-08-15T12:49:26.000Z</time>
      </trkpt>
      <trkpt lat="51.744092" lon="11.020582">
        <ele>300.932158</ele>
        <time>2026-08-15T12:49:34.000Z</time>
      </trkpt>
      <trkpt lat="51.744186" lon="11.020685">
        <ele>299.266935</ele>
        <time>2026-08-15T12:49:43.000Z</time>
      </trkpt>
      <trkpt lat="51.744102" lon="11.020743">
        <ele>297.927710</ele>
        <time>2026-08-15T12:50:03.000Z</time>
      </trkpt>
      <trkpt lat="51.744198" lon="11.020775">
        <ele>296.490724</ele>
        <time>2026-08-15T12:50:11.000Z</time>
      </trkpt>
      <trkpt lat="51.744296" lon="11.020835">
        <ele>294.954317</ele>
        <time>2026-08-15T12:50:18.000Z</time>
      </trkpt>
      <trkpt lat="51.744364" lon="11.020943">
        <ele>293.556211</ele>
        <time>2026-08-15T12:50:25.000Z</time>
      </trkpt>
      <trkpt lat="51.744429" lon="11.021061">
        <ele>292.122631</ele>
        <time>2026-08-15T12:50:34.000Z</time>
      </trkpt>
      <trkpt lat="51.744488" lon="11.021182">
        <ele>290.724658</ele>
        <time>2026-08-15T12:50:43.000Z</time>
      </trkpt>
      <trkpt lat="51.744573" lon="11.021266">
        <ele>289.263830</ele>
        <time>2026-08-15T12:50:52.000Z</time>
      </trkpt>
      <trkpt lat="51.744658" lon="11.021327">
        <ele>287.900287</ele>
        <time>2026-08-15T12:51:00.000Z</time>
      </trkpt>
      <trkpt lat="51.744758" lon="11.021319">
        <ele>286.432527</ele>
        <time>2026-08-15T12:51:10.000Z</time>
      </trkpt>
      <trkpt lat="51.744835" lon="11.021235">
        <ele>285.070362</ele>
        <time>2026-08-15T12:51:18.000Z</time>
      </trkpt>
      <trkpt lat="51.744899" lon="11.021125">
        <ele>283.700278</ele>
        <time>2026-08-15T12:51:29.000Z</time>
      </trkpt>
      <trkpt lat="51.744981" lon="11.021046">
        <ele>282.300566</ele>
        <time>2026-08-15T12:51:38.000Z</time>
      </trkpt>
      <trkpt lat="51.745055" lon="11.020946">
        <ele>280.886112</ele>
        <time>2026-08-15T12:51:47.000Z</time>
      </trkpt>
      <trkpt lat="51.745147" lon="11.020862">
        <ele>279.336832</ele>
        <time>2026-08-15T12:51:57.000Z</time>
      </trkpt>
      <trkpt lat="51.745230" lon="11.020783">
        <ele>277.925140</ele>
        <time>2026-08-15T12:52:05.000Z</time>
      </trkpt>
      <trkpt lat="51.745328" lon="11.020772">
        <ele>276.536258</ele>
        <time>2026-08-15T12:52:14.000Z</time>
      </trkpt>
      <trkpt lat="51.745409" lon="11.020854">
        <ele>275.184700</ele>
        <time>2026-08-15T12:52:22.000Z</time>
      </trkpt>
      <trkpt lat="51.745351" lon="11.020973">
        <ele>273.858973</ele>
        <time>2026-08-15T12:52:37.000Z</time>
      </trkpt>
      <trkpt lat="51.745270" lon="11.021052">
        <ele>272.521177</ele>
        <time>2026-08-15T12:52:47.000Z</time>
      </trkpt>
      <trkpt lat="51.745340" lon="11.021144">
        <ele>271.245234</ele>
        <time>2026-08-15T12:53:00.000Z</time>
      </trkpt>
      <trkpt lat="51.745426" lon="11.021202">
        <ele>269.927605</ele>
        <time>2026-08-15T12:53:07.000Z</time>
      </trkpt>
      <trkpt lat="51.745506" lon="11.021294">
        <ele>268.539132</ele>
        <time>2026-08-15T12:53:16.000Z</time>
      </trkpt>
      <trkpt lat="51.745597" lon="11.021333">
        <ele>267.208035</ele>
        <time>2026-08-15T12:53:24.000Z</time>
      </trkpt>
      <trkpt lat="51.745689" lon="11.021342">
        <ele>265.904941</ele>
        <time>2026-08-15T12:53:34.000Z</time>
      </trkpt>
      <trkpt lat="51.745781" lon="11.021349">
        <ele>264.602787</ele>
        <time>2026-08-15T12:53:40.000Z</time>
      </trkpt>
      <trkpt lat="51.745872" lon="11.021349">
        <ele>263.316215</ele>
        <time>2026-08-15T12:53:51.000Z</time>
      </trkpt>
      <trkpt lat="51.745974" lon="11.021348">
        <ele>261.874096</ele>
        <time>2026-08-15T12:54:00.000Z</time>
      </trkpt>
      <trkpt lat="51.746057" lon="11.021281">
        <ele>260.562228</ele>
        <time>2026-08-15T12:54:12.000Z</time>
      </trkpt>
      <trkpt lat="51.746145" lon="11.021206">
        <ele>259.155477</ele>
        <time>2026-08-15T12:54:21.000Z</time>
      </trkpt>
      <trkpt lat="51.746224" lon="11.021133">
        <ele>257.868684</ele>
        <time>2026-08-15T12:54:29.000Z</time>
      </trkpt>
      <trkpt lat="51.746299" lon="11.021050">
        <ele>256.583291</ele>
        <time>2026-08-15T12:54:39.000Z</time>
      </trkpt>
      <trkpt lat="51.746435" lon="11.021024">
        <ele>254.647078</ele>
        <time>2026-08-15T13:00:23.999Z</time>
      </trkpt>
      <trkpt lat="51.746366" lon="11.021156">
        <ele>253.134871</ele>
        <time>2026-08-15T13:01:34.999Z</time>
      </trkpt>
      <trkpt lat="51.746307" lon="11.021277">
        <ele>252.298992</ele>
        <time>2026-08-15T13:01:45.000Z</time>
      </trkpt>
      <trkpt lat="51.746239" lon="11.021393">
        <ele>251.887476</ele>
        <time>2026-08-15T13:01:54.000Z</time>
      </trkpt>
      <trkpt lat="51.746166" lon="11.021502">
        <ele>251.473836</ele>
        <time>2026-08-15T13:02:03.000Z</time>
      </trkpt>
      <trkpt lat="51.746087" lon="11.021592">
        <ele>251.071599</ele>
        <time>2026-08-15T13:02:12.000Z</time>
      </trkpt>
      <trkpt lat="51.746005" lon="11.021666">
        <ele>250.680776</ele>
        <time>2026-08-15T13:02:22.000Z</time>
      </trkpt>
      <trkpt lat="51.745910" lon="11.021708">
        <ele>250.270967</ele>
        <time>2026-08-15T13:02:31.000Z</time>
      </trkpt>
      <trkpt lat="51.745821" lon="11.021740">
        <ele>249.891599</ele>
        <time>2026-08-15T13:02:40.000Z</time>
      </trkpt>
      <trkpt lat="51.745658" lon="11.021852">
        <ele>249.154581</ele>
        <time>2026-08-15T13:03:25.000Z</time>
      </trkpt>
      <trkpt lat="51.745564" lon="11.021848">
        <ele>248.763338</ele>
        <time>2026-08-15T13:03:33.000Z</time>
      </trkpt>
      <trkpt lat="51.745465" lon="11.021834">
        <ele>248.349852</ele>
        <time>2026-08-15T13:03:41.000Z</time>
      </trkpt>
      <trkpt lat="51.745364" lon="11.021797">
        <ele>247.918946</ele>
        <time>2026-08-15T13:03:51.000Z</time>
      </trkpt>
      <trkpt lat="51.745276" lon="11.021767">
        <ele>247.544736</ele>
        <time>2026-08-15T13:03:59.000Z</time>
      </trkpt>
      <trkpt lat="51.745182" lon="11.021819">
        <ele>247.131324</ele>
        <time>2026-08-15T13:04:09.000Z</time>
      </trkpt>
      <trkpt lat="51.745098" lon="11.021900">
        <ele>246.724270</ele>
        <time>2026-08-15T13:04:17.000Z</time>
      </trkpt>
      <trkpt lat="51.745019" lon="11.021985">
        <ele>246.329314</ele>
        <time>2026-08-15T13:04:25.000Z</time>
      </trkpt>
      <trkpt lat="51.744934" lon="11.022057">
        <ele>245.929965</ele>
        <time>2026-08-15T13:04:34.000Z</time>
      </trkpt>
      <trkpt lat="51.744861" lon="11.022144">
        <ele>245.552493</ele>
        <time>2026-08-15T13:04:42.000Z</time>
      </trkpt>
      <trkpt lat="51.744777" lon="11.022214">
        <ele>245.159212</ele>
        <time>2026-08-15T13:04:50.000Z</time>
      </trkpt>
      <trkpt lat="51.744692" lon="11.022301">
        <ele>244.886632</ele>
        <time>2026-08-15T13:04:58.000Z</time>
      </trkpt>
      <trkpt lat="51.744598" lon="11.022348">
        <ele>244.684579</ele>
        <time>2026-08-15T13:05:06.000Z</time>
      </trkpt>
      <trkpt lat="51.744499" lon="11.022334">
        <ele>244.480519</ele>
        <time>2026-08-15T13:05:15.000Z</time>
      </trkpt>
      <trkpt lat="51.744404" lon="11.022283">
        <ele>244.274957</ele>
        <time>2026-08-15T13:05:24.000Z</time>
      </trkpt>
      <trkpt lat="51.744315" lon="11.022226">
        <ele>244.078364</ele>
        <time>2026-08-15T13:05:33.000Z</time>
      </trkpt>
      <trkpt lat="51.744232" lon="11.022156">
        <ele>243.886098</ele>
        <time>2026-08-15T13:05:41.000Z</time>
      </trkpt>
      <trkpt lat="51.744147" lon="11.022081">
        <ele>243.687214</ele>
        <time>2026-08-15T13:05:50.000Z</time>
      </trkpt>
      <trkpt lat="51.744047" lon="11.022067">
        <ele>243.481109</ele>
        <time>2026-08-15T13:06:00.000Z</time>
      </trkpt>
      <trkpt lat="51.743954" lon="11.022127">
        <ele>243.275474</ele>
        <time>2026-08-15T13:06:08.000Z</time>
      </trkpt>
      <trkpt lat="51.743895" lon="11.022241">
        <ele>243.086573</ele>
        <time>2026-08-15T13:06:15.000Z</time>
      </trkpt>
      <trkpt lat="51.743851" lon="11.022374">
        <ele>242.894854</ele>
        <time>2026-08-15T13:06:23.000Z</time>
      </trkpt>
      <trkpt lat="51.743766" lon="11.022446">
        <ele>242.697771</ele>
        <time>2026-08-15T13:06:32.000Z</time>
      </trkpt>
      <trkpt lat="51.743670" lon="11.022490">
        <ele>242.492865</ele>
        <time>2026-08-15T13:06:42.000Z</time>
      </trkpt>
      <trkpt lat="51.743570" lon="11.022531">
        <ele>242.281016</ele>
        <time>2026-08-15T13:06:51.000Z</time>
      </trkpt>
      <trkpt lat="51.743476" lon="11.022512">
        <ele>242.086495</ele>
        <time>2026-08-15T13:06:59.000Z</time>
      </trkpt>
      <trkpt lat="51.743378" lon="11.022508">
        <ele>241.885202</ele>
        <time>2026-08-15T13:07:08.000Z</time>
      </trkpt>
      <trkpt lat="51.743301" lon="11.022613">
        <ele>241.678273</ele>
        <time>2026-08-15T13:07:19.000Z</time>
      </trkpt>
      <trkpt lat="51.743229" lon="11.022707">
        <ele>241.488167</ele>
        <time>2026-08-15T13:07:28.000Z</time>
      </trkpt>
      <trkpt lat="51.743165" lon="11.022829">
        <ele>241.208519</ele>
        <time>2026-08-15T13:07:38.000Z</time>
      </trkpt>
      <trkpt lat="51.743115" lon="11.022972">
        <ele>240.686440</ele>
        <time>2026-08-15T13:07:47.000Z</time>
      </trkpt>
      <trkpt lat="51.743051" lon="11.023084">
        <ele>240.201933</ele>
        <time>2026-08-15T13:07:56.000Z</time>
      </trkpt>
      <trkpt lat="51.742964" lon="11.023170">
        <ele>239.678227</ele>
        <time>2026-08-15T13:08:04.000Z</time>
      </trkpt>
      <trkpt lat="51.742882" lon="11.023251">
        <ele>239.184713</ele>
        <time>2026-08-15T13:08:14.000Z</time>
      </trkpt>
      <trkpt lat="51.742797" lon="11.023324">
        <ele>238.690435</ele>
        <time>2026-08-15T13:08:23.000Z</time>
      </trkpt>
      <trkpt lat="51.742724" lon="11.023410">
        <ele>238.226514</ele>
        <time>2026-08-15T13:08:31.000Z</time>
      </trkpt>
      <trkpt lat="51.742642" lon="11.023481">
        <ele>237.748817</ele>
        <time>2026-08-15T13:08:39.000Z</time>
      </trkpt>
      <trkpt lat="51.742556" lon="11.023569">
        <ele>237.226106</ele>
        <time>2026-08-15T13:08:49.000Z</time>
      </trkpt>
      <trkpt lat="51.742465" lon="11.023643">
        <ele>236.703006</ele>
        <time>2026-08-15T13:08:58.000Z</time>
      </trkpt>
      <trkpt lat="51.742389" lon="11.023744">
        <ele>236.197678</ele>
        <time>2026-08-15T13:09:07.000Z</time>
      </trkpt>
      <trkpt lat="51.742309" lon="11.023831">
        <ele>235.702497</ele>
        <time>2026-08-15T13:09:15.000Z</time>
      </trkpt>
      <trkpt lat="51.742235" lon="11.023915">
        <ele>235.238103</ele>
        <time>2026-08-15T13:09:26.000Z</time>
      </trkpt>
      <trkpt lat="51.742156" lon="11.024006">
        <ele>234.739896</ele>
        <time>2026-08-15T13:09:35.000Z</time>
      </trkpt>
      <trkpt lat="51.742081" lon="11.024097">
        <ele>234.258262</ele>
        <time>2026-08-15T13:09:44.000Z</time>
      </trkpt>
      <trkpt lat="51.742014" lon="11.024197">
        <ele>233.789860</ele>
        <time>2026-08-15T13:09:52.000Z</time>
      </trkpt>
      <trkpt lat="51.741938" lon="11.024283">
        <ele>233.313407</ele>
        <time>2026-08-15T13:09:59.000Z</time>
      </trkpt>
      <trkpt lat="51.741860" lon="11.024374">
        <ele>232.819370</ele>
        <time>2026-08-15T13:10:08.000Z</time>
      </trkpt>
      <trkpt lat="51.741782" lon="11.024460">
        <ele>232.334471</ele>
        <time>2026-08-15T13:10:16.000Z</time>
      </trkpt>
      <trkpt lat="51.741704" lon="11.024545">
        <ele>231.573918</ele>
        <time>2026-08-15T13:10:24.000Z</time>
      </trkpt>
      <trkpt lat="51.741640" lon="11.024667">
        <ele>230.500889</ele>
        <time>2026-08-15T13:10:34.000Z</time>
      </trkpt>
      <trkpt lat="51.741559" lon="11.024749">
        <ele>229.464820</ele>
        <time>2026-08-15T13:10:42.000Z</time>
      </trkpt>
      <trkpt lat="51.741467" lon="11.024769">
        <ele>228.458759</ele>
        <time>2026-08-15T13:10:50.000Z</time>
      </trkpt>
      <trkpt lat="51.741385" lon="11.024688">
        <ele>227.417008</ele>
        <time>2026-08-15T13:11:01.000Z</time>
      </trkpt>
      <trkpt lat="51.741298" lon="11.024634">
        <ele>226.406888</ele>
        <time>2026-08-15T13:11:09.000Z</time>
      </trkpt>
      <trkpt lat="51.741209" lon="11.024683">
        <ele>225.387822</ele>
        <time>2026-08-15T13:11:20.000Z</time>
      </trkpt>
      <trkpt lat="51.741165" lon="11.024812">
        <ele>224.399474</ele>
        <time>2026-08-15T13:11:29.000Z</time>
      </trkpt>
      <trkpt lat="51.741162" lon="11.024969">
        <ele>223.345368</ele>
        <time>2026-08-15T13:11:38.000Z</time>
      </trkpt>
      <trkpt lat="51.741174" lon="11.025122">
        <ele>222.310403</ele>
        <time>2026-08-15T13:11:47.000Z</time>
      </trkpt>
      <trkpt lat="51.741161" lon="11.025274">
        <ele>221.280668</ele>
        <time>2026-08-15T13:11:56.000Z</time>
      </trkpt>
      <trkpt lat="51.741094" lon="11.025373">
        <ele>220.296467</ele>
        <time>2026-08-15T13:12:16.000Z</time>
      </trkpt>
      <trkpt lat="51.741006" lon="11.025435">
        <ele>219.255941</ele>
        <time>2026-08-15T13:12:26.000Z</time>
      </trkpt>
      <trkpt lat="51.740906" lon="11.025421">
        <ele>218.168108</ele>
        <time>2026-08-15T13:12:36.000Z</time>
      </trkpt>
      <trkpt lat="51.740810" lon="11.025416">
        <ele>217.127149</ele>
        <time>2026-08-15T13:12:52.000Z</time>
      </trkpt>
      <trkpt lat="51.740717" lon="11.025360">
        <ele>216.051460</ele>
        <time>2026-08-15T13:13:03.000Z</time>
      </trkpt>
      <trkpt lat="51.740622" lon="11.025317">
        <ele>214.982204</ele>
        <time>2026-08-15T13:13:21.000Z</time>
      </trkpt>
      <trkpt lat="51.740546" lon="11.025235">
        <ele>213.991623</ele>
        <time>2026-08-15T13:13:31.000Z</time>
      </trkpt>
      <trkpt lat="51.740457" lon="11.025185">
        <ele>212.970371</ele>
        <time>2026-08-15T13:13:41.000Z</time>
      </trkpt>
      <trkpt lat="51.740367" lon="11.025122">
        <ele>211.820401</ele>
        <time>2026-08-15T13:13:52.000Z</time>
      </trkpt>
      <trkpt lat="51.740272" lon="11.025115">
        <ele>210.661943</ele>
        <time>2026-08-15T13:14:05.000Z</time>
      </trkpt>
      <trkpt lat="51.740181" lon="11.025103">
        <ele>209.549725</ele>
        <time>2026-08-15T13:14:17.000Z</time>
      </trkpt>
      <trkpt lat="51.740086" lon="11.025073">
        <ele>208.370553</ele>
        <time>2026-08-15T13:14:27.000Z</time>
      </trkpt>
      <trkpt lat="51.739995" lon="11.025091">
        <ele>207.253741</ele>
        <time>2026-08-15T13:14:41.000Z</time>
      </trkpt>
      <trkpt lat="51.739899" lon="11.025108">
        <ele>206.077295</ele>
        <time>2026-08-15T13:15:04.000Z</time>
      </trkpt>
      <trkpt lat="51.739804" lon="11.025120">
        <ele>204.916506</ele>
        <time>2026-08-15T13:15:13.000Z</time>
      </trkpt>
      <trkpt lat="51.739713" lon="11.025109">
        <ele>203.804877</ele>
        <time>2026-08-15T13:15:21.000Z</time>
      </trkpt>
      <trkpt lat="51.739618" lon="11.025089">
        <ele>202.637830</ele>
        <time>2026-08-15T13:15:30.000Z</time>
      </trkpt>
      <trkpt lat="51.739523" lon="11.025072">
        <ele>201.473493</ele>
        <time>2026-08-15T13:15:39.000Z</time>
      </trkpt>
      <trkpt lat="51.739425" lon="11.025044">
        <ele>200.261153</ele>
        <time>2026-08-15T13:15:48.000Z</time>
      </trkpt>
      <trkpt lat="51.739336" lon="11.025009">
        <ele>199.145305</ele>
        <time>2026-08-15T13:15:57.000Z</time>
      </trkpt>
      <trkpt lat="51.739250" lon="11.024959">
        <ele>198.031859</ele>
        <time>2026-08-15T13:16:06.000Z</time>
      </trkpt>
      <trkpt lat="51.739160" lon="11.024894">
        <ele>196.830864</ele>
        <time>2026-08-15T13:16:16.000Z</time>
      </trkpt>
      <trkpt lat="51.739074" lon="11.024829">
        <ele>195.674179</ele>
        <time>2026-08-15T13:16:24.000Z</time>
      </trkpt>
      <trkpt lat="51.738986" lon="11.024786">
        <ele>194.554196</ele>
        <time>2026-08-15T13:16:38.000Z</time>
      </trkpt>
      <trkpt lat="51.738893" lon="11.024770">
        <ele>193.414894</ele>
        <time>2026-08-15T13:16:47.000Z</time>
      </trkpt>
      <trkpt lat="51.738805" lon="11.024743">
        <ele>192.323734</ele>
        <time>2026-08-15T13:16:54.000Z</time>
      </trkpt>
      <trkpt lat="51.738709" lon="11.024770">
        <ele>191.136695</ele>
        <time>2026-08-15T13:17:03.000Z</time>
      </trkpt>
      <trkpt lat="51.738616" lon="11.024844">
        <ele>190.700635</ele>
        <time>2026-08-15T13:17:13.000Z</time>
      </trkpt>
      <trkpt lat="51.738524" lon="11.024825">
        <ele>190.704829</ele>
        <time>2026-08-15T13:17:26.999Z</time>
      </trkpt>
      <trkpt lat="51.738469" lon="11.024691">
        <ele>190.709330</ele>
        <time>2026-08-15T13:17:31.999Z</time>
      </trkpt>
      <trkpt lat="51.738400" lon="11.024587">
        <ele>190.713598</ele>
        <time>2026-08-15T13:17:38.999Z</time>
      </trkpt>
      <trkpt lat="51.738333" lon="11.024484">
        <ele>190.717781</ele>
        <time>2026-08-15T13:17:47.999Z</time>
      </trkpt>
      <trkpt lat="51.738252" lon="11.024395">
        <ele>190.722210</ele>
        <time>2026-08-15T13:17:55.999Z</time>
      </trkpt>
      <trkpt lat="51.738170" lon="11.024317">
        <ele>190.726513</ele>
        <time>2026-08-15T13:18:03.999Z</time>
      </trkpt>
      <trkpt lat="51.738092" lon="11.024231">
        <ele>190.730784</ele>
        <time>2026-08-15T13:18:11.999Z</time>
      </trkpt>
      <trkpt lat="51.738010" lon="11.024149">
        <ele>190.735145</ele>
        <time>2026-08-15T13:18:19.999Z</time>
      </trkpt>
      <trkpt lat="51.737929" lon="11.024069">
        <ele>190.739438</ele>
        <time>2026-08-15T13:18:28.999Z</time>
      </trkpt>
      <trkpt lat="51.737845" lon="11.023974">
        <ele>190.744075</ele>
        <time>2026-08-15T13:18:36.999Z</time>
      </trkpt>
      <trkpt lat="51.737766" lon="11.023881">
        <ele>190.748495</ele>
        <time>2026-08-15T13:18:44.999Z</time>
      </trkpt>
      <trkpt lat="51.737690" lon="11.023789">
        <ele>190.752790</ele>
        <time>2026-08-15T13:18:52.000Z</time>
      </trkpt>
      <trkpt lat="51.737600" lon="11.023753">
        <ele>190.756982</ele>
        <time>2026-08-15T13:18:58.000Z</time>
      </trkpt>
      <trkpt lat="51.737521" lon="11.023656">
        <ele>190.761469</ele>
        <time>2026-08-15T13:19:06.000Z</time>
      </trkpt>
      <trkpt lat="51.737435" lon="11.023610">
        <ele>190.765566</ele>
        <time>2026-08-15T13:19:14.000Z</time>
      </trkpt>
      <trkpt lat="51.737336" lon="11.023584">
        <ele>190.770101</ele>
        <time>2026-08-15T13:19:25.000Z</time>
      </trkpt>
      <trkpt lat="51.737247" lon="11.023544">
        <ele>190.774278</ele>
        <time>2026-08-15T13:19:31.999Z</time>
      </trkpt>
      <trkpt lat="51.737159" lon="11.023474">
        <ele>190.778713</ele>
        <time>2026-08-15T13:19:40.999Z</time>
      </trkpt>
      <trkpt lat="51.737065" lon="11.023439">
        <ele>190.923721</ele>
        <time>2026-08-15T13:19:49.999Z</time>
      </trkpt>
      <trkpt lat="51.736967" lon="11.023419">
        <ele>191.078757</ele>
        <time>2026-08-15T13:19:57.999Z</time>
      </trkpt>
      <trkpt lat="51.736870" lon="11.023378">
        <ele>191.236128</ele>
        <time>2026-08-15T13:20:04.999Z</time>
      </trkpt>
      <trkpt lat="51.736779" lon="11.023358">
        <ele>191.380270</ele>
        <time>2026-08-15T13:20:11.999Z</time>
      </trkpt>
      <trkpt lat="51.736687" lon="11.023338">
        <ele>191.525967</ele>
        <time>2026-08-15T13:20:20.999Z</time>
      </trkpt>
      <trkpt lat="51.736589" lon="11.023321">
        <ele>191.680664</ele>
        <time>2026-08-15T13:20:27.999Z</time>
      </trkpt>
      <trkpt lat="51.736497" lon="11.023313">
        <ele>191.825267</ele>
        <time>2026-08-15T13:20:35.999Z</time>
      </trkpt>
      <trkpt lat="51.736406" lon="11.023320">
        <ele>191.968254</ele>
        <time>2026-08-15T13:20:43.999Z</time>
      </trkpt>
      <trkpt lat="51.736311" lon="11.023306">
        <ele>192.117977</ele>
        <time>2026-08-15T13:20:51.999Z</time>
      </trkpt>
      <trkpt lat="51.736212" lon="11.023303">
        <ele>192.273386</ele>
        <time>2026-08-15T13:20:59.999Z</time>
      </trkpt>
      <trkpt lat="51.736116" lon="11.023301">
        <ele>192.424071</ele>
        <time>2026-08-15T13:21:07.999Z</time>
      </trkpt>
      <trkpt lat="51.736019" lon="11.023307">
        <ele>192.576425</ele>
        <time>2026-08-15T13:21:14.999Z</time>
      </trkpt>
      <trkpt lat="51.735912" lon="11.023297">
        <ele>192.744643</ele>
        <time>2026-08-15T13:21:23.999Z</time>
      </trkpt>
      <trkpt lat="51.735821" lon="11.023279">
        <ele>192.888536</ele>
        <time>2026-08-15T13:21:33.000Z</time>
      </trkpt>
      <trkpt lat="51.735721" lon="11.023265">
        <ele>193.046075</ele>
        <time>2026-08-15T13:21:40.999Z</time>
      </trkpt>
      <trkpt lat="51.735630" lon="11.023232">
        <ele>193.192458</ele>
        <time>2026-08-15T13:21:48.999Z</time>
      </trkpt>
      <trkpt lat="51.735537" lon="11.023167">
        <ele>193.351508</ele>
        <time>2026-08-15T13:21:56.999Z</time>
      </trkpt>
      <trkpt lat="51.735445" lon="11.023115">
        <ele>193.504493</ele>
        <time>2026-08-15T13:22:02.999Z</time>
      </trkpt>
      <trkpt lat="51.735411" lon="11.022966">
        <ele>193.652069</ele>
        <time>2026-08-15T13:22:10.999Z</time>
      </trkpt>
      <trkpt lat="51.735393" lon="11.022821">
        <ele>193.778726</ele>
        <time>2026-08-15T13:22:19.999Z</time>
      </trkpt>
      <trkpt lat="51.735364" lon="11.022674">
        <ele>193.910859</ele>
        <time>2026-08-15T13:22:26.999Z</time>
      </trkpt>
      <trkpt lat="51.735314" lon="11.022542">
        <ele>194.043383</ele>
        <time>2026-08-15T13:22:35.999Z</time>
      </trkpt>
      <trkpt lat="51.735249" lon="11.022427">
        <ele>194.176730</ele>
        <time>2026-08-15T13:22:43.999Z</time>
      </trkpt>
      <trkpt lat="51.735178" lon="11.022321">
        <ele>194.310459</ele>
        <time>2026-08-15T13:22:51.999Z</time>
      </trkpt>
      <trkpt lat="51.735107" lon="11.022208">
        <ele>194.448328</ele>
        <time>2026-08-15T13:23:00.999Z</time>
      </trkpt>
      <trkpt lat="51.735038" lon="11.022103">
        <ele>194.579450</ele>
        <time>2026-08-15T13:23:08.999Z</time>
      </trkpt>
      <trkpt lat="51.734964" lon="11.022003">
        <ele>194.712900</ele>
        <time>2026-08-15T13:23:15.999Z</time>
      </trkpt>
      <trkpt lat="51.734886" lon="11.021901">
        <ele>194.851709</ele>
        <time>2026-08-15T13:23:23.999Z</time>
      </trkpt>
      <trkpt lat="51.734811" lon="11.021817">
        <ele>194.977939</ele>
        <time>2026-08-15T13:23:30.999Z</time>
      </trkpt>
      <trkpt lat="51.734735" lon="11.021721">
        <ele>195.111384</ele>
        <time>2026-08-15T13:23:38.999Z</time>
      </trkpt>
      <trkpt lat="51.734654" lon="11.021623">
        <ele>195.251361</ele>
        <time>2026-08-15T13:23:47.999Z</time>
      </trkpt>
      <trkpt lat="51.734572" lon="11.021526">
        <ele>195.391939</ele>
        <time>2026-08-15T13:23:56.999Z</time>
      </trkpt>
      <trkpt lat="51.734493" lon="11.021442">
        <ele>195.522753</ele>
        <time>2026-08-15T13:24:04.999Z</time>
      </trkpt>
      <trkpt lat="51.734412" lon="11.021365">
        <ele>195.652745</ele>
        <time>2026-08-15T13:24:12.999Z</time>
      </trkpt>
      <trkpt lat="51.734336" lon="11.021281">
        <ele>195.780115</ele>
        <time>2026-08-15T13:24:20.999Z</time>
      </trkpt>
      <trkpt lat="51.734256" lon="11.021188">
        <ele>195.916442</ele>
        <time>2026-08-15T13:24:29.999Z</time>
      </trkpt>
      <trkpt lat="51.734179" lon="11.021103">
        <ele>196.045437</ele>
        <time>2026-08-15T13:24:36.999Z</time>
      </trkpt>
      <trkpt lat="51.734098" lon="11.021007">
        <ele>196.336012</ele>
        <time>2026-08-15T13:24:45.999Z</time>
      </trkpt>
      <trkpt lat="51.734032" lon="11.020895">
        <ele>196.679641</ele>
        <time>2026-08-15T13:24:53.999Z</time>
      </trkpt>
      <trkpt lat="51.733988" lon="11.020758">
        <ele>197.022662</ele>
        <time>2026-08-15T13:25:02.999Z</time>
      </trkpt>
      <trkpt lat="51.733946" lon="11.020604">
        <ele>197.396679</ele>
        <time>2026-08-15T13:25:10.999Z</time>
      </trkpt>
      <trkpt lat="51.733910" lon="11.020462">
        <ele>197.737725</ele>
        <time>2026-08-15T13:25:18.999Z</time>
      </trkpt>
      <trkpt lat="51.733891" lon="11.020301">
        <ele>198.102020</ele>
        <time>2026-08-15T13:25:26.999Z</time>
      </trkpt>
      <trkpt lat="51.733867" lon="11.020140">
        <ele>198.470096</ele>
        <time>2026-08-15T13:25:34.999Z</time>
      </trkpt>
      <trkpt lat="51.733855" lon="11.019995">
        <ele>198.795254</ele>
        <time>2026-08-15T13:25:41.999Z</time>
      </trkpt>
      <trkpt lat="51.733856" lon="11.019844">
        <ele>199.130902</ele>
        <time>2026-08-15T13:25:49.999Z</time>
      </trkpt>
      <trkpt lat="51.733830" lon="11.019703">
        <ele>199.457901</ele>
        <time>2026-08-15T13:25:57.999Z</time>
      </trkpt>
      <trkpt lat="51.733817" lon="11.019550">
        <ele>199.801162</ele>
        <time>2026-08-15T13:26:05.999Z</time>
      </trkpt>
      <trkpt lat="51.733823" lon="11.019392">
        <ele>200.153010</ele>
        <time>2026-08-15T13:26:13.999Z</time>
      </trkpt>
      <trkpt lat="51.733806" lon="11.019236">
        <ele>200.505080</ele>
        <time>2026-08-15T13:26:20.999Z</time>
      </trkpt>
      <trkpt lat="51.733797" lon="11.019085">
        <ele>200.842260</ele>
        <time>2026-08-15T13:26:29.999Z</time>
      </trkpt>
      <trkpt lat="51.733797" lon="11.018936">
        <ele>201.173444</ele>
        <time>2026-08-15T13:26:37.999Z</time>
      </trkpt>
      <trkpt lat="51.733815" lon="11.018781">
        <ele>201.523969</ele>
        <time>2026-08-15T13:26:45.999Z</time>
      </trkpt>
      <trkpt lat="51.733790" lon="11.018626">
        <ele>201.879981</ele>
        <time>2026-08-15T13:26:55.999Z</time>
      </trkpt>
      <trkpt lat="51.733767" lon="11.018465">
        <ele>202.247235</ele>
        <time>2026-08-15T13:27:04.999Z</time>
      </trkpt>
      <trkpt lat="51.733757" lon="11.018316">
        <ele>202.529916</ele>
        <time>2026-08-15T13:27:13.999Z</time>
      </trkpt>
      <trkpt lat="51.733746" lon="11.018163">
        <ele>202.388822</ele>
        <time>2026-08-15T13:27:20.999Z</time>
      </trkpt>
      <trkpt lat="51.733682" lon="11.018058">
        <ele>202.253870</ele>
        <time>2026-08-15T13:27:27.999Z</time>
      </trkpt>
      <trkpt lat="51.733646" lon="11.017906">
        <ele>202.104799</ele>
        <time>2026-08-15T13:27:36.999Z</time>
      </trkpt>
      <trkpt lat="51.733574" lon="11.017715">
        <ele>201.899974</ele>
        <time>2026-08-15T13:29:03.999Z</time>
      </trkpt>
      <trkpt lat="51.733570" lon="11.017861">
        <ele>201.766102</ele>
        <time>2026-08-15T13:30:31.999Z</time>
      </trkpt>
      <trkpt lat="51.733658" lon="11.017933">
        <ele>201.620185</ele>
        <time>2026-08-15T13:31:52.999Z</time>
      </trkpt>
      <trkpt lat="51.733682" lon="11.018075">
        <ele>201.485352</ele>
        <time>2026-08-15T13:32:01.999Z</time>
      </trkpt>
      <trkpt lat="51.733735" lon="11.018201">
        <ele>201.345827</ele>
        <time>2026-08-15T13:32:14.999Z</time>
      </trkpt>
      <trkpt lat="51.733779" lon="11.018338">
        <ele>201.204460</ele>
        <time>2026-08-15T13:32:23.999Z</time>
      </trkpt>
      <trkpt lat="51.733773" lon="11.018498">
        <ele>201.057627</ele>
        <time>2026-08-15T13:32:33.999Z</time>
      </trkpt>
      <trkpt lat="51.733785" lon="11.018643">
        <ele>200.923622</ele>
        <time>2026-08-15T13:32:40.999Z</time>
      </trkpt>
      <trkpt lat="51.733792" lon="11.018788">
        <ele>200.790394</ele>
        <time>2026-08-15T13:32:48.999Z</time>
      </trkpt>
      <trkpt lat="51.733790" lon="11.018934">
        <ele>200.656621</ele>
        <time>2026-08-15T13:32:56.999Z</time>
      </trkpt>
      <trkpt lat="51.733814" lon="11.019099">
        <ele>200.501364</ele>
        <time>2026-08-15T13:33:05.999Z</time>
      </trkpt>
      <trkpt lat="51.733818" lon="11.019258">
        <ele>200.355595</ele>
        <time>2026-08-15T13:33:14.999Z</time>
      </trkpt>
      <trkpt lat="51.733807" lon="11.019413">
        <ele>200.212681</ele>
        <time>2026-08-15T13:33:23.999Z</time>
      </trkpt>
      <trkpt lat="51.733817" lon="11.019560">
        <ele>200.077215</ele>
        <time>2026-08-15T13:33:32.999Z</time>
      </trkpt>
      <trkpt lat="51.733833" lon="11.019711">
        <ele>199.936885</ele>
        <time>2026-08-15T13:33:40.999Z</time>
      </trkpt>
      <trkpt lat="51.733838" lon="11.019867">
        <ele>199.750003</ele>
        <time>2026-08-15T13:33:47.999Z</time>
      </trkpt>
      <trkpt lat="51.733856" lon="11.020016">
        <ele>199.543636</ele>
        <time>2026-08-15T13:33:55.999Z</time>
      </trkpt>
      <trkpt lat="51.733873" lon="11.020180">
        <ele>199.317594</ele>
        <time>2026-08-15T13:34:04.999Z</time>
      </trkpt>
      <trkpt lat="51.733895" lon="11.020334">
        <ele>199.102751</ele>
        <time>2026-08-15T13:34:13.999Z</time>
      </trkpt>
      <trkpt lat="51.733910" lon="11.020487">
        <ele>198.892174</ele>
        <time>2026-08-15T13:34:22.999Z</time>
      </trkpt>
      <trkpt lat="51.733932" lon="11.020631">
        <ele>198.690553</ele>
        <time>2026-08-15T13:34:30.999Z</time>
      </trkpt>
      <trkpt lat="51.733991" lon="11.020764">
        <ele>198.468158</ele>
        <time>2026-08-15T13:34:38.999Z</time>
      </trkpt>
      <trkpt lat="51.734039" lon="11.020889">
        <ele>198.268221</ele>
        <time>2026-08-15T13:34:45.999Z</time>
      </trkpt>
      <trkpt lat="51.734099" lon="11.021000">
        <ele>198.067938</ele>
        <time>2026-08-15T13:34:54.999Z</time>
      </trkpt>
      <trkpt lat="51.734170" lon="11.021122">
        <ele>197.840359</ele>
        <time>2026-08-15T13:35:02.999Z</time>
      </trkpt>
      <trkpt lat="51.734259" lon="11.021191">
        <ele>197.623654</ele>
        <time>2026-08-15T13:35:10.999Z</time>
      </trkpt>
      <trkpt lat="51.734340" lon="11.021281">
        <ele>197.407832</ele>
        <time>2026-08-15T13:35:18.999Z</time>
      </trkpt>
      <trkpt lat="51.734425" lon="11.021373">
        <ele>197.183219</ele>
        <time>2026-08-15T13:35:27.999Z</time>
      </trkpt>
      <trkpt lat="51.734510" lon="11.021449">
        <ele>196.969951</ele>
        <time>2026-08-15T13:35:36.999Z</time>
      </trkpt>
      <trkpt lat="51.734584" lon="11.021535">
        <ele>196.769825</ele>
        <time>2026-08-15T13:35:46.999Z</time>
      </trkpt>
      <trkpt lat="51.734665" lon="11.021636">
        <ele>196.545189</ele>
        <time>2026-08-15T13:35:56.999Z</time>
      </trkpt>
      <trkpt lat="51.734741" lon="11.021725">
        <ele>196.339116</ele>
        <time>2026-08-15T13:36:03.999Z</time>
      </trkpt>
      <trkpt lat="51.734817" lon="11.021824">
        <ele>196.124781</ele>
        <time>2026-08-15T13:36:11.999Z</time>
      </trkpt>
      <trkpt lat="51.734890" lon="11.021909">
        <ele>195.933370</ele>
        <time>2026-08-15T13:36:18.000Z</time>
      </trkpt>
      <trkpt lat="51.734970" lon="11.022013">
        <ele>195.861306</ele>
        <time>2026-08-15T13:36:24.999Z</time>
      </trkpt>
      <trkpt lat="51.735040" lon="11.022115">
        <ele>195.795148</ele>
        <time>2026-08-15T13:36:31.999Z</time>
      </trkpt>
      <trkpt lat="51.735112" lon="11.022208">
        <ele>195.730454</ele>
        <time>2026-08-15T13:36:38.999Z</time>
      </trkpt>
      <trkpt lat="51.735174" lon="11.022316">
        <ele>195.666462</ele>
        <time>2026-08-15T13:36:47.999Z</time>
      </trkpt>
      <trkpt lat="51.735243" lon="11.022434">
        <ele>195.595942</ele>
        <time>2026-08-15T13:36:55.999Z</time>
      </trkpt>
      <trkpt lat="51.735311" lon="11.022564">
        <ele>195.521999</ele>
        <time>2026-08-15T13:37:04.999Z</time>
      </trkpt>
      <trkpt lat="51.735383" lon="11.022679">
        <ele>195.450941</ele>
        <time>2026-08-15T13:37:11.999Z</time>
      </trkpt>
      <trkpt lat="51.735415" lon="11.022825">
        <ele>195.383643</ele>
        <time>2026-08-15T13:37:18.999Z</time>
      </trkpt>
      <trkpt lat="51.735430" lon="11.022983">
        <ele>195.314185</ele>
        <time>2026-08-15T13:37:26.999Z</time>
      </trkpt>
      <trkpt lat="51.735478" lon="11.023112">
        <ele>195.248790</ele>
        <time>2026-08-15T13:37:35.999Z</time>
      </trkpt>
      <trkpt lat="51.735568" lon="11.023205">
        <ele>195.173817</ele>
        <time>2026-08-15T13:37:44.999Z</time>
      </trkpt>
      <trkpt lat="51.735659" lon="11.023220">
        <ele>195.109635</ele>
        <time>2026-08-15T13:37:51.999Z</time>
      </trkpt>
      <trkpt lat="51.735752" lon="11.023265">
        <ele>195.041514</ele>
        <time>2026-08-15T13:37:59.999Z</time>
      </trkpt>
      <trkpt lat="51.735850" lon="11.023295">
        <ele>194.971526</ele>
        <time>2026-08-15T13:38:06.000Z</time>
      </trkpt>
      <trkpt lat="51.735941" lon="11.023314">
        <ele>194.907144</ele>
        <time>2026-08-15T13:38:13.000Z</time>
      </trkpt>
      <trkpt lat="51.736038" lon="11.023322">
        <ele>194.838994</ele>
        <time>2026-08-15T13:38:23.000Z</time>
      </trkpt>
      <trkpt lat="51.736129" lon="11.023321">
        <ele>194.775142</ele>
        <time>2026-08-15T13:38:30.999Z</time>
      </trkpt>
      <trkpt lat="51.736220" lon="11.023314">
        <ele>194.711219</ele>
        <time>2026-08-15T13:38:41.999Z</time>
      </trkpt>
      <trkpt lat="51.736312" lon="11.023295">
        <ele>194.542054</ele>
        <time>2026-08-15T13:42:08.999Z</time>
      </trkpt>
      <trkpt lat="51.736406" lon="11.023312">
        <ele>194.229683</ele>
        <time>2026-08-15T13:42:16.999Z</time>
      </trkpt>
      <trkpt lat="51.736499" lon="11.023311">
        <ele>193.922548</ele>
        <time>2026-08-15T13:42:29.000Z</time>
      </trkpt>
      <trkpt lat="51.736589" lon="11.023329">
        <ele>193.623057</ele>
        <time>2026-08-15T13:42:37.999Z</time>
      </trkpt>
      <trkpt lat="51.736685" lon="11.023336">
        <ele>193.305699</ele>
        <time>2026-08-15T13:42:46.999Z</time>
      </trkpt>
      <trkpt lat="51.736788" lon="11.023360">
        <ele>192.962024</ele>
        <time>2026-08-15T13:42:55.999Z</time>
      </trkpt>
      <trkpt lat="51.736890" lon="11.023385">
        <ele>192.621316</ele>
        <time>2026-08-15T13:43:03.999Z</time>
      </trkpt>
      <trkpt lat="51.736993" lon="11.023417">
        <ele>192.274925</ele>
        <time>2026-08-15T13:43:12.999Z</time>
      </trkpt>
      <trkpt lat="51.737089" lon="11.023452">
        <ele>191.949910</ele>
        <time>2026-08-15T13:43:20.999Z</time>
      </trkpt>
      <trkpt lat="51.737178" lon="11.023507">
        <ele>191.635204</ele>
        <time>2026-08-15T13:43:27.999Z</time>
      </trkpt>
      <trkpt lat="51.737270" lon="11.023554">
        <ele>191.316537</ele>
        <time>2026-08-15T13:43:34.999Z</time>
      </trkpt>
      <trkpt lat="51.737365" lon="11.023605">
        <ele>190.985922</ele>
        <time>2026-08-15T13:43:43.999Z</time>
      </trkpt>
      <trkpt lat="51.737453" lon="11.023641">
        <ele>190.686125</ele>
        <time>2026-08-15T13:43:53.999Z</time>
      </trkpt>
      <trkpt lat="51.737541" lon="11.023698">
        <ele>190.373002</ele>
        <time>2026-08-15T13:44:00.999Z</time>
      </trkpt>
      <trkpt lat="51.737623" lon="11.023760">
        <ele>190.073987</ele>
        <time>2026-08-15T13:44:08.999Z</time>
      </trkpt>
      <trkpt lat="51.737707" lon="11.023838">
        <ele>189.753988</ele>
        <time>2026-08-15T13:44:17.999Z</time>
      </trkpt>
      <trkpt lat="51.737785" lon="11.023910">
        <ele>189.457282</ele>
        <time>2026-08-15T13:44:24.999Z</time>
      </trkpt>
      <trkpt lat="51.737870" lon="11.023990">
        <ele>189.132376</ele>
        <time>2026-08-15T13:44:33.999Z</time>
      </trkpt>
      <trkpt lat="51.737954" lon="11.024084">
        <ele>188.794872</ele>
        <time>2026-08-15T13:44:41.999Z</time>
      </trkpt>
      <trkpt lat="51.738032" lon="11.024173">
        <ele>188.483919</ele>
        <time>2026-08-15T13:44:49.999Z</time>
      </trkpt>
      <trkpt lat="51.738109" lon="11.024251">
        <ele>188.188985</ele>
        <time>2026-08-15T13:44:57.999Z</time>
      </trkpt>
      <trkpt lat="51.738185" lon="11.024328">
        <ele>187.897868</ele>
        <time>2026-08-15T13:45:05.999Z</time>
      </trkpt>
      <trkpt lat="51.738269" lon="11.024413">
        <ele>187.576220</ele>
        <time>2026-08-15T13:45:13.999Z</time>
      </trkpt>
      <trkpt lat="51.738337" lon="11.024510">
        <ele>187.281822</ele>
        <time>2026-08-15T13:45:20.999Z</time>
      </trkpt>
      <trkpt lat="51.738415" lon="11.024620">
        <ele>186.945807</ele>
        <time>2026-08-15T13:45:29.999Z</time>
      </trkpt>
      <trkpt lat="51.738472" lon="11.024739">
        <ele>186.643518</ele>
        <time>2026-08-15T13:45:38.999Z</time>
      </trkpt>
      <trkpt lat="51.738547" lon="11.024827">
        <ele>186.342708</ele>
        <time>2026-08-15T13:45:45.999Z</time>
      </trkpt>
      <trkpt lat="51.738618" lon="11.024920">
        <ele>186.046074</ele>
        <time>2026-08-15T13:45:52.999Z</time>
      </trkpt>
      <trkpt lat="51.738699" lon="11.025012">
        <ele>185.724752</ele>
        <time>2026-08-15T13:46:00.999Z</time>
      </trkpt>
      <trkpt lat="51.738772" lon="11.025128">
        <ele>185.392441</ele>
        <time>2026-08-15T13:46:09.999Z</time>
      </trkpt>
      <trkpt lat="51.738833" lon="11.025258">
        <ele>185.064713</ele>
        <time>2026-08-15T13:46:18.999Z</time>
      </trkpt>
      <trkpt lat="51.738877" lon="11.025396">
        <ele>184.752835</ele>
        <time>2026-08-15T13:46:28.999Z</time>
      </trkpt>
      <trkpt lat="51.738935" lon="11.025508">
        <ele>184.459474</ele>
        <time>2026-08-15T13:46:35.999Z</time>
      </trkpt>
      <trkpt lat="51.738995" lon="11.025617">
        <ele>184.166441</ele>
        <time>2026-08-15T13:46:42.999Z</time>
      </trkpt>
      <trkpt lat="51.739062" lon="11.025728">
        <ele>183.854987</ele>
        <time>2026-08-15T13:46:50.999Z</time>
      </trkpt>
      <trkpt lat="51.739129" lon="11.025827">
        <ele>183.560317</ele>
        <time>2026-08-15T13:46:58.999Z</time>
      </trkpt>
      <trkpt lat="51.739212" lon="11.025911">
        <ele>183.242487</ele>
        <time>2026-08-15T13:47:07.999Z</time>
      </trkpt>
      <trkpt lat="51.739295" lon="11.025974">
        <ele>182.944909</ele>
        <time>2026-08-15T13:47:16.999Z</time>
      </trkpt>
      <trkpt lat="51.739377" lon="11.026056">
        <ele>182.895242</ele>
        <time>2026-08-15T13:47:26.999Z</time>
      </trkpt>
      <trkpt lat="51.739463" lon="11.026120">
        <ele>182.891855</ele>
        <time>2026-08-15T13:47:33.999Z</time>
      </trkpt>
      <trkpt lat="51.739543" lon="11.026199">
        <ele>182.888501</ele>
        <time>2026-08-15T13:47:40.999Z</time>
      </trkpt>
      <trkpt lat="51.739609" lon="11.026324">
        <ele>182.884863</ele>
        <time>2026-08-15T13:47:48.999Z</time>
      </trkpt>
      <trkpt lat="51.739680" lon="11.026437">
        <ele>182.881298</ele>
        <time>2026-08-15T13:47:56.999Z</time>
      </trkpt>
      <trkpt lat="51.739751" lon="11.026538">
        <ele>182.877914</ele>
        <time>2026-08-15T13:48:04.999Z</time>
      </trkpt>
      <trkpt lat="51.739836" lon="11.026629">
        <ele>182.874266</ele>
        <time>2026-08-15T13:48:14.999Z</time>
      </trkpt>
      <trkpt lat="51.739931" lon="11.026657">
        <ele>182.870812</ele>
        <time>2026-08-15T13:48:21.999Z</time>
      </trkpt>
      <trkpt lat="51.740028" lon="11.026629">
        <ele>182.867288</ele>
        <time>2026-08-15T13:48:30.999Z</time>
      </trkpt>
      <trkpt lat="51.740116" lon="11.026581">
        <ele>182.863966</ele>
        <time>2026-08-15T13:48:37.999Z</time>
      </trkpt>
      <trkpt lat="51.740201" lon="11.026517">
        <ele>182.860612</ele>
        <time>2026-08-15T13:48:46.999Z</time>
      </trkpt>
      <trkpt lat="51.740286" lon="11.026441">
        <ele>182.857137</ele>
        <time>2026-08-15T13:48:54.999Z</time>
      </trkpt>
      <trkpt lat="51.740378" lon="11.026373">
        <ele>182.853518</ele>
        <time>2026-08-15T13:49:02.999Z</time>
      </trkpt>
      <trkpt lat="51.740465" lon="11.026303">
        <ele>182.850042</ele>
        <time>2026-08-15T13:49:10.999Z</time>
      </trkpt>
      <trkpt lat="51.740566" lon="11.026296">
        <ele>182.846426</ele>
        <time>2026-08-15T13:49:19.999Z</time>
      </trkpt>
      <trkpt lat="51.740663" lon="11.026324">
        <ele>182.842902</ele>
        <time>2026-08-15T13:49:26.999Z</time>
      </trkpt>
      <trkpt lat="51.740746" lon="11.026392">
        <ele>182.839573</ele>
        <time>2026-08-15T13:49:34.999Z</time>
      </trkpt>
      <trkpt lat="51.740834" lon="11.026463">
        <ele>182.836055</ele>
        <time>2026-08-15T13:49:42.999Z</time>
      </trkpt>
      <trkpt lat="51.740914" lon="11.026558">
        <ele>183.088942</ele>
        <time>2026-08-15T13:49:51.999Z</time>
      </trkpt>
      <trkpt lat="51.741005" lon="11.026567">
        <ele>183.708147</ele>
        <time>2026-08-15T13:49:59.999Z</time>
      </trkpt>
      <trkpt lat="51.741105" lon="11.026576">
        <ele>184.388373</ele>
        <time>2026-08-15T13:50:07.999Z</time>
      </trkpt>
      <trkpt lat="51.741197" lon="11.026610">
        <ele>185.029363</ele>
        <time>2026-08-15T13:50:16.999Z</time>
      </trkpt>
      <trkpt lat="51.741292" lon="11.026620">
        <ele>185.675946</ele>
        <time>2026-08-15T13:50:24.999Z</time>
      </trkpt>
      <trkpt lat="51.741385" lon="11.026623">
        <ele>186.307702</ele>
        <time>2026-08-15T13:50:31.999Z</time>
      </trkpt>
      <trkpt lat="51.741487" lon="11.026605">
        <ele>187.004582</ele>
        <time>2026-08-15T13:50:40.999Z</time>
      </trkpt>
      <trkpt lat="51.741583" lon="11.026575">
        <ele>187.668681</ele>
        <time>2026-08-15T13:50:48.999Z</time>
      </trkpt>
      <trkpt lat="51.741683" lon="11.026543">
        <ele>188.361058</ele>
        <time>2026-08-15T13:50:57.999Z</time>
      </trkpt>
      <trkpt lat="51.741683" lon="11.026394">
        <ele>188.987676</ele>
        <time>2026-08-15T13:51:13.999Z</time>
      </trkpt>
      <trkpt lat="51.741601" lon="11.026329">
        <ele>189.608067</ele>
        <time>2026-08-15T13:51:35.999Z</time>
      </trkpt>
      <trkpt lat="51.741690" lon="11.026297">
        <ele>190.227330</ele>
        <time>2026-08-15T13:51:39.071Z</time>
      </trkpt>
      <trkpt lat="51.741406" lon="11.026398">
        <ele>192.202394</ele>
        <time>2026-08-15T13:53:42.999Z</time>
      </trkpt>
      <trkpt lat="51.741191" lon="11.026386">
        <ele>193.663486</ele>
        <time>2026-08-15T13:54:54.999Z</time>
      </trkpt>
      <trkpt lat="51.741108" lon="11.026465">
        <ele>194.317821</ele>
        <time>2026-08-15T13:54:56.999Z</time>
      </trkpt>
      <trkpt lat="51.740981" lon="11.026492">
        <ele>195.820802</ele>
        <time>2026-08-15T13:54:59.999Z</time>
      </trkpt>
      <trkpt lat="51.740865" lon="11.026524">
        <ele>200.284032</ele>
        <time>2026-08-15T13:55:02.999Z</time>
      </trkpt>
      <trkpt lat="51.740755" lon="11.026561">
        <ele>204.545508</ele>
        <time>2026-08-15T13:55:05.999Z</time>
      </trkpt>
      <trkpt lat="51.740648" lon="11.026596">
        <ele>208.686081</ele>
        <time>2026-08-15T13:55:08.999Z</time>
      </trkpt>
      <trkpt lat="51.740541" lon="11.026630">
        <ele>212.822055</ele>
        <time>2026-08-15T13:55:11.999Z</time>
      </trkpt>
      <trkpt lat="51.740438" lon="11.026665">
        <ele>216.814054</ele>
        <time>2026-08-15T13:55:14.999Z</time>
      </trkpt>
      <trkpt lat="51.740338" lon="11.026699">
        <ele>220.689876</ele>
        <time>2026-08-15T13:55:17.999Z</time>
      </trkpt>
      <trkpt lat="51.740239" lon="11.026732">
        <ele>224.523776</ele>
        <time>2026-08-15T13:55:20.999Z</time>
      </trkpt>
      <trkpt lat="51.740131" lon="11.026766">
        <ele>228.696971</ele>
        <time>2026-08-15T13:55:23.999Z</time>
      </trkpt>
      <trkpt lat="51.740024" lon="11.026800">
        <ele>232.832948</ele>
        <time>2026-08-15T13:55:26.999Z</time>
      </trkpt>
      <trkpt lat="51.739917" lon="11.026837">
        <ele>236.983103</ele>
        <time>2026-08-15T13:55:29.999Z</time>
      </trkpt>
      <trkpt lat="51.739811" lon="11.026874">
        <ele>241.096180</ele>
        <time>2026-08-15T13:55:32.999Z</time>
      </trkpt>
      <trkpt lat="51.739706" lon="11.026910">
        <ele>245.167252</ele>
        <time>2026-08-15T13:55:35.999Z</time>
      </trkpt>
      <trkpt lat="51.739602" lon="11.026944">
        <ele>249.191650</ele>
        <time>2026-08-15T13:55:38.999Z</time>
      </trkpt>
      <trkpt lat="51.739497" lon="11.026977">
        <ele>253.248676</ele>
        <time>2026-08-15T13:55:41.999Z</time>
      </trkpt>
      <trkpt lat="51.739394" lon="11.027013">
        <ele>257.245581</ele>
        <time>2026-08-15T13:55:44.999Z</time>
      </trkpt>
      <trkpt lat="51.739289" lon="11.027046">
        <ele>261.302608</ele>
        <time>2026-08-15T13:55:47.999Z</time>
      </trkpt>
      <trkpt lat="51.739181" lon="11.027082">
        <ele>266.084564</ele>
        <time>2026-08-15T13:55:51.999Z</time>
      </trkpt>
      <trkpt lat="51.739075" lon="11.027117">
        <ele>271.296811</ele>
        <time>2026-08-15T13:55:54.999Z</time>
      </trkpt>
      <trkpt lat="51.738947" lon="11.027162">
        <ele>277.607702</ele>
        <time>2026-08-15T13:55:57.999Z</time>
      </trkpt>
      <trkpt lat="51.738843" lon="11.027195">
        <ele>282.713750</ele>
        <time>2026-08-15T13:56:00.999Z</time>
      </trkpt>
      <trkpt lat="51.738741" lon="11.027230">
        <ele>287.737351</ele>
        <time>2026-08-15T13:56:03.999Z</time>
      </trkpt>
      <trkpt lat="51.738640" lon="11.027267">
        <ele>292.726700</ele>
        <time>2026-08-15T13:56:06.999Z</time>
      </trkpt>
      <trkpt lat="51.738538" lon="11.027299">
        <ele>297.732465</ele>
        <time>2026-08-15T13:56:09.999Z</time>
      </trkpt>
      <trkpt lat="51.738436" lon="11.027334">
        <ele>302.756068</ele>
        <time>2026-08-15T13:56:12.999Z</time>
      </trkpt>
      <trkpt lat="51.738336" lon="11.027367">
        <ele>307.673173</ele>
        <time>2026-08-15T13:56:15.999Z</time>
      </trkpt>
      <trkpt lat="51.738235" lon="11.027402">
        <ele>312.649663</ele>
        <time>2026-08-15T13:56:18.999Z</time>
      </trkpt>
      <trkpt lat="51.738137" lon="11.027440">
        <ele>317.505053</ele>
        <time>2026-08-15T13:56:21.999Z</time>
      </trkpt>
      <trkpt lat="51.738038" lon="11.027475">
        <ele>322.387380</ele>
        <time>2026-08-15T13:56:24.999Z</time>
      </trkpt>
      <trkpt lat="51.737937" lon="11.027508">
        <ele>327.351696</ele>
        <time>2026-08-15T13:56:27.999Z</time>
      </trkpt>
      <trkpt lat="51.737838" lon="11.027539">
        <ele>332.209902</ele>
        <time>2026-08-15T13:56:30.999Z</time>
      </trkpt>
      <trkpt lat="51.737739" lon="11.027571">
        <ele>337.073875</ele>
        <time>2026-08-15T13:56:33.999Z</time>
      </trkpt>
      <trkpt lat="51.737638" lon="11.027606">
        <ele>342.050369</ele>
        <time>2026-08-15T13:56:36.999Z</time>
      </trkpt>
      <trkpt lat="51.737540" lon="11.027634">
        <ele>346.844890</ele>
        <time>2026-08-15T13:56:39.999Z</time>
      </trkpt>
      <trkpt lat="51.737440" lon="11.027672">
        <ele>351.487606</ele>
        <time>2026-08-15T13:56:42.999Z</time>
      </trkpt>
      <trkpt lat="51.737342" lon="11.027702">
        <ele>355.508506</ele>
        <time>2026-08-15T13:56:45.999Z</time>
      </trkpt>
      <trkpt lat="51.737245" lon="11.027736">
        <ele>359.509793</ele>
        <time>2026-08-15T13:56:48.999Z</time>
      </trkpt>
      <trkpt lat="51.737147" lon="11.027773">
        <ele>363.566875</ele>
        <time>2026-08-15T13:56:51.999Z</time>
      </trkpt>
      <trkpt lat="51.737049" lon="11.027804">
        <ele>367.592500</ele>
        <time>2026-08-15T13:56:54.999Z</time>
      </trkpt>
      <trkpt lat="51.736951" lon="11.027835">
        <ele>371.618126</ele>
        <time>2026-08-15T13:56:57.999Z</time>
      </trkpt>
      <trkpt lat="51.736856" lon="11.027871">
        <ele>375.551768</ele>
        <time>2026-08-15T13:57:00.999Z</time>
      </trkpt>
      <trkpt lat="51.736760" lon="11.027902">
        <ele>379.498305</ele>
        <time>2026-08-15T13:57:03.999Z</time>
      </trkpt>
      <trkpt lat="51.736664" lon="11.027929">
        <ele>383.426482</ele>
        <time>2026-08-15T13:57:06.999Z</time>
      </trkpt>
      <trkpt lat="51.736572" lon="11.027967">
        <ele>387.254556</ele>
        <time>2026-08-15T13:57:09.999Z</time>
      </trkpt>
      <trkpt lat="51.736472" lon="11.028005">
        <ele>391.395835</ele>
        <time>2026-08-15T13:57:12.999Z</time>
      </trkpt>
      <trkpt lat="51.736364" lon="11.028043">
        <ele>395.851645</ele>
        <time>2026-08-15T13:57:15.999Z</time>
      </trkpt>
      <trkpt lat="51.736252" lon="11.028079">
        <ele>400.455126</ele>
        <time>2026-08-15T13:57:18.999Z</time>
      </trkpt>
      <trkpt lat="51.736142" lon="11.028117">
        <ele>404.989745</ele>
        <time>2026-08-15T13:57:21.999Z</time>
      </trkpt>
      <trkpt lat="51.736037" lon="11.028155">
        <ele>409.327471</ele>
        <time>2026-08-15T13:57:24.999Z</time>
      </trkpt>
      <trkpt lat="51.735928" lon="11.028191">
        <ele>413.812408</ele>
        <time>2026-08-15T13:57:27.999Z</time>
      </trkpt>
      <trkpt lat="51.735822" lon="11.028228">
        <ele>418.184136</ele>
        <time>2026-08-15T13:57:30.999Z</time>
      </trkpt>
      <trkpt lat="51.735715" lon="11.028265">
        <ele>422.450636</ele>
        <time>2026-08-15T13:57:33.999Z</time>
      </trkpt>
      <trkpt lat="51.735608" lon="11.028302">
        <ele>423.156161</ele>
        <time>2026-08-15T13:57:36.999Z</time>
      </trkpt>
      <trkpt lat="51.735502" lon="11.028339">
        <ele>423.855382</ele>
        <time>2026-08-15T13:57:39.999Z</time>
      </trkpt>
      <trkpt lat="51.735390" lon="11.028374">
        <ele>424.590901</ele>
        <time>2026-08-15T13:57:42.999Z</time>
      </trkpt>
      <trkpt lat="51.735281" lon="11.028410">
        <ele>425.308229</ele>
        <time>2026-08-15T13:57:45.999Z</time>
      </trkpt>
      <trkpt lat="51.735180" lon="11.028480">
        <ele>426.016877</ele>
        <time>2026-08-15T13:57:48.999Z</time>
      </trkpt>
      <trkpt lat="51.735083" lon="11.028483">
        <ele>426.642400</ele>
        <time>2026-08-15T13:58:06.999Z</time>
      </trkpt>
      <trkpt lat="51.734991" lon="11.028473">
        <ele>427.236912</ele>
        <time>2026-08-15T13:58:19.999Z</time>
      </trkpt>
      <trkpt lat="51.734930" lon="11.028353">
        <ele>427.856808</ele>
        <time>2026-08-15T13:58:41.999Z</time>
      </trkpt>
      <trkpt lat="51.734831" lon="11.028332">
        <ele>428.500595</ele>
        <time>2026-08-15T13:58:50.999Z</time>
      </trkpt>
      <trkpt lat="51.734753" lon="11.028415">
        <ele>429.102882</ele>
        <time>2026-08-15T13:58:59.999Z</time>
      </trkpt>
      <trkpt lat="51.734663" lon="11.028495">
        <ele>429.765272</ele>
        <time>2026-08-15T13:59:08.000Z</time>
      </trkpt>
      <trkpt lat="51.734599" lon="11.028606">
        <ele>430.370842</ele>
        <time>2026-08-15T13:59:16.000Z</time>
      </trkpt>
      <trkpt lat="51.734539" lon="11.028714">
        <ele>430.950171</ele>
        <time>2026-08-15T13:59:23.000Z</time>
      </trkpt>
      <trkpt lat="51.734467" lon="11.028820">
        <ele>431.578380</ele>
        <time>2026-08-15T13:59:32.000Z</time>
      </trkpt>
      <trkpt lat="51.734393" lon="11.028905">
        <ele>432.163900</ele>
        <time>2026-08-15T13:59:40.000Z</time>
      </trkpt>
      <trkpt lat="51.734305" lon="11.028881">
        <ele>432.739317</ele>
        <time>2026-08-15T13:59:49.000Z</time>
      </trkpt>
      <trkpt lat="51.734214" lon="11.028812">
        <ele>433.387509</ele>
        <time>2026-08-15T14:00:00.000Z</time>
      </trkpt>
      <trkpt lat="51.734135" lon="11.028739">
        <ele>433.974371</ele>
        <time>2026-08-15T14:00:06.000Z</time>
      </trkpt>
      <trkpt lat="51.734054" lon="11.028676">
        <ele>434.698912</ele>
        <time>2026-08-15T14:00:15.000Z</time>
      </trkpt>
      <trkpt lat="51.733962" lon="11.028620">
        <ele>435.504738</ele>
        <time>2026-08-15T14:00:24.000Z</time>
      </trkpt>
      <trkpt lat="51.733929" lon="11.028482">
        <ele>436.255612</ele>
        <time>2026-08-15T14:00:41.000Z</time>
      </trkpt>
      <trkpt lat="51.733831" lon="11.028423">
        <ele>437.112831</ele>
        <time>2026-08-15T14:00:53.000Z</time>
      </trkpt>
      <trkpt lat="51.733811" lon="11.028264">
        <ele>437.936376</ele>
        <time>2026-08-15T14:00:59.000Z</time>
      </trkpt>
      <trkpt lat="51.733765" lon="11.028127">
        <ele>438.727399</ele>
        <time>2026-08-15T14:01:11.000Z</time>
      </trkpt>
      <trkpt lat="51.733690" lon="11.028045">
        <ele>439.469757</ele>
        <time>2026-08-15T14:01:22.000Z</time>
      </trkpt>
      <trkpt lat="51.733649" lon="11.027903">
        <ele>440.265018</ele>
        <time>2026-08-15T14:01:33.000Z</time>
      </trkpt>
      <trkpt lat="51.733571" lon="11.027813">
        <ele>441.050754</ele>
        <time>2026-08-15T14:01:47.000Z</time>
      </trkpt>
      <trkpt lat="51.733526" lon="11.027683">
        <ele>441.806701</ele>
        <time>2026-08-15T14:01:55.000Z</time>
      </trkpt>
      <trkpt lat="51.733442" lon="11.027604">
        <ele>442.603431</ele>
        <time>2026-08-15T14:02:07.000Z</time>
      </trkpt>
      <trkpt lat="51.733390" lon="11.027477">
        <ele>443.376220</ele>
        <time>2026-08-15T14:02:15.000Z</time>
      </trkpt>
      <trkpt lat="51.733310" lon="11.027381">
        <ele>444.193144</ele>
        <time>2026-08-15T14:02:26.000Z</time>
      </trkpt>
      <trkpt lat="51.733284" lon="11.027231">
        <ele>444.983794</ele>
        <time>2026-08-15T14:02:34.000Z</time>
      </trkpt>
      <trkpt lat="51.733222" lon="11.027126">
        <ele>445.720190</ele>
        <time>2026-08-15T14:02:42.000Z</time>
      </trkpt>
      <trkpt lat="51.733171" lon="11.027003">
        <ele>446.471538</ele>
        <time>2026-08-15T14:02:51.000Z</time>
      </trkpt>
      <trkpt lat="51.733126" lon="11.026863">
        <ele>447.272181</ele>
        <time>2026-08-15T14:03:00.000Z</time>
      </trkpt>
      <trkpt lat="51.733102" lon="11.026711">
        <ele>448.068408</ele>
        <time>2026-08-15T14:03:09.000Z</time>
      </trkpt>
      <trkpt lat="51.733067" lon="11.026563">
        <ele>448.782791</ele>
        <time>2026-08-15T14:03:17.000Z</time>
      </trkpt>
      <trkpt lat="51.733025" lon="11.026426">
        <ele>448.931682</ele>
        <time>2026-08-15T14:03:25.000Z</time>
      </trkpt>
      <trkpt lat="51.732986" lon="11.026278">
        <ele>449.088340</ele>
        <time>2026-08-15T14:03:34.000Z</time>
      </trkpt>
      <trkpt lat="51.732919" lon="11.026181">
        <ele>449.229864</ele>
        <time>2026-08-15T14:03:43.000Z</time>
      </trkpt>
      <trkpt lat="51.732848" lon="11.026082">
        <ele>449.377397</ele>
        <time>2026-08-15T14:03:52.000Z</time>
      </trkpt>
      <trkpt lat="51.732779" lon="11.025979">
        <ele>449.525181</ele>
        <time>2026-08-15T14:04:00.000Z</time>
      </trkpt>
      <trkpt lat="51.732777" lon="11.025758">
        <ele>449.740460</ele>
        <time>2026-08-15T14:04:41.000Z</time>
      </trkpt>
      <trkpt lat="51.732763" lon="11.025603">
        <ele>449.893028</ele>
        <time>2026-08-15T14:04:55.000Z</time>
      </trkpt>
      <trkpt lat="51.732779" lon="11.025766">
        <ele>450.053773</ele>
        <time>2026-08-15T14:05:44.000Z</time>
      </trkpt>
      <trkpt lat="51.732771" lon="11.025920">
        <ele>450.204296</ele>
        <time>2026-08-15T14:06:09.000Z</time>
      </trkpt>
      <trkpt lat="51.732773" lon="11.025767">
        <ele>450.353353</ele>
        <time>2026-08-15T14:19:56.999Z</time>
      </trkpt>
      <trkpt lat="51.732823" lon="11.025638">
        <ele>450.501577</ele>
        <time>2026-08-15T14:20:05.999Z</time>
      </trkpt>
      <trkpt lat="51.732897" lon="11.025541">
        <ele>450.651477</ele>
        <time>2026-08-15T14:20:15.999Z</time>
      </trkpt>
      <trkpt lat="51.732940" lon="11.025400">
        <ele>450.804559</ele>
        <time>2026-08-15T14:20:24.999Z</time>
      </trkpt>
      <trkpt lat="51.733005" lon="11.025295">
        <ele>450.949158</ele>
        <time>2026-08-15T14:20:32.999Z</time>
      </trkpt>
      <trkpt lat="51.733030" lon="11.025138">
        <ele>451.107050</ele>
        <time>2026-08-15T14:20:42.000Z</time>
      </trkpt>
      <trkpt lat="51.733105" lon="11.025036">
        <ele>451.261265</ele>
        <time>2026-08-15T14:21:06.999Z</time>
      </trkpt>
      <trkpt lat="51.733154" lon="11.024898">
        <ele>451.416201</ele>
        <time>2026-08-15T14:21:14.999Z</time>
      </trkpt>
      <trkpt lat="51.733181" lon="11.024757">
        <ele>451.559949</ele>
        <time>2026-08-15T14:21:23.999Z</time>
      </trkpt>
      <trkpt lat="51.733188" lon="11.024593">
        <ele>451.461660</ele>
        <time>2026-08-15T14:21:33.999Z</time>
      </trkpt>
      <trkpt lat="51.733214" lon="11.024453">
        <ele>451.320832</ele>
        <time>2026-08-15T14:21:58.999Z</time>
      </trkpt>
      <trkpt lat="51.733207" lon="11.024601">
        <ele>451.177816</ele>
        <time>2026-08-15T14:26:08.000Z</time>
      </trkpt>
      <trkpt lat="51.733155" lon="11.024802">
        <ele>450.967929</ele>
        <time>2026-08-15T14:26:49.000Z</time>
      </trkpt>
      <trkpt lat="51.733140" lon="11.024950">
        <ele>450.823431</ele>
        <time>2026-08-15T14:26:57.000Z</time>
      </trkpt>
      <trkpt lat="51.733099" lon="11.025087">
        <ele>450.676824</ele>
        <time>2026-08-15T14:27:06.000Z</time>
      </trkpt>
      <trkpt lat="51.733046" lon="11.025207">
        <ele>450.534811</ele>
        <time>2026-08-15T14:27:14.000Z</time>
      </trkpt>
      <trkpt lat="51.732988" lon="11.025332">
        <ele>450.384317</ele>
        <time>2026-08-15T14:27:25.000Z</time>
      </trkpt>
      <trkpt lat="51.732960" lon="11.025473">
        <ele>450.241647</ele>
        <time>2026-08-15T14:27:36.000Z</time>
      </trkpt>
      <trkpt lat="51.732936" lon="11.025699">
        <ele>450.020711</ele>
        <time>2026-08-15T14:28:22.000Z</time>
      </trkpt>
      <trkpt lat="51.732896" lon="11.025831">
        <ele>449.879116</ele>
        <time>2026-08-15T14:28:33.000Z</time>
      </trkpt>
      <trkpt lat="51.732936" lon="11.025968">
        <ele>449.733179</ele>
        <time>2026-08-15T14:28:43.000Z</time>
      </trkpt>
      <trkpt lat="51.733005" lon="11.026081">
        <ele>449.580280</ele>
        <time>2026-08-15T14:28:47.000Z</time>
      </trkpt>
      <trkpt lat="51.733054" lon="11.026209">
        <ele>449.435290</ele>
        <time>2026-08-15T14:28:53.000Z</time>
      </trkpt>
      <trkpt lat="51.733015" lon="11.026350">
        <ele>449.286499</ele>
        <time>2026-08-15T14:29:03.000Z</time>
      </trkpt>
      <trkpt lat="51.733038" lon="11.026492">
        <ele>449.145076</ele>
        <time>2026-08-15T14:29:13.000Z</time>
      </trkpt>
      <trkpt lat="51.733080" lon="11.026643">
        <ele>448.985584</ele>
        <time>2026-08-15T14:29:23.000Z</time>
      </trkpt>
      <trkpt lat="51.733120" lon="11.026794">
        <ele>448.827342</ele>
        <time>2026-08-15T14:29:32.000Z</time>
      </trkpt>
      <trkpt lat="51.733159" lon="11.026940">
        <ele>448.117724</ele>
        <time>2026-08-15T14:29:41.000Z</time>
      </trkpt>
      <trkpt lat="51.733198" lon="11.027083">
        <ele>447.255769</ele>
        <time>2026-08-15T14:29:49.000Z</time>
      </trkpt>
      <trkpt lat="51.733270" lon="11.027193">
        <ele>446.372869</ele>
        <time>2026-08-15T14:29:59.000Z</time>
      </trkpt>
      <trkpt lat="51.733293" lon="11.027336">
        <ele>445.557848</ele>
        <time>2026-08-15T14:30:10.000Z</time>
      </trkpt>
      <trkpt lat="51.733371" lon="11.027442">
        <ele>444.649761</ele>
        <time>2026-08-15T14:30:23.000Z</time>
      </trkpt>
      <trkpt lat="51.733428" lon="11.027568">
        <ele>443.789008</ele>
        <time>2026-08-15T14:30:36.000Z</time>
      </trkpt>
      <trkpt lat="51.733501" lon="11.027674">
        <ele>442.914526</ele>
        <time>2026-08-15T14:30:48.000Z</time>
      </trkpt>
      <trkpt lat="51.733549" lon="11.027797">
        <ele>442.112537</ele>
        <time>2026-08-15T14:30:59.000Z</time>
      </trkpt>
      <trkpt lat="51.733610" lon="11.027910">
        <ele>441.285620</ele>
        <time>2026-08-15T14:31:10.000Z</time>
      </trkpt>
      <trkpt lat="51.733679" lon="11.028010">
        <ele>440.459763</ele>
        <time>2026-08-15T14:31:20.000Z</time>
      </trkpt>
      <trkpt lat="51.733758" lon="11.028101">
        <ele>439.595385</ele>
        <time>2026-08-15T14:31:30.999Z</time>
      </trkpt>
      <trkpt lat="51.733807" lon="11.028244">
        <ele>438.693849</ele>
        <time>2026-08-15T14:31:38.999Z</time>
      </trkpt>
      <trkpt lat="51.733884" lon="11.028349">
        <ele>437.796132</ele>
        <time>2026-08-15T14:31:47.999Z</time>
      </trkpt>
      <trkpt lat="51.733955" lon="11.028443">
        <ele>436.978311</ele>
        <time>2026-08-15T14:31:54.999Z</time>
      </trkpt>
      <trkpt lat="51.734018" lon="11.028562">
        <ele>436.114703</ele>
        <time>2026-08-15T14:32:02.999Z</time>
      </trkpt>
      <trkpt lat="51.734094" lon="11.028640">
        <ele>435.312582</ele>
        <time>2026-08-15T14:32:09.999Z</time>
      </trkpt>
      <trkpt lat="51.734180" lon="11.028723">
        <ele>434.420157</ele>
        <time>2026-08-15T14:32:18.000Z</time>
      </trkpt>
      <trkpt lat="51.734268" lon="11.028784">
        <ele>433.567145</ele>
        <time>2026-08-15T14:32:26.000Z</time>
      </trkpt>
      <trkpt lat="51.734362" lon="11.028809">
        <ele>432.754676</ele>
        <time>2026-08-15T14:32:37.000Z</time>
      </trkpt>
      <trkpt lat="51.734450" lon="11.028839">
        <ele>432.505603</ele>
        <time>2026-08-15T14:32:48.000Z</time>
      </trkpt>
      <trkpt lat="51.734548" lon="11.028791">
        <ele>432.221997</ele>
        <time>2026-08-15T14:32:55.000Z</time>
      </trkpt>
      <trkpt lat="51.734640" lon="11.028830">
        <ele>431.958585</ele>
        <time>2026-08-15T14:33:03.000Z</time>
      </trkpt>
      <trkpt lat="51.734727" lon="11.028885">
        <ele>431.699846</ele>
        <time>2026-08-15T14:33:11.000Z</time>
      </trkpt>
      <trkpt lat="51.734818" lon="11.028934">
        <ele>431.434194</ele>
        <time>2026-08-15T14:33:20.000Z</time>
      </trkpt>
      <trkpt lat="51.734908" lon="11.028963">
        <ele>431.180040</ele>
        <time>2026-08-15T14:33:27.999Z</time>
      </trkpt>
      <trkpt lat="51.735006" lon="11.028961">
        <ele>430.908624</ele>
        <time>2026-08-15T14:33:36.999Z</time>
      </trkpt>
      <trkpt lat="51.735097" lon="11.028928">
        <ele>430.650338</ele>
        <time>2026-08-15T14:33:44.999Z</time>
      </trkpt>
      <trkpt lat="51.735177" lon="11.028861">
        <ele>430.400765</ele>
        <time>2026-08-15T14:33:51.999Z</time>
      </trkpt>
      <trkpt lat="51.735253" lon="11.028779">
        <ele>430.147635</ele>
        <time>2026-08-15T14:33:58.999Z</time>
      </trkpt>
      <trkpt lat="51.735339" lon="11.028695">
        <ele>429.869291</ele>
        <time>2026-08-15T14:34:06.999Z</time>
      </trkpt>
      <trkpt lat="51.735421" lon="11.028627">
        <ele>429.614010</ele>
        <time>2026-08-15T14:34:16.999Z</time>
      </trkpt>
      <trkpt lat="51.735433" lon="11.028469">
        <ele>429.341006</ele>
        <time>2026-08-15T14:34:25.999Z</time>
      </trkpt>
      <trkpt lat="51.735510" lon="11.028388">
        <ele>429.086509</ele>
        <time>2026-08-15T14:34:33.999Z</time>
      </trkpt>
      <trkpt lat="51.735598" lon="11.028323">
        <ele>428.818521</ele>
        <time>2026-08-15T14:34:45.999Z</time>
      </trkpt>
      <trkpt lat="51.735504" lon="11.028415">
        <ele>428.514120</ele>
        <time>2026-08-15T14:38:29.999Z</time>
      </trkpt>
      <trkpt lat="51.735432" lon="11.028523">
        <ele>428.241972</ele>
        <time>2026-08-15T14:38:39.999Z</time>
      </trkpt>
      <trkpt lat="51.735385" lon="11.028647">
        <ele>427.992639</ele>
        <time>2026-08-15T14:38:47.999Z</time>
      </trkpt>
      <trkpt lat="51.735320" lon="11.028752">
        <ele>427.595305</ele>
        <time>2026-08-15T14:38:57.999Z</time>
      </trkpt>
      <trkpt lat="51.735247" lon="11.028838">
        <ele>426.656968</ele>
        <time>2026-08-15T14:39:06.999Z</time>
      </trkpt>
      <trkpt lat="51.735160" lon="11.028904">
        <ele>425.658823</ele>
        <time>2026-08-15T14:39:16.999Z</time>
      </trkpt>
      <trkpt lat="51.735076" lon="11.028961">
        <ele>424.712673</ele>
        <time>2026-08-15T14:39:25.999Z</time>
      </trkpt>
      <trkpt lat="51.734990" lon="11.028866">
        <ele>423.630671</ele>
        <time>2026-08-15T14:39:40.999Z</time>
      </trkpt>
      <trkpt lat="51.735011" lon="11.028718">
        <ele>422.654247</ele>
        <time>2026-08-15T14:40:27.999Z</time>
      </trkpt>
      <trkpt lat="51.735102" lon="11.028707">
        <ele>421.706656</ele>
        <time>2026-08-15T14:40:31.999Z</time>
      </trkpt>
      <trkpt lat="51.735198" lon="11.028697">
        <ele>420.707717</ele>
        <time>2026-08-15T14:41:05.999Z</time>
      </trkpt>
      <trkpt lat="51.735293" lon="11.028637">
        <ele>419.648460</ele>
        <time>2026-08-15T14:41:07.999Z</time>
      </trkpt>
      <trkpt lat="51.735418" lon="11.028598">
        <ele>418.326448</ele>
        <time>2026-08-15T14:41:10.999Z</time>
      </trkpt>
      <trkpt lat="51.735517" lon="11.028520">
        <ele>417.182584</ele>
        <time>2026-08-15T14:41:13.999Z</time>
      </trkpt>
      <trkpt lat="51.735634" lon="11.028413">
        <ele>415.786330</ele>
        <time>2026-08-15T14:41:16.999Z</time>
      </trkpt>
      <trkpt lat="51.735713" lon="11.028321">
        <ele>414.774906</ele>
        <time>2026-08-15T14:41:18.999Z</time>
      </trkpt>
      <trkpt lat="51.735826" lon="11.028294">
        <ele>413.588734</ele>
        <time>2026-08-15T14:41:21.999Z</time>
      </trkpt>
      <trkpt lat="51.735936" lon="11.028257">
        <ele>412.421972</ele>
        <time>2026-08-15T14:41:24.999Z</time>
      </trkpt>
      <trkpt lat="51.736049" lon="11.028221">
        <ele>411.225957</ele>
        <time>2026-08-15T14:41:27.999Z</time>
      </trkpt>
      <trkpt lat="51.736157" lon="11.028182">
        <ele>410.076781</ele>
        <time>2026-08-15T14:41:30.999Z</time>
      </trkpt>
      <trkpt lat="51.736266" lon="11.028148">
        <ele>408.241548</ele>
        <time>2026-08-15T14:41:33.999Z</time>
      </trkpt>
      <trkpt lat="51.736376" lon="11.028108">
        <ele>402.837556</ele>
        <time>2026-08-15T14:41:36.999Z</time>
      </trkpt>
      <trkpt lat="51.736485" lon="11.028067">
        <ele>397.473655</ele>
        <time>2026-08-15T14:41:39.999Z</time>
      </trkpt>
      <trkpt lat="51.736594" lon="11.028027">
        <ele>392.116411</ele>
        <time>2026-08-15T14:41:42.999Z</time>
      </trkpt>
      <trkpt lat="51.736685" lon="11.027996">
        <ele>387.659059</ele>
        <time>2026-08-15T14:41:45.999Z</time>
      </trkpt>
      <trkpt lat="51.736783" lon="11.027968">
        <ele>382.889261</ele>
        <time>2026-08-15T14:41:48.999Z</time>
      </trkpt>
      <trkpt lat="51.736878" lon="11.027934">
        <ele>378.225709</ele>
        <time>2026-08-15T14:41:51.999Z</time>
      </trkpt>
      <trkpt lat="51.736978" lon="11.027898">
        <ele>373.315352</ele>
        <time>2026-08-15T14:41:54.999Z</time>
      </trkpt>
      <trkpt lat="51.737075" lon="11.027870">
        <ele>368.592741</ele>
        <time>2026-08-15T14:41:57.999Z</time>
      </trkpt>
      <trkpt lat="51.737173" lon="11.027836">
        <ele>363.788715</ele>
        <time>2026-08-15T14:42:00.999Z</time>
      </trkpt>
      <trkpt lat="51.737273" lon="11.027808">
        <ele>358.924502</ele>
        <time>2026-08-15T14:42:03.999Z</time>
      </trkpt>
      <trkpt lat="51.737371" lon="11.027772">
        <ele>354.107659</ele>
        <time>2026-08-15T14:42:06.999Z</time>
      </trkpt>
      <trkpt lat="51.737469" lon="11.027733">
        <ele>349.270287</ele>
        <time>2026-08-15T14:42:09.999Z</time>
      </trkpt>
      <trkpt lat="51.737568" lon="11.027707">
        <ele>344.463174</ele>
        <time>2026-08-15T14:42:12.999Z</time>
      </trkpt>
      <trkpt lat="51.737667" lon="11.027672">
        <ele>339.606022</ele>
        <time>2026-08-15T14:42:15.999Z</time>
      </trkpt>
      <trkpt lat="51.737766" lon="11.027637">
        <ele>334.748871</ele>
        <time>2026-08-15T14:42:18.999Z</time>
      </trkpt>
      <trkpt lat="51.737867" lon="11.027606">
        <ele>329.821583</ele>
        <time>2026-08-15T14:42:21.999Z</time>
      </trkpt>
      <trkpt lat="51.737966" lon="11.027566">
        <ele>324.930547</ele>
        <time>2026-08-15T14:42:24.999Z</time>
      </trkpt>
      <trkpt lat="51.738068" lon="11.027537">
        <ele>320.159600</ele>
        <time>2026-08-15T14:42:27.999Z</time>
      </trkpt>
      <trkpt lat="51.738168" lon="11.027498">
        <ele>315.552173</ele>
        <time>2026-08-15T14:42:30.999Z</time>
      </trkpt>
      <trkpt lat="51.738267" lon="11.027465">
        <ele>311.024820</ele>
        <time>2026-08-15T14:42:33.999Z</time>
      </trkpt>
      <trkpt lat="51.738370" lon="11.027432">
        <ele>306.321880</ele>
        <time>2026-08-15T14:42:36.999Z</time>
      </trkpt>
      <trkpt lat="51.738470" lon="11.027391">
        <ele>301.701119</ele>
        <time>2026-08-15T14:42:39.999Z</time>
      </trkpt>
      <trkpt lat="51.738571" lon="11.027358">
        <ele>297.086007</ele>
        <time>2026-08-15T14:42:42.999Z</time>
      </trkpt>
      <trkpt lat="51.738672" lon="11.027319">
        <ele>292.435036</ele>
        <time>2026-08-15T14:42:45.999Z</time>
      </trkpt>
      <trkpt lat="51.738774" lon="11.027290">
        <ele>287.796537</ele>
        <time>2026-08-15T14:42:48.999Z</time>
      </trkpt>
      <trkpt lat="51.738873" lon="11.027256">
        <ele>283.263499</ele>
        <time>2026-08-15T14:42:51.999Z</time>
      </trkpt>
      <trkpt lat="51.738971" lon="11.027217">
        <ele>278.743098</ele>
        <time>2026-08-15T14:42:54.999Z</time>
      </trkpt>
      <trkpt lat="51.739080" lon="11.027183">
        <ele>273.771118</ele>
        <time>2026-08-15T14:42:57.999Z</time>
      </trkpt>
      <trkpt lat="51.739182" lon="11.027143">
        <ele>269.070112</ele>
        <time>2026-08-15T14:43:00.999Z</time>
      </trkpt>
      <trkpt lat="51.739286" lon="11.027113">
        <ele>264.338575</ele>
        <time>2026-08-15T14:43:03.999Z</time>
      </trkpt>
      <trkpt lat="51.739390" lon="11.027080">
        <ele>259.591701</ele>
        <time>2026-08-15T14:43:06.999Z</time>
      </trkpt>
      <trkpt lat="51.739494" lon="11.027043">
        <ele>254.822196</ele>
        <time>2026-08-15T14:43:09.999Z</time>
      </trkpt>
      <trkpt lat="51.739598" lon="11.027011">
        <ele>250.080592</ele>
        <time>2026-08-15T14:43:12.999Z</time>
      </trkpt>
      <trkpt lat="51.739704" lon="11.026976">
        <ele>245.234990</ele>
        <time>2026-08-15T14:43:15.999Z</time>
      </trkpt>
      <trkpt lat="51.739809" lon="11.026942">
        <ele>241.003893</ele>
        <time>2026-08-15T14:43:18.999Z</time>
      </trkpt>
      <trkpt lat="51.739915" lon="11.026908">
        <ele>237.591896</ele>
        <time>2026-08-15T14:43:21.999Z</time>
      </trkpt>
      <trkpt lat="51.740020" lon="11.026873">
        <ele>234.206962</ele>
        <time>2026-08-15T14:43:24.999Z</time>
      </trkpt>
      <trkpt lat="51.740126" lon="11.026840">
        <ele>230.798720</ele>
        <time>2026-08-15T14:43:27.999Z</time>
      </trkpt>
      <trkpt lat="51.740232" lon="11.026803">
        <ele>227.374814</ele>
        <time>2026-08-15T14:43:30.999Z</time>
      </trkpt>
      <trkpt lat="51.740339" lon="11.026766">
        <ele>223.920043</ele>
        <time>2026-08-15T14:43:33.999Z</time>
      </trkpt>
      <trkpt lat="51.740435" lon="11.026734">
        <ele>220.825248</ele>
        <time>2026-08-15T14:43:36.999Z</time>
      </trkpt>
      <trkpt lat="51.740537" lon="11.026705">
        <ele>217.555386</ele>
        <time>2026-08-15T14:43:39.999Z</time>
      </trkpt>
      <trkpt lat="51.740638" lon="11.026670">
        <ele>214.294035</ele>
        <time>2026-08-15T14:43:42.999Z</time>
      </trkpt>
      <trkpt lat="51.740740" lon="11.026633">
        <ele>210.993460</ele>
        <time>2026-08-15T14:43:45.999Z</time>
      </trkpt>
      <trkpt lat="51.740842" lon="11.026598">
        <ele>207.701234</ele>
        <time>2026-08-15T14:43:48.999Z</time>
      </trkpt>
      <trkpt lat="51.740944" lon="11.026564">
        <ele>204.413016</ele>
        <time>2026-08-15T14:43:51.999Z</time>
      </trkpt>
      <trkpt lat="51.741046" lon="11.026526">
        <ele>201.108102</ele>
        <time>2026-08-15T14:43:54.999Z</time>
      </trkpt>
      <trkpt lat="51.741152" lon="11.026494">
        <ele>197.703509</ele>
        <time>2026-08-15T14:43:57.999Z</time>
      </trkpt>
      <trkpt lat="51.741252" lon="11.026438">
        <ele>194.361890</ele>
        <time>2026-08-15T14:44:00.999Z</time>
      </trkpt>
      <trkpt lat="51.741357" lon="11.026404">
        <ele>190.980858</ele>
        <time>2026-08-15T14:44:04.999Z</time>
      </trkpt>
      <trkpt lat="51.741460" lon="11.026444">
        <ele>187.636250</ele>
        <time>2026-08-15T14:44:25.999Z</time>
      </trkpt>
      <trkpt lat="51.741367" lon="11.026430">
        <ele>185.501127</ele>
        <time>2026-08-15T14:45:07.075Z</time>
      </trkpt>
      <trkpt lat="51.741422" lon="11.026186">
        <ele>185.118822</ele>
        <time>2026-08-15T14:45:15.074Z</time>
      </trkpt>
      <trkpt lat="51.741395" lon="11.026340">
        <ele>184.883174</ele>
        <time>2026-08-15T14:45:16.074Z</time>
      </trkpt>
      <trkpt lat="51.741731" lon="11.026364">
        <ele>184.083484</ele>
        <time>2026-08-15T14:49:08.999Z</time>
      </trkpt>
      <trkpt lat="51.741795" lon="11.026469">
        <ele>183.866562</ele>
        <time>2026-08-15T14:49:18.999Z</time>
      </trkpt>
      <trkpt lat="51.741889" lon="11.026503">
        <ele>183.637521</ele>
        <time>2026-08-15T14:49:28.999Z</time>
      </trkpt>
      <trkpt lat="51.741979" lon="11.026516">
        <ele>183.422673</ele>
        <time>2026-08-15T14:49:36.999Z</time>
      </trkpt>
      <trkpt lat="51.742082" lon="11.026498">
        <ele>183.176339</ele>
        <time>2026-08-15T14:49:47.999Z</time>
      </trkpt>
      <trkpt lat="51.742174" lon="11.026478">
        <ele>182.955618</ele>
        <time>2026-08-15T14:49:56.999Z</time>
      </trkpt>
      <trkpt lat="51.742270" lon="11.026451">
        <ele>182.723922</ele>
        <time>2026-08-15T14:50:05.999Z</time>
      </trkpt>
      <trkpt lat="51.742366" lon="11.026422">
        <ele>182.491704</ele>
        <time>2026-08-15T14:50:14.999Z</time>
      </trkpt>
      <trkpt lat="51.742470" lon="11.026415">
        <ele>182.244207</ele>
        <time>2026-08-15T14:50:22.999Z</time>
      </trkpt>
      <trkpt lat="51.742563" lon="11.026393">
        <ele>182.020721</ele>
        <time>2026-08-15T14:50:31.999Z</time>
      </trkpt>
      <trkpt lat="51.742660" lon="11.026351">
        <ele>181.781938</ele>
        <time>2026-08-15T14:50:40.999Z</time>
      </trkpt>
      <trkpt lat="51.742751" lon="11.026318">
        <ele>181.560179</ele>
        <time>2026-08-15T14:50:48.999Z</time>
      </trkpt>
      <trkpt lat="51.742843" lon="11.026338">
        <ele>181.339458</ele>
        <time>2026-08-15T14:50:56.999Z</time>
      </trkpt>
      <trkpt lat="51.742944" lon="11.026353">
        <ele>181.112898</ele>
        <time>2026-08-15T14:51:05.999Z</time>
      </trkpt>
      <trkpt lat="51.743039" lon="11.026352">
        <ele>180.904150</ele>
        <time>2026-08-15T14:51:14.999Z</time>
      </trkpt>
      <trkpt lat="51.743137" lon="11.026331">
        <ele>180.686926</ele>
        <time>2026-08-15T14:51:23.999Z</time>
      </trkpt>
      <trkpt lat="51.743232" lon="11.026337">
        <ele>180.478022</ele>
        <time>2026-08-15T14:51:30.999Z</time>
      </trkpt>
      <trkpt lat="51.743328" lon="11.026323">
        <ele>180.266223</ele>
        <time>2026-08-15T14:51:38.999Z</time>
      </trkpt>
      <trkpt lat="51.743421" lon="11.026294">
        <ele>180.058099</ele>
        <time>2026-08-15T14:51:46.999Z</time>
      </trkpt>
      <trkpt lat="51.743510" lon="11.026269">
        <ele>179.859602</ele>
        <time>2026-08-15T14:51:53.999Z</time>
      </trkpt>
      <trkpt lat="51.743599" lon="11.026230">
        <ele>179.656971</ele>
        <time>2026-08-15T14:52:02.999Z</time>
      </trkpt>
      <trkpt lat="51.743685" lon="11.026169">
        <ele>179.450581</ele>
        <time>2026-08-15T14:52:10.999Z</time>
      </trkpt>
      <trkpt lat="51.743772" lon="11.026115">
        <ele>179.245784</ele>
        <time>2026-08-15T14:52:18.999Z</time>
      </trkpt>
      <trkpt lat="51.743857" lon="11.026048">
        <ele>179.037955</ele>
        <time>2026-08-15T14:52:27.999Z</time>
      </trkpt>
      <trkpt lat="51.743946" lon="11.025989">
        <ele>178.826561</ele>
        <time>2026-08-15T14:52:36.999Z</time>
      </trkpt>
      <trkpt lat="51.744027" lon="11.025909">
        <ele>178.617937</ele>
        <time>2026-08-15T14:52:45.999Z</time>
      </trkpt>
      <trkpt lat="51.744117" lon="11.025900">
        <ele>178.419801</ele>
        <time>2026-08-15T14:53:16.999Z</time>
      </trkpt>
      <trkpt lat="51.744211" lon="11.025867">
        <ele>178.208430</ele>
        <time>2026-08-15T14:53:31.999Z</time>
      </trkpt>
      <trkpt lat="51.744302" lon="11.025810">
        <ele>177.993964</ele>
        <time>2026-08-15T14:53:40.999Z</time>
      </trkpt>
      <trkpt lat="51.744392" lon="11.025772">
        <ele>177.789560</ele>
        <time>2026-08-15T14:53:49.999Z</time>
      </trkpt>
      <trkpt lat="51.744465" lon="11.025674">
        <ele>177.580979</ele>
        <time>2026-08-15T14:54:01.999Z</time>
      </trkpt>
      <trkpt lat="51.744494" lon="11.025524">
        <ele>177.367186</ele>
        <time>2026-08-15T14:54:07.999Z</time>
      </trkpt>
      <trkpt lat="51.744559" lon="11.025409">
        <ele>177.230317</ele>
        <time>2026-08-15T14:54:15.999Z</time>
      </trkpt>
      <trkpt lat="51.744637" lon="11.025329">
        <ele>177.110358</ele>
        <time>2026-08-15T14:54:24.999Z</time>
      </trkpt>
      <trkpt lat="51.744731" lon="11.025298">
        <ele>176.985802</ele>
        <time>2026-08-15T14:54:32.999Z</time>
      </trkpt>
      <trkpt lat="51.744828" lon="11.025269">
        <ele>176.857730</ele>
        <time>2026-08-15T14:54:41.999Z</time>
      </trkpt>
      <trkpt lat="51.744927" lon="11.025253">
        <ele>176.728559</ele>
        <time>2026-08-15T14:54:49.999Z</time>
      </trkpt>
      <trkpt lat="51.745023" lon="11.025209">
        <ele>176.599004</ele>
        <time>2026-08-15T14:54:57.999Z</time>
      </trkpt>
      <trkpt lat="51.745120" lon="11.025186">
        <ele>176.471722</ele>
        <time>2026-08-15T14:55:05.999Z</time>
      </trkpt>
      <trkpt lat="51.745209" lon="11.025152">
        <ele>176.352987</ele>
        <time>2026-08-15T14:55:14.999Z</time>
      </trkpt>
      <trkpt lat="51.745306" lon="11.025123">
        <ele>176.224915</ele>
        <time>2026-08-15T14:55:23.999Z</time>
      </trkpt>
      <trkpt lat="51.745397" lon="11.025073">
        <ele>176.100123</ele>
        <time>2026-08-15T14:55:31.999Z</time>
      </trkpt>
      <trkpt lat="51.745494" lon="11.025056">
        <ele>175.973452</ele>
        <time>2026-08-15T14:55:39.999Z</time>
      </trkpt>
      <trkpt lat="51.745584" lon="11.025092">
        <ele>175.853077</ele>
        <time>2026-08-15T14:55:49.999Z</time>
      </trkpt>
      <trkpt lat="51.745687" lon="11.025075">
        <ele>175.718659</ele>
        <time>2026-08-15T14:55:58.999Z</time>
      </trkpt>
      <trkpt lat="51.745786" lon="11.025061">
        <ele>175.589638</ele>
        <time>2026-08-15T14:56:06.999Z</time>
      </trkpt>
      <trkpt lat="51.745877" lon="11.025082">
        <ele>175.470295</ele>
        <time>2026-08-15T14:56:15.999Z</time>
      </trkpt>
      <trkpt lat="51.745966" lon="11.025116">
        <ele>175.351561</ele>
        <time>2026-08-15T14:56:24.999Z</time>
      </trkpt>
      <trkpt lat="51.746029" lon="11.025240">
        <ele>175.222624</ele>
        <time>2026-08-15T14:56:35.999Z</time>
      </trkpt>
      <trkpt lat="51.746060" lon="11.025379">
        <ele>175.103865</ele>
        <time>2026-08-15T14:56:41.999Z</time>
      </trkpt>
      <trkpt lat="51.746091" lon="11.025528">
        <ele>175.003459</ele>
        <time>2026-08-15T14:56:50.999Z</time>
      </trkpt>
      <trkpt lat="51.746132" lon="11.025670">
        <ele>175.003459</ele>
        <time>2026-08-15T14:56:59.999Z</time>
      </trkpt>
      <trkpt lat="51.746152" lon="11.025812">
        <ele>175.003459</ele>
        <time>2026-08-15T14:57:07.999Z</time>
      </trkpt>
      <trkpt lat="51.746152" lon="11.025984">
        <ele>175.003459</ele>
        <time>2026-08-15T14:57:16.999Z</time>
      </trkpt>
      <trkpt lat="51.746171" lon="11.026137">
        <ele>175.003459</ele>
        <time>2026-08-15T14:57:25.999Z</time>
      </trkpt>
      <trkpt lat="51.746164" lon="11.026286">
        <ele>175.003459</ele>
        <time>2026-08-15T14:57:33.999Z</time>
      </trkpt>
      <trkpt lat="51.746156" lon="11.026446">
        <ele>175.003459</ele>
        <time>2026-08-15T14:57:41.999Z</time>
      </trkpt>
      <trkpt lat="51.746242" lon="11.026494">
        <ele>175.003459</ele>
        <time>2026-08-15T14:57:49.999Z</time>
      </trkpt>
      <trkpt lat="51.746278" lon="11.026645">
        <ele>175.003459</ele>
        <time>2026-08-15T14:57:57.999Z</time>
      </trkpt>
      <trkpt lat="51.746278" lon="11.026802">
        <ele>175.003459</ele>
        <time>2026-08-15T14:58:01.999Z</time>
      </trkpt>
      <trkpt lat="51.746341" lon="11.026927">
        <ele>175.003459</ele>
        <time>2026-08-15T14:58:10.999Z</time>
      </trkpt>
      <trkpt lat="51.746356" lon="11.027089">
        <ele>175.003459</ele>
        <time>2026-08-15T14:58:18.999Z</time>
      </trkpt>
      <trkpt lat="51.746325" lon="11.027229">
        <ele>175.003459</ele>
        <time>2026-08-15T14:58:27.999Z</time>
      </trkpt>
      <trkpt lat="51.746325" lon="11.027390">
        <ele>175.003459</ele>
        <time>2026-08-15T14:58:35.999Z</time>
      </trkpt>
      <trkpt lat="51.746320" lon="11.027541">
        <ele>175.003459</ele>
        <time>2026-08-15T14:58:47.999Z</time>
      </trkpt>
      <trkpt lat="51.746319" lon="11.027698">
        <ele>175.003459</ele>
        <time>2026-08-15T14:58:59.999Z</time>
      </trkpt>
    </trkseg>
  </trk>
</gpx>
